
=== T1JoystickFlatTerrain  2026-08-06T21:34:57+05:30  GPU 59C ===
wandb: [wandb.login()] Loaded credentials for https://api.wandb.ai from /home/keyu/.netrc.
wandb: W&B API key is configured. Use `wandb login --relogin` to force relogin
wandb: WARNING Using a boolean value for 'reinit' is deprecated. Use 'return_previous' or 'finish_previous' instead.
wandb: setting up run ofqnni0v
wandb: Tracking run with wandb version 0.28.1
wandb: Run data is saved locally in /home/keyu/Downloads/Biped-Locomotion-via-RL/wandb/run-20260806_213508-ofqnni0v
wandb: Run `wandb offline` to turn off syncing.
wandb: Syncing run divergence_T1JoystickFlatTerrain
wandb: ⭐️ View project at https://wandb.ai/jaiswalkhushi2911-coep-technological-university-/biped-sim2sim
wandb: 🚀 View run at https://wandb.ai/jaiswalkhushi2911-coep-technological-university-/biped-sim2sim/runs/ofqnni0v
[wandb] logging to https://wandb.ai/jaiswalkhushi2911-coep-technological-university-/biped-sim2sim/runs/ofqnni0v
[load] T1JoystickFlatTerrain
Warp 1.15.0 initialized:
   CUDA Toolkit 12.9, Driver 13.0
   Devices:
     "cpu"      : "x86_64"
     "cuda:0"   : "NVIDIA GeForce RTX 3050 4GB Laptop GPU" (4 GiB, sm_86, mempool enabled)
   Kernel cache:
     /home/keyu/.cache/warp/1.15.0
[model] nq=30 nv=29 nu=23 dt=0.002 solver=2 iters=3 cone=0
[plan] duration=1.0s -> 500 baseline steps
[1/14] baseline ...
Module mujoco.mjx.warp.ffi 7a22eb4 load on device 'cuda:0' took 1.38 ms  (cached)
Module mujoco.mjx.third_party.mujoco_warp._src.smooth 47158eb load on device 'cuda:0' took 7.97 ms  (cached)
Module _nxn_broadphase__locals__kernel_7c49670b 7c49670 load on device 'cuda:0' took 1.09 ms  (cached)
Module ccd_kernel_builder__locals__ccd_kernel_e2bfbf76 e2bfbf7 load on device 'cuda:0' took 3.74 ms  (cached)
Module ccd_kernel_builder__locals__ccd_kernel_e2bfbf76 1a1ec09 load on device 'cuda:0' took 3.71 ms  (cached)
Module _primitive_narrowphase__locals__primitive_narrowphase_e4de7519 e4de751 load on device 'cuda:0' took 1.28 ms  (cached)
Module mujoco.mjx.third_party.mujoco_warp._src.constraint 36c8060 load on device 'cuda:0' took 0.78 ms  (cached)
Module _friction_dof__locals__kernel_88836a0e 88836a0 load on device 'cuda:0' took 1.37 ms  (cached)
Module _limit_slide_hinge__locals__kernel_cfd8e9a4 cfd8e9a load on device 'cuda:0' took 0.84 ms  (cached)
Module _efc_contact_init__locals__kernel_9628e96c 9628e96 load on device 'cuda:0' took 0.78 ms  (cached)
Module _efc_contact_jac_dense__locals__kernel_3b922c03 8e18e6b load on device 'cuda:0' took 0.88 ms  (cached)
Module _efc_contact_update__locals__kernel_a9f93c23 a9f93c2 load on device 'cuda:0' took 0.79 ms  (cached)
Module mujoco.mjx.third_party.mujoco_warp._src.sensor de892d8 load on device 'cuda:0' took 4.09 ms  (cached)
Module mujoco.mjx.third_party.mujoco_warp._src.forward 81c85c8 load on device 'cuda:0' took 2.09 ms  (cached)
Module mujoco.mjx.third_party.mujoco_warp._src.passive efc109c load on device 'cuda:0' took 1.92 ms  (cached)
Module mujoco.mjx.third_party.mujoco_warp._src.forward fc5c4e4 load on device 'cuda:0' took 1.84 ms  (cached)
Module _qfrc_smooth__locals__kernel_f1330af6 f1330af load on device 'cuda:0' took 0.68 ms  (cached)
Module mujoco.mjx.third_party.mujoco_warp._src.support ca784c5 load on device 'cuda:0' took 0.76 ms  (cached)
Module _tile_cholesky_factorize_solve_block__locals__kernel_2e35702e 0b1bec0 load on device 'cuda:0' took 27.62 ms  (cached)
Module mujoco.mjx.third_party.mujoco_warp._src.solver 4a1f2fb load on device 'cuda:0' took 7.12 ms  (cached)
Module _solve_init_jaref_kernel__locals__kernel_a833742b a833742 load on device 'cuda:0' took 1.54 ms  (cached)
Module mul_m_kernel__locals___mul_m_dc7994af dc7994a load on device 'cuda:0' took 1.37 ms  (cached)
Module _update_constraint_efc__locals__kernel_03323b94 03323b9 load on device 'cuda:0' took 1.29 ms  (cached)
Module _update_constraint_init_qfrc_constraint_dense__locals__kernel_ac49ec68 ac49ec6 load on device 'cuda:0' took 1.19 ms  (cached)
Module _update_gradient_zero_grad_dot__locals__kernel_7cb4d020 7cb4d02 load on device 'cuda:0' took 1.44 ms  (cached)
Module _update_gradient_grad__locals__kernel_d86449f3 d86449f load on device 'cuda:0' took 1.54 ms  (cached)
Module _update_gradient_JTDAJ_dense_tiled__locals__kernel_ce20bbe9 d84bb02 load on device 'cuda:0' took 2.54 ms  (cached)
Module _update_gradient_cholesky__locals__kernel_99b06433 44c3919 load on device 'cuda:0' took 33.47 ms  (cached)
Module _linesearch_iterative_kernel__locals__kernel_980b5bd9 194ed26 load on device 'cuda:0' took 1.61 ms  (cached)
Module _update_constraint_efc__locals__kernel_15adf655 15adf65 load on device 'cuda:0' took 1.06 ms  (cached)
Module _update_constraint_init_qfrc_constraint_dense__locals__kernel_fe3ad948 fe3ad94 load on device 'cuda:0' took 0.99 ms  (cached)
Module _update_gradient_zero_grad_dot__locals__kernel_b5db5058 b5db505 load on device 'cuda:0' took 0.68 ms  (cached)
Module _update_gradient_grad__locals__kernel_d814f8c9 d814f8c load on device 'cuda:0' took 0.68 ms  (cached)
Module _update_gradient_cholesky__locals__kernel_2d19e3b5 6b101e4 load on device 'cuda:0' took 32.78 ms  (cached)
Module _solve_zero_search_dot__locals__kernel_1643cbe8 1643cbe load on device 'cuda:0' took 1.72 ms  (cached)
Module _solve_search_update__locals__kernel_d3efa558 d3efa55 load on device 'cuda:0' took 1.39 ms  (cached)
Module _contact_sort__locals__contact_sort_cf9c4d37 76a2477 load on device 'cuda:0' took 1.08 ms  (cached)
Module _next_time_builder__locals___next_time_eb151a48 eb151a4 load on device 'cuda:0' took 0.98 ms  (cached)
    c|jax      base_pos=9.480e-04+-7.1e-04  base_rot=2.136e-03+-1.5e-03  (n=10)
    c|warp     base_pos=9.272e-04+-6.9e-04  base_rot=2.255e-03+-1.5e-03  (n=10)
    jax|warp   base_pos=3.915e-04+-1.7e-04  base_rot=9.038e-04+-3.4e-04  (n=10)
[2/14] iterations=10 ...
    c|jax      base_pos=1.372e-04+-1.5e-05  base_rot=3.754e-04+-4.8e-05  (n=10)
    c|warp     base_pos=6.012e-05+-2.3e-05  base_rot=2.133e-04+-1.2e-04  (n=10)
    jax|warp   base_pos=1.488e-04+-1.4e-05  base_rot=4.538e-04+-8.6e-05  (n=10)
[3/14] iterations=50 ...
    c|jax      base_pos=1.372e-04+-1.5e-05  base_rot=3.754e-04+-4.8e-05  (n=10)
    c|warp     base_pos=6.014e-05+-2.3e-05  base_rot=2.133e-04+-1.2e-04  (n=10)
    jax|warp   base_pos=1.488e-04+-1.4e-05  base_rot=4.537e-04+-8.6e-05  (n=10)
[4/14] iterations=100 ...
    c|jax      base_pos=1.372e-04+-1.5e-05  base_rot=3.754e-04+-4.8e-05  (n=10)
    c|warp     base_pos=6.014e-05+-2.3e-05  base_rot=2.133e-04+-1.2e-04  (n=10)
    jax|warp   base_pos=1.488e-04+-1.4e-05  base_rot=4.537e-04+-8.6e-05  (n=10)
[5/14] ls_iterations=20 ...
Module _linesearch_iterative_kernel__locals__kernel_052c77d4 6f1406e load on device 'cuda:0' took 1035.86 ms  (compiled)
    c|jax      base_pos=3.221e-04+-1.1e-04  base_rot=7.489e-04+-1.6e-04  (n=10)
    c|warp     base_pos=3.421e-04+-1.8e-04  base_rot=8.501e-04+-3.7e-04  (n=10)
    jax|warp   base_pos=3.569e-04+-1.1e-04  base_rot=9.334e-04+-3.1e-04  (n=10)
[6/14] cone=1 ...
Module _efc_contact_init__locals__kernel_2cc75266 2cc7526 load on device 'cuda:0' took 356.40 ms  (compiled)
Module _efc_contact_jac_dense__locals__kernel_e2575c4e 97b6082 load on device 'cuda:0' took 374.71 ms  (compiled)
Module _efc_contact_update__locals__kernel_3a72c71f 3a72c71 load on device 'cuda:0' took 65.86 ms  (cached)
Module _linesearch_iterative_kernel__locals__kernel_a443389c 24478a0 load on device 'cuda:0' took 1344.53 ms  (compiled)
Module _solve_zero_search_dot__locals__kernel_bc23b2f3 bc23b2f load on device 'cuda:0' took 19.18 ms  (cached)
Module _solve_search_update__locals__kernel_b23eb7e4 b23eb7e load on device 'cuda:0' took 24.24 ms  (cached)
    c|jax      base_pos=3.246e-04+-7.3e-05  base_rot=8.247e-04+-1.8e-04  (n=10)
    c|warp     base_pos=1.703e-04+-6.4e-05  base_rot=4.146e-04+-1.6e-04  (n=10)
    jax|warp   base_pos=2.753e-04+-2.4e-05  base_rot=6.929e-04+-5.4e-05  (n=10)
[7/14] timestep=0.001 ...
    c|jax      base_pos=4.799e-04+-2.1e-04  base_rot=1.244e-03+-4.3e-04  (n=10)
    c|warp     base_pos=3.403e-04+-2.5e-04  base_rot=8.915e-04+-5.4e-04  (n=10)
    jax|warp   base_pos=2.777e-04+-1.1e-05  base_rot=7.343e-04+-7.9e-05  (n=10)
[8/14] timestep=0.004 ...
    c|jax      base_pos=2.260e-03+-1.7e-03  base_rot=5.091e-03+-3.6e-03  (n=10)
    c|warp     base_pos=2.525e-03+-1.7e-03  base_rot=5.753e-03+-3.6e-03  (n=10)
    jax|warp   base_pos=5.171e-04+-2.1e-04  base_rot=1.185e-03+-4.7e-04  (n=10)
[9/14] friction_scale=0.5 ...
    c|jax      base_pos=1.379e-03+-3.6e-04  base_rot=3.674e-03+-9.8e-04  (n=10)
    c|warp     base_pos=1.682e-03+-3.1e-04  base_rot=4.318e-03+-9.8e-04  (n=10)
    jax|warp   base_pos=9.934e-04+-1.5e-04  base_rot=2.124e-03+-4.8e-04  (n=10)
[10/14] friction_scale=2.0 ...
    c|jax      base_pos=2.781e-04+-1.9e-05  base_rot=7.344e-04+-5.0e-05  (n=10)
    c|warp     base_pos=9.097e-05+-4.2e-05  base_rot=2.133e-04+-1.1e-04  (n=10)
    jax|warp   base_pos=2.872e-04+-1.3e-05  base_rot=8.141e-04+-4.5e-05  (n=10)
[11/14] solref_scale=0.5 ...
    c|jax      base_pos=1.667e-03+-3.4e-04  base_rot=4.311e-03+-8.9e-04  (n=10)
    c|warp     base_pos=1.258e-03+-3.4e-04  base_rot=2.684e-03+-7.2e-04  (n=10)
    jax|warp   base_pos=1.043e-03+-3.3e-04  base_rot=2.578e-03+-7.1e-04  (n=10)
[12/14] solref_scale=2.0 ...
    c|jax      base_pos=2.236e-04+-1.2e-04  base_rot=4.070e-04+-1.6e-04  (n=10)
    c|warp     base_pos=3.415e-04+-1.8e-04  base_rot=6.312e-04+-3.0e-04  (n=10)
    jax|warp   base_pos=2.394e-04+-1.4e-04  base_rot=5.354e-04+-2.9e-04  (n=10)
[13/14] armature_scale=0.5 ...
    c|jax      base_pos=4.675e-04+-1.1e-04  base_rot=1.122e-03+-3.6e-04  (n=10)
    c|warp     base_pos=4.505e-04+-1.7e-04  base_rot=8.243e-04+-3.1e-04  (n=10)
    jax|warp   base_pos=5.743e-04+-1.7e-04  base_rot=1.519e-03+-4.0e-04  (n=10)
[14/14] armature_scale=2.0 ...
    c|jax      base_pos=4.691e-04+-3.1e-04  base_rot=1.148e-03+-6.6e-04  (n=10)
    c|warp     base_pos=4.190e-04+-3.2e-04  base_rot=1.036e-03+-6.7e-04  (n=10)
    jax|warp   base_pos=1.253e-04+-2.8e-05  base_rot=6.246e-04+-2.8e-04  (n=10)
[saved] /home/keyu/Downloads/Biped-Locomotion-via-RL/results/divergence_T1JoystickFlatTerrain.json
[saved] /home/keyu/Downloads/Biped-Locomotion-via-RL/results/traj_T1JoystickFlatTerrain.npz
wandb: updating run metadata
wandb: uploading output.log; uploading wandb-summary.json; uploading config.yaml
wandb: uploading output.log; uploading wandb-summary.json
wandb: uploading summary, console lines 109-113
wandb: 
wandb: Run summary:
wandb:       armature_scale=0.5/c|jax/base_pos_err_m 0.00047
wandb:   armature_scale=0.5/c|jax/base_pos_err_m_sem 0.00011
wandb:     armature_scale=0.5/c|jax/base_rot_err_rad 0.00112
wandb: armature_scale=0.5/c|jax/base_rot_err_rad_sem 0.00036
wandb:       armature_scale=0.5/c|jax/joint_rmse_rad 0.00072
wandb:   armature_scale=0.5/c|jax/joint_rmse_rad_sem 0.00027
wandb:            armature_scale=0.5/c|jax/qvel_rmse 0.03593
wandb:        armature_scale=0.5/c|jax/qvel_rmse_sem 0.01717
wandb:      armature_scale=0.5/c|warp/base_pos_err_m 0.00045
wandb:  armature_scale=0.5/c|warp/base_pos_err_m_sem 0.00017
wandb:                                          +326 ...
wandb: 
wandb: 🚀 View run divergence_T1JoystickFlatTerrain at: https://wandb.ai/jaiswalkhushi2911-coep-technological-university-/biped-sim2sim/runs/ofqnni0v
wandb: ⭐️ View project at: https://wandb.ai/jaiswalkhushi2911-coep-technological-university-/biped-sim2sim
wandb: Synced 5 W&B file(s), 0 media file(s), 0 artifact file(s) and 0 other file(s)
wandb: Find logs at: ./wandb/run-20260806_213508-ofqnni0v/logs
[cooldown] 120s

=== BerkeleyHumanoidJoystickFlatTerrain  2026-08-06T22:25:47+05:30  GPU 53C ===
wandb: [wandb.login()] Loaded credentials for https://api.wandb.ai from /home/keyu/.netrc.
wandb: Currently logged in as: jaiswalkhushi2911 (jaiswalkhushi2911-coep-technological-university-) to https://api.wandb.ai. Use `wandb login --relogin` to force relogin
wandb: WARNING Using a boolean value for 'reinit' is deprecated. Use 'return_previous' or 'finish_previous' instead.
wandb: setting up run 7pz65fba
wandb: Tracking run with wandb version 0.28.1
wandb: Run data is saved locally in /home/keyu/Downloads/Biped-Locomotion-via-RL/wandb/run-20260806_222550-7pz65fba
wandb: Run `wandb offline` to turn off syncing.
wandb: Syncing run divergence_BerkeleyHumanoidJoystickFlatTerrain
wandb: ⭐️ View project at https://wandb.ai/jaiswalkhushi2911-coep-technological-university-/biped-sim2sim
wandb: 🚀 View run at https://wandb.ai/jaiswalkhushi2911-coep-technological-university-/biped-sim2sim/runs/7pz65fba
[wandb] logging to https://wandb.ai/jaiswalkhushi2911-coep-technological-university-/biped-sim2sim/runs/7pz65fba
[load] BerkeleyHumanoidJoystickFlatTerrain
Warp 1.15.0 initialized:
   CUDA Toolkit 12.9, Driver 13.0
   Devices:
     "cpu"      : "x86_64"
     "cuda:0"   : "NVIDIA GeForce RTX 3050 4GB Laptop GPU" (4 GiB, sm_86, mempool enabled)
   Kernel cache:
     /home/keyu/.cache/warp/1.15.0
[model] nq=19 nv=18 nu=12 dt=0.002 solver=2 iters=3 cone=0
[plan] duration=1.0s -> 500 baseline steps
[1/14] baseline ...
Module mujoco.mjx.warp.ffi 7a22eb4 load on device 'cuda:0' took 2.89 ms  (cached)
Module mujoco.mjx.third_party.mujoco_warp._src.smooth 47158eb load on device 'cuda:0' took 7.12 ms  (cached)
Module _nxn_broadphase__locals__kernel_7c49670b 7c49670 load on device 'cuda:0' took 1.01 ms  (cached)
Module ccd_kernel_builder__locals__ccd_kernel_7478614f 7478614 load on device 'cuda:0' took 4.38 ms  (cached)
Module ccd_kernel_builder__locals__ccd_kernel_7478614f 9a07e2c load on device 'cuda:0' took 3.80 ms  (cached)
Module _primitive_narrowphase__locals__primitive_narrowphase_97edbf7e 97edbf7 load on device 'cuda:0' took 161.52 ms  (cached)
Module mujoco.mjx.third_party.mujoco_warp._src.constraint 36c8060 load on device 'cuda:0' took 2.69 ms  (cached)
Module _friction_dof__locals__kernel_88836a0e 88836a0 load on device 'cuda:0' took 1.73 ms  (cached)
Module _limit_slide_hinge__locals__kernel_cfd8e9a4 cfd8e9a load on device 'cuda:0' took 1.21 ms  (cached)
Module _efc_contact_init__locals__kernel_9628e96c 9628e96 load on device 'cuda:0' took 1.27 ms  (cached)
Module _efc_contact_jac_dense__locals__kernel_3b922c03 8e18e6b load on device 'cuda:0' took 1.04 ms  (cached)
Module _efc_contact_update__locals__kernel_a9f93c23 a9f93c2 load on device 'cuda:0' took 0.89 ms  (cached)
Module mujoco.mjx.third_party.mujoco_warp._src.sensor de892d8 load on device 'cuda:0' took 3.87 ms  (cached)
Module mujoco.mjx.third_party.mujoco_warp._src.forward 81c85c8 load on device 'cuda:0' took 1.96 ms  (cached)
Module mujoco.mjx.third_party.mujoco_warp._src.passive efc109c load on device 'cuda:0' took 1.94 ms  (cached)
Module mujoco.mjx.third_party.mujoco_warp._src.forward fc5c4e4 load on device 'cuda:0' took 1.95 ms  (cached)
Module _qfrc_smooth__locals__kernel_f1330af6 f1330af load on device 'cuda:0' took 0.78 ms  (cached)
Module mujoco.mjx.third_party.mujoco_warp._src.support ca784c5 load on device 'cuda:0' took 0.88 ms  (cached)
Module _tile_cholesky_factorize_solve_block__locals__kernel_9a0ec4d2 d934ed5 load on device 'cuda:0' took 29.96 ms  (cached)
Module mujoco.mjx.third_party.mujoco_warp._src.solver 4a1f2fb load on device 'cuda:0' took 7.48 ms  (cached)
Module _solve_init_jaref_kernel__locals__kernel_07210282 0721028 load on device 'cuda:0' took 0.88 ms  (cached)
Module mul_m_kernel__locals___mul_m_dc7994af dc7994a load on device 'cuda:0' took 1.04 ms  (cached)
Module _update_constraint_efc__locals__kernel_03323b94 03323b9 load on device 'cuda:0' took 0.88 ms  (cached)
Module _update_constraint_init_qfrc_constraint_dense__locals__kernel_ac49ec68 ac49ec6 load on device 'cuda:0' took 0.84 ms  (cached)
Module _update_gradient_zero_grad_dot__locals__kernel_7cb4d020 7cb4d02 load on device 'cuda:0' took 3.33 ms  (cached)
Module _update_gradient_grad__locals__kernel_d86449f3 d86449f load on device 'cuda:0' took 0.83 ms  (cached)
Module _update_gradient_JTDAJ_dense_tiled__locals__kernel_df732060 0a761e8 load on device 'cuda:0' took 1.30 ms  (cached)
Module _update_gradient_cholesky__locals__kernel_e3f2e22f 7834c13 load on device 'cuda:0' took 30.44 ms  (cached)
Module _linesearch_iterative_kernel__locals__kernel_980b5bd9 194ed26 load on device 'cuda:0' took 1.61 ms  (cached)
Module _update_constraint_efc__locals__kernel_15adf655 15adf65 load on device 'cuda:0' took 0.87 ms  (cached)
Module _update_constraint_init_qfrc_constraint_dense__locals__kernel_fe3ad948 fe3ad94 load on device 'cuda:0' took 0.86 ms  (cached)
Module _update_gradient_zero_grad_dot__locals__kernel_b5db5058 b5db505 load on device 'cuda:0' took 0.72 ms  (cached)
Module _update_gradient_grad__locals__kernel_d814f8c9 d814f8c load on device 'cuda:0' took 0.82 ms  (cached)
Module _update_gradient_cholesky__locals__kernel_98beee63 4900d96 load on device 'cuda:0' took 31.58 ms  (cached)
Module _solve_zero_search_dot__locals__kernel_1643cbe8 1643cbe load on device 'cuda:0' took 2.03 ms  (cached)
Module _solve_search_update__locals__kernel_d3efa558 d3efa55 load on device 'cuda:0' took 0.97 ms  (cached)
Module _contact_sort__locals__contact_sort_cf9c4d37 76a2477 load on device 'cuda:0' took 0.99 ms  (cached)
Module _next_time_builder__locals___next_time_eb151a48 eb151a4 load on device 'cuda:0' took 0.85 ms  (cached)
    c|jax      base_pos=1.064e-02+-3.9e-03  base_rot=1.943e-02+-5.9e-03  (n=10)
    c|warp     base_pos=3.206e-03+-4.6e-04  base_rot=1.168e-02+-1.9e-03  (n=10)
    jax|warp   base_pos=1.049e-02+-3.8e-03  base_rot=2.351e-02+-4.9e-03  (n=10)
[2/14] iterations=10 ...
    c|jax      base_pos=1.087e-02+-3.8e-03  base_rot=2.484e-02+-4.6e-03  (n=10)
    c|warp     base_pos=2.860e-03+-6.8e-04  base_rot=1.234e-02+-3.2e-03  (n=10)
    jax|warp   base_pos=1.097e-02+-3.7e-03  base_rot=2.000e-02+-5.9e-03  (n=10)
[3/14] iterations=50 ...
    c|jax      base_pos=1.087e-02+-3.8e-03  base_rot=2.484e-02+-4.6e-03  (n=10)
    c|warp     base_pos=2.647e-03+-5.7e-04  base_rot=1.274e-02+-3.3e-03  (n=10)
    jax|warp   base_pos=1.087e-02+-3.6e-03  base_rot=1.999e-02+-5.7e-03  (n=10)
[4/14] iterations=100 ...
    c|jax      base_pos=1.087e-02+-3.8e-03  base_rot=2.484e-02+-4.6e-03  (n=10)
    c|warp     base_pos=2.692e-03+-5.2e-04  base_rot=1.173e-02+-3.2e-03  (n=10)
    jax|warp   base_pos=1.076e-02+-3.7e-03  base_rot=1.981e-02+-5.7e-03  (n=10)
[5/14] ls_iterations=20 ...
Module _linesearch_iterative_kernel__locals__kernel_052c77d4 6f1406e load on device 'cuda:0' took 2.99 ms  (cached)
    c|jax      base_pos=1.039e-02+-3.8e-03  base_rot=2.326e-02+-5.6e-03  (n=10)
    c|warp     base_pos=2.064e-03+-4.4e-04  base_rot=1.385e-02+-3.1e-03  (n=10)
    jax|warp   base_pos=9.888e-03+-3.9e-03  base_rot=1.652e-02+-5.5e-03  (n=10)
[6/14] cone=1 ...
Module _efc_contact_init__locals__kernel_2cc75266 2cc7526 load on device 'cuda:0' took 1.67 ms  (cached)
Module _efc_contact_jac_dense__locals__kernel_e2575c4e 97b6082 load on device 'cuda:0' took 1.66 ms  (cached)
Module _efc_contact_update__locals__kernel_3a72c71f 3a72c71 load on device 'cuda:0' took 2.13 ms  (cached)
Module _linesearch_iterative_kernel__locals__kernel_a443389c 24478a0 load on device 'cuda:0' took 2.49 ms  (cached)
Module _solve_zero_search_dot__locals__kernel_bc23b2f3 bc23b2f load on device 'cuda:0' took 1.49 ms  (cached)
Module _solve_search_update__locals__kernel_b23eb7e4 b23eb7e load on device 'cuda:0' took 1.09 ms  (cached)
    c|jax      base_pos=9.992e-03+-4.0e-03  base_rot=1.435e-02+-5.4e-03  (n=10)
    c|warp     base_pos=7.780e-04+-3.1e-04  base_rot=3.772e-03+-8.7e-04  (n=10)
    jax|warp   base_pos=9.724e-03+-4.1e-03  base_rot=1.422e-02+-5.4e-03  (n=10)
[7/14] timestep=0.001 ...
    c|jax      base_pos=1.054e-02+-4.0e-03  base_rot=1.964e-02+-5.8e-03  (n=10)
    c|warp     base_pos=2.284e-03+-4.4e-04  base_rot=1.049e-02+-1.9e-03  (n=10)
    jax|warp   base_pos=1.034e-02+-3.9e-03  base_rot=1.993e-02+-5.2e-03  (n=10)
[8/14] timestep=0.004 ...
    c|jax      base_pos=1.055e-02+-3.6e-03  base_rot=2.057e-02+-4.8e-03  (n=10)
    c|warp     base_pos=2.757e-03+-7.1e-04  base_rot=8.574e-03+-1.6e-03  (n=10)
    jax|warp   base_pos=1.174e-02+-3.5e-03  base_rot=1.949e-02+-5.1e-03  (n=10)
[9/14] friction_scale=0.5 ...
    c|jax      base_pos=1.403e-02+-3.5e-03  base_rot=2.691e-02+-5.4e-03  (n=10)
    c|warp     base_pos=6.113e-03+-9.8e-04  base_rot=1.320e-02+-2.1e-03  (n=10)
    jax|warp   base_pos=1.351e-02+-3.9e-03  base_rot=2.808e-02+-7.2e-03  (n=10)
[10/14] friction_scale=2.0 ...
    c|jax      base_pos=9.938e-03+-3.9e-03  base_rot=1.363e-02+-5.1e-03  (n=10)
    c|warp     base_pos=2.117e-04+-5.5e-05  base_rot=9.390e-04+-1.4e-04  (n=10)
    jax|warp   base_pos=9.956e-03+-3.9e-03  base_rot=1.369e-02+-5.1e-03  (n=10)
[11/14] solref_scale=0.5 ...
    c|jax      base_pos=1.012e-02+-2.7e-03  base_rot=1.643e-02+-3.7e-03  (n=10)
    c|warp     base_pos=1.131e-02+-4.3e-03  base_rot=1.712e-02+-5.9e-03  (n=10)
    jax|warp   base_pos=1.165e-02+-3.8e-03  base_rot=1.709e-02+-5.4e-03  (n=10)
[12/14] solref_scale=2.0 ...
    c|jax      base_pos=3.473e-02+-1.1e-02  base_rot=6.382e-02+-1.6e-02  (n=10)
    c|warp     base_pos=2.570e-03+-6.0e-04  base_rot=1.504e-02+-3.2e-03  (n=10)
    jax|warp   base_pos=3.473e-02+-1.1e-02  base_rot=6.000e-02+-1.7e-02  (n=10)
[13/14] armature_scale=0.5 ...
    c|jax      base_pos=1.105e-02+-3.8e-03  base_rot=2.314e-02+-4.8e-03  (n=10)
    c|warp     base_pos=2.475e-03+-5.6e-04  base_rot=7.138e-03+-1.3e-03  (n=10)
    jax|warp   base_pos=1.108e-02+-4.1e-03  base_rot=2.254e-02+-5.4e-03  (n=10)
[14/14] armature_scale=2.0 ...
    c|jax      base_pos=1.115e-02+-4.1e-03  base_rot=2.015e-02+-5.4e-03  (n=10)
    c|warp     base_pos=1.464e-03+-2.7e-04  base_rot=8.031e-03+-1.6e-03  (n=10)
    jax|warp   base_pos=1.155e-02+-4.0e-03  base_rot=2.197e-02+-5.4e-03  (n=10)
[saved] /home/keyu/Downloads/Biped-Locomotion-via-RL/results/divergence_BerkeleyHumanoidJoystickFlatTerrain.json
[saved] /home/keyu/Downloads/Biped-Locomotion-via-RL/results/traj_BerkeleyHumanoidJoystickFlatTerrain.npz
wandb: updating run metadata
wandb: uploading config.yaml; uploading output.log; uploading wandb-summary.json
wandb: uploading config.yaml; uploading wandb-summary.json
wandb: uploading summary, console lines 109-113
wandb: 
wandb: Run summary:
wandb:       armature_scale=0.5/c|jax/base_pos_err_m 0.01105
wandb:   armature_scale=0.5/c|jax/base_pos_err_m_sem 0.00383
wandb:     armature_scale=0.5/c|jax/base_rot_err_rad 0.02314
wandb: armature_scale=0.5/c|jax/base_rot_err_rad_sem 0.00477
wandb:       armature_scale=0.5/c|jax/joint_rmse_rad 0.01003
wandb:   armature_scale=0.5/c|jax/joint_rmse_rad_sem 0.00177
wandb:            armature_scale=0.5/c|jax/qvel_rmse 0.1501
wandb:        armature_scale=0.5/c|jax/qvel_rmse_sem 0.0281
wandb:      armature_scale=0.5/c|warp/base_pos_err_m 0.00247
wandb:  armature_scale=0.5/c|warp/base_pos_err_m_sem 0.00056
wandb:                                          +326 ...
wandb: 
wandb: 🚀 View run divergence_BerkeleyHumanoidJoystickFlatTerrain at: https://wandb.ai/jaiswalkhushi2911-coep-technological-university-/biped-sim2sim/runs/7pz65fba
wandb: ⭐️ View project at: https://wandb.ai/jaiswalkhushi2911-coep-technological-university-/biped-sim2sim
wandb: Synced 5 W&B file(s), 0 media file(s), 0 artifact file(s) and 0 other file(s)
wandb: Find logs at: ./wandb/run-20260806_222550-7pz65fba/logs
[cooldown] 120s

=== Op3Joystick  2026-08-06T23:33:00+05:30  GPU 56C ===
wandb: [wandb.login()] Loaded credentials for https://api.wandb.ai from /home/keyu/.netrc.
wandb: Currently logged in as: jaiswalkhushi2911 (jaiswalkhushi2911-coep-technological-university-) to https://api.wandb.ai. Use `wandb login --relogin` to force relogin
wandb: WARNING Using a boolean value for 'reinit' is deprecated. Use 'return_previous' or 'finish_previous' instead.
wandb: setting up run xpg0oyku
wandb: Tracking run with wandb version 0.28.1
wandb: Run data is saved locally in /home/keyu/Downloads/Biped-Locomotion-via-RL/wandb/run-20260806_233305-xpg0oyku
wandb: Run `wandb offline` to turn off syncing.
wandb: Syncing run divergence_Op3Joystick
wandb: ⭐️ View project at https://wandb.ai/jaiswalkhushi2911-coep-technological-university-/biped-sim2sim
wandb: 🚀 View run at https://wandb.ai/jaiswalkhushi2911-coep-technological-university-/biped-sim2sim/runs/xpg0oyku
[wandb] logging to https://wandb.ai/jaiswalkhushi2911-coep-technological-university-/biped-sim2sim/runs/xpg0oyku
[load] Op3Joystick
Warp 1.15.0 initialized:
   CUDA Toolkit 12.9, Driver 13.0
   Devices:
     "cpu"      : "x86_64"
     "cuda:0"   : "NVIDIA GeForce RTX 3050 4GB Laptop GPU" (4 GiB, sm_86, mempool enabled)
   Kernel cache:
     /home/keyu/.cache/warp/1.15.0
[model] nq=27 nv=26 nu=20 dt=0.004 solver=2 iters=1 cone=0
[plan] duration=1.0s -> 250 baseline steps
[1/14] baseline ...
Module mujoco.mjx.warp.ffi 7a22eb4 load on device 'cuda:0' took 1.16 ms  (cached)
Module mujoco.mjx.third_party.mujoco_warp._src.smooth 47158eb load on device 'cuda:0' took 8.89 ms  (cached)
Module _nxn_broadphase__locals__kernel_7c49670b 7c49670 load on device 'cuda:0' took 0.84 ms  (cached)
Module ccd_kernel_builder__locals__ccd_kernel_e2bfbf76 e2bfbf7 load on device 'cuda:0' took 4.57 ms  (cached)
Module ccd_kernel_builder__locals__ccd_kernel_e2bfbf76 1a1ec09 load on device 'cuda:0' took 3.92 ms  (cached)
Module _primitive_narrowphase__locals__primitive_narrowphase_97edbf7e 97edbf7 load on device 'cuda:0' took 2.41 ms  (cached)
Module mujoco.mjx.third_party.mujoco_warp._src.constraint 36c8060 load on device 'cuda:0' took 0.89 ms  (cached)
Module _friction_dof__locals__kernel_88836a0e 88836a0 load on device 'cuda:0' took 1.15 ms  (cached)
Module _efc_contact_init__locals__kernel_9628e96c 9628e96 load on device 'cuda:0' took 1.25 ms  (cached)
Module _efc_contact_jac_dense__locals__kernel_3b922c03 8e18e6b load on device 'cuda:0' took 1.32 ms  (cached)
Module _efc_contact_update__locals__kernel_a9f93c23 a9f93c2 load on device 'cuda:0' took 1.40 ms  (cached)
Module mujoco.mjx.third_party.mujoco_warp._src.sensor de892d8 load on device 'cuda:0' took 4.44 ms  (cached)
Module mujoco.mjx.third_party.mujoco_warp._src.forward 81c85c8 load on device 'cuda:0' took 3.24 ms  (cached)
Module mujoco.mjx.third_party.mujoco_warp._src.passive efc109c load on device 'cuda:0' took 3.34 ms  (cached)
Module mujoco.mjx.third_party.mujoco_warp._src.forward fc5c4e4 load on device 'cuda:0' took 3.15 ms  (cached)
Module _qfrc_smooth__locals__kernel_f1330af6 f1330af load on device 'cuda:0' took 1.01 ms  (cached)
Module mujoco.mjx.third_party.mujoco_warp._src.support ca784c5 load on device 'cuda:0' took 1.01 ms  (cached)
Module _tile_cholesky_factorize_solve_block__locals__kernel_11210b88 1715225 load on device 'cuda:0' took 34.43 ms  (cached)
Module mujoco.mjx.third_party.mujoco_warp._src.solver 4a1f2fb load on device 'cuda:0' took 6.57 ms  (cached)
Module _solve_init_jaref_kernel__locals__kernel_32feb724 32feb72 load on device 'cuda:0' took 1.54 ms  (cached)
Module mul_m_kernel__locals___mul_m_dc7994af dc7994a load on device 'cuda:0' took 0.76 ms  (cached)
Module _update_constraint_efc__locals__kernel_03323b94 03323b9 load on device 'cuda:0' took 0.77 ms  (cached)
Module _update_constraint_init_qfrc_constraint_dense__locals__kernel_ac49ec68 ac49ec6 load on device 'cuda:0' took 0.75 ms  (cached)
Module _update_gradient_zero_grad_dot__locals__kernel_7cb4d020 7cb4d02 load on device 'cuda:0' took 0.66 ms  (cached)
Module _update_gradient_grad__locals__kernel_d86449f3 d86449f load on device 'cuda:0' took 0.65 ms  (cached)
Module _update_gradient_JTDAJ_dense_tiled__locals__kernel_6aed2bd0 dd7ed2f load on device 'cuda:0' took 1.72 ms  (cached)
Module _update_gradient_cholesky__locals__kernel_af6c67dc af571a9 load on device 'cuda:0' took 33.09 ms  (cached)
Module _linesearch_iterative_kernel__locals__kernel_980b5bd9 194ed26 load on device 'cuda:0' took 2.19 ms  (cached)
Module _update_constraint_efc__locals__kernel_15adf655 15adf65 load on device 'cuda:0' took 1.39 ms  (cached)
Module _update_constraint_init_qfrc_constraint_dense__locals__kernel_fe3ad948 fe3ad94 load on device 'cuda:0' took 2.26 ms  (cached)
Module _update_gradient_zero_grad_dot__locals__kernel_b5db5058 b5db505 load on device 'cuda:0' took 1.26 ms  (cached)
Module _update_gradient_grad__locals__kernel_d814f8c9 d814f8c load on device 'cuda:0' took 1.01 ms  (cached)
Module _update_gradient_cholesky__locals__kernel_acfee10d 83d6ae1 load on device 'cuda:0' took 39.77 ms  (cached)
Module _solve_zero_search_dot__locals__kernel_1643cbe8 1643cbe load on device 'cuda:0' took 1.79 ms  (cached)
Module _solve_search_update__locals__kernel_d3efa558 d3efa55 load on device 'cuda:0' took 1.18 ms  (cached)
Module _contact_sort__locals__contact_sort_cf9c4d37 76a2477 load on device 'cuda:0' took 1.24 ms  (cached)
Module _next_time_builder__locals___next_time_eb151a48 eb151a4 load on device 'cuda:0' took 1.28 ms  (cached)
nefc overflow - please increase njmax to 68
nefc overflow - please increase njmax to 68
nefc overflow - please increase njmax to 68
nefc overflow - please increase njmax to 68
nefc overflow - please increase njmax to 68
nefc overflow - please increase njmax to 68
nefc overflow - please increase njmax to 68
nefc overflow - please increase njmax to 68
nefc overflow - please increase njmax to 68
nefc overflow - please increase njmax to 68
nefc overflow - please increase njmax to 68
nefc overflow - please increase njmax to 68
nefc overflow - please increase njmax to 68
nefc overflow - please increase njmax to 68
nefc overflow - please increase njmax to 68
nefc overflow - please increase njmax to 68
nefc overflow - please increase njmax to 68
nefc overflow - please increase njmax to 68
nefc overflow - please increase njmax to 68
nefc overflow - please increase njmax to 68
nefc overflow - please increase njmax to 84
nefc overflow - please increase njmax to 84
nefc overflow - please increase njmax to 84
nefc overflow - please increase njmax to 84
nefc overflow - please increase njmax to 84
nefc overflow - please increase njmax to 84
nefc overflow - please increase njmax to 84
nefc overflow - please increase njmax to 80
nefc overflow - please increase njmax to 80
nefc overflow - please increase njmax to 76
nefc overflow - please increase njmax to 76
nefc overflow - please increase njmax to 76
nefc overflow - please increase njmax to 76
nefc overflow - please increase njmax to 76
nefc overflow - please increase njmax to 80
nefc overflow - please increase njmax to 80
nefc overflow - please increase njmax to 80
nefc overflow - please increase njmax to 84
nefc overflow - please increase njmax to 84
nefc overflow - please increase njmax to 84
nefc overflow - please increase njmax to 80
nefc overflow - please increase njmax to 80
nefc overflow - please increase njmax to 80
nefc overflow - please increase njmax to 76
nefc overflow - please increase njmax to 76
nefc overflow - please increase njmax to 76
nefc overflow - please increase njmax to 76
nefc overflow - please increase njmax to 76
nefc overflow - please increase njmax to 76
nefc overflow - please increase njmax to 76
nefc overflow - please increase njmax to 76
nefc overflow - please increase njmax to 76
nefc overflow - please increase njmax to 76
nefc overflow - please increase njmax to 76
nefc overflow - please increase njmax to 76
nefc overflow - please increase njmax to 76
nefc overflow - please increase njmax to 76
nefc overflow - please increase njmax to 76
nefc overflow - please increase njmax to 76
nefc overflow - please increase njmax to 76
nefc overflow - please increase njmax to 76
nefc overflow - please increase njmax to 76
nefc overflow - please increase njmax to 76
nefc overflow - please increase njmax to 80
nefc overflow - please increase njmax to 80
nefc overflow - please increase njmax to 80
nefc overflow - please increase njmax to 76
nefc overflow - please increase njmax to 76
nefc overflow - please increase njmax to 76
nefc overflow - please increase njmax to 76
nefc overflow - please increase njmax to 76
nefc overflow - please increase njmax to 76
nefc overflow - please increase njmax to 76
nefc overflow - please increase njmax to 76
nefc overflow - please increase njmax to 76
nefc overflow - please increase njmax to 76
nefc overflow - please increase njmax to 76
nefc overflow - please increase njmax to 76
nefc overflow - please increase njmax to 76
nefc overflow - please increase njmax to 76
nefc overflow - please increase njmax to 76
nefc overflow - please increase njmax to 76
nefc overflow - please increase njmax to 76
nefc overflow - please increase njmax to 76
nefc overflow - please increase njmax to 76
nefc overflow - please increase njmax to 76
nefc overflow - please increase njmax to 76
nefc overflow - please increase njmax to 76
nefc overflow - please increase njmax to 76
nefc overflow - please increase njmax to 76
nefc overflow - please increase njmax to 76
nefc overflow - please increase njmax to 76
nefc overflow - please increase njmax to 76
nefc overflow - please increase njmax to 76
nefc overflow - please increase njmax to 76
nefc overflow - please increase njmax to 76
nefc overflow - please increase njmax to 76
nefc overflow - please increase njmax to 76
nefc overflow - please increase njmax to 76
nefc overflow - please increase njmax to 76
nefc overflow - please increase njmax to 76
nefc overflow - please increase njmax to 76
nefc overflow - please increase njmax to 76
nefc overflow - please increase njmax to 76
nefc overflow - please increase njmax to 76
nefc overflow - please increase njmax to 76
nefc overflow - please increase njmax to 76
nefc overflow - please increase njmax to 76
nefc overflow - please increase njmax to 76
nefc overflow - please increase njmax to 76
nefc overflow - please increase njmax to 76
nefc overflow - please increase njmax to 76
nefc overflow - please increase njmax to 76
nefc overflow - please increase njmax to 76
nefc overflow - please increase njmax to 76
nefc overflow - please increase njmax to 76
nefc overflow - please increase njmax to 76
nefc overflow - please increase njmax to 76
nefc overflow - please increase njmax to 76
nefc overflow - please increase njmax to 76
nefc overflow - please increase njmax to 76
nefc overflow - please increase njmax to 76
nefc overflow - please increase njmax to 76
nefc overflow - please increase njmax to 76
nefc overflow - please increase njmax to 76
nefc overflow - please increase njmax to 76
nefc overflow - please increase njmax to 76
nefc overflow - please increase njmax to 76
nefc overflow - please increase njmax to 76
nefc overflow - please increase njmax to 76
nefc overflow - please increase njmax to 76
nefc overflow - please increase njmax to 76
nefc overflow - please increase njmax to 76
nefc overflow - please increase njmax to 76
nefc overflow - please increase njmax to 76
nefc overflow - please increase njmax to 76
nefc overflow - please increase njmax to 76
nefc overflow - please increase njmax to 76
nefc overflow - please increase njmax to 76
nefc overflow - please increase njmax to 76
nefc overflow - please increase njmax to 76
nefc overflow - please increase njmax to 76
nefc overflow - please increase njmax to 76
nefc overflow - please increase njmax to 76
nefc overflow - please increase njmax to 76
nefc overflow - please increase njmax to 76
nefc overflow - please increase njmax to 76
nefc overflow - please increase njmax to 76
nefc overflow - please increase njmax to 76
nefc overflow - please increase njmax to 76
nefc overflow - please increase njmax to 76
nefc overflow - please increase njmax to 76
nefc overflow - please increase njmax to 76
nefc overflow - please increase njmax to 76
nefc overflow - please increase njmax to 76
nefc overflow - please increase njmax to 76
nefc overflow - please increase njmax to 76
nefc overflow - please increase njmax to 76
nefc overflow - please increase njmax to 76
nefc overflow - please increase njmax to 76
nefc overflow - please increase njmax to 76
nefc overflow - please increase njmax to 76
nefc overflow - please increase njmax to 76
nefc overflow - please increase njmax to 76
nefc overflow - please increase njmax to 76
nefc overflow - please increase njmax to 76
nefc overflow - please increase njmax to 76
nefc overflow - please increase njmax to 76
nefc overflow - please increase njmax to 76
nefc overflow - please increase njmax to 76
nefc overflow - please increase njmax to 76
nefc overflow - please increase njmax to 76
nefc overflow - please increase njmax to 76
nefc overflow - please increase njmax to 76
nefc overflow - please increase njmax to 76
nefc overflow - please increase njmax to 76
nefc overflow - please increase njmax to 76
nefc overflow - please increase njmax to 76
nefc overflow - please increase njmax to 76
nefc overflow - please increase njmax to 76
nefc overflow - please increase njmax to 76
nefc overflow - please increase njmax to 76
nefc overflow - please increase njmax to 76
nefc overflow - please increase njmax to 76
nefc overflow - please increase njmax to 76
nefc overflow - please increase njmax to 76
nefc overflow - please increase njmax to 76
nefc overflow - please increase njmax to 76
nefc overflow - please increase njmax to 76
nefc overflow - please increase njmax to 76
nefc overflow - please increase njmax to 76
nefc overflow - please increase njmax to 76
nefc overflow - please increase njmax to 76
nefc overflow - please increase njmax to 76
nefc overflow - please increase njmax to 76
nefc overflow - please increase njmax to 76
nefc overflow - please increase njmax to 76
nefc overflow - please increase njmax to 76
nefc overflow - please increase njmax to 76
nefc overflow - please increase njmax to 76
nefc overflow - please increase njmax to 76
nefc overflow - please increase njmax to 76
nefc overflow - please increase njmax to 76
nefc overflow - please increase njmax to 76
nefc overflow - please increase njmax to 76
nefc overflow - please increase njmax to 76
nefc overflow - please increase njmax to 76
nefc overflow - please increase njmax to 76
nefc overflow - please increase njmax to 76
nefc overflow - please increase njmax to 76
nefc overflow - please increase njmax to 76
nefc overflow - please increase njmax to 76
nefc overflow - please increase njmax to 76
nefc overflow - please increase njmax to 76
nefc overflow - please increase njmax to 76
nefc overflow - please increase njmax to 76
nefc overflow - please increase njmax to 76
nefc overflow - please increase njmax to 76
nefc overflow - please increase njmax to 76
nefc overflow - please increase njmax to 76
nefc overflow - please increase njmax to 76
nefc overflow - please increase njmax to 76
nefc overflow - please increase njmax to 76
nefc overflow - please increase njmax to 76
nefc overflow - please increase njmax to 76
nefc overflow - please increase njmax to 76
nefc overflow - please increase njmax to 76
nefc overflow - please increase njmax to 76
nefc overflow - please increase njmax to 76
nefc overflow - please increase njmax to 76
nefc overflow - please increase njmax to 80
nefc overflow - please increase njmax to 84
nefc overflow - please increase njmax to 84
nefc overflow - please increase njmax to 84
nefc overflow - please increase njmax to 84
nefc overflow - please increase njmax to 84
nefc overflow - please increase njmax to 84
nefc overflow - please increase njmax to 84
nefc overflow - please increase njmax to 84
nefc overflow - please increase njmax to 84
nefc overflow - please increase njmax to 72
nefc overflow - please increase njmax to 68
nefc overflow - please increase njmax to 76
nefc overflow - please increase njmax to 76
nefc overflow - please increase njmax to 76
nefc overflow - please increase njmax to 76
nefc overflow - please increase njmax to 76
nefc overflow - please increase njmax to 76
nefc overflow - please increase njmax to 76
nefc overflow - please increase njmax to 76
nefc overflow - please increase njmax to 76
nefc overflow - please increase njmax to 76
nefc overflow - please increase njmax to 76
nefc overflow - please increase njmax to 76
nefc overflow - please increase njmax to 76
nefc overflow - please increase njmax to 76
nefc overflow - please increase njmax to 80
nefc overflow - please increase njmax to 84
nefc overflow - please increase njmax to 84
nefc overflow - please increase njmax to 84
nefc overflow - please increase njmax to 84
nefc overflow - please increase njmax to 84
nefc overflow - please increase njmax to 80
nefc overflow - please increase njmax to 76
nefc overflow - please increase njmax to 76
nefc overflow - please increase njmax to 76
nefc overflow - please increase njmax to 76
nefc overflow - please increase njmax to 76
nefc overflow - please increase njmax to 76
nefc overflow - please increase njmax to 76
nefc overflow - please increase njmax to 76
nefc overflow - please increase njmax to 76
nefc overflow - please increase njmax to 76
nefc overflow - please increase njmax to 76
nefc overflow - please increase njmax to 76
nefc overflow - please increase njmax to 76
nefc overflow - please increase njmax to 76
nefc overflow - please increase njmax to 76
nefc overflow - please increase njmax to 76
nefc overflow - please increase njmax to 76
nefc overflow - please increase njmax to 76
nefc overflow - please increase njmax to 76
nefc overflow - please increase njmax to 76
nefc overflow - please increase njmax to 76
nefc overflow - please increase njmax to 76
nefc overflow - please increase njmax to 76
nefc overflow - please increase njmax to 76
nefc overflow - please increase njmax to 76
nefc overflow - please increase njmax to 76
nefc overflow - please increase njmax to 76
nefc overflow - please increase njmax to 76
nefc overflow - please increase njmax to 76
nefc overflow - please increase njmax to 76
nefc overflow - please increase njmax to 76
nefc overflow - please increase njmax to 76
nefc overflow - please increase njmax to 76
nefc overflow - please increase njmax to 76
nefc overflow - please increase njmax to 76
nefc overflow - please increase njmax to 76
nefc overflow - please increase njmax to 76
nefc overflow - please increase njmax to 76
nefc overflow - please increase njmax to 76
nefc overflow - please increase njmax to 76
nefc overflow - please increase njmax to 76
nefc overflow - please increase njmax to 76
nefc overflow - please increase njmax to 76
nefc overflow - please increase njmax to 76
nefc overflow - please increase njmax to 76
nefc overflow - please increase njmax to 76
nefc overflow - please increase njmax to 76
nefc overflow - please increase njmax to 76
nefc overflow - please increase njmax to 76
nefc overflow - please increase njmax to 76
nefc overflow - please increase njmax to 76
nefc overflow - please increase njmax to 76
nefc overflow - please increase njmax to 76
nefc overflow - please increase njmax to 76
nefc overflow - please increase njmax to 76
nefc overflow - please increase njmax to 76
nefc overflow - please increase njmax to 76
nefc overflow - please increase njmax to 76
nefc overflow - please increase njmax to 76
nefc overflow - please increase njmax to 76
nefc overflow - please increase njmax to 76
nefc overflow - please increase njmax to 76
nefc overflow - please increase njmax to 76
nefc overflow - please increase njmax to 76
nefc overflow - please increase njmax to 76
nefc overflow - please increase njmax to 76
nefc overflow - please increase njmax to 76
nefc overflow - please increase njmax to 76
nefc overflow - please increase njmax to 76
nefc overflow - please increase njmax to 76
nefc overflow - please increase njmax to 76
nefc overflow - please increase njmax to 76
nefc overflow - please increase njmax to 76
nefc overflow - please increase njmax to 76
nefc overflow - please increase njmax to 76
nefc overflow - please increase njmax to 76
nefc overflow - please increase njmax to 76
nefc overflow - please increase njmax to 76
nefc overflow - please increase njmax to 76
nefc overflow - please increase njmax to 76
nefc overflow - please increase njmax to 76
nefc overflow - please increase njmax to 76
nefc overflow - please increase njmax to 76
nefc overflow - please increase njmax to 76
nefc overflow - please increase njmax to 76
nefc overflow - please increase njmax to 76
nefc overflow - please increase njmax to 76
nefc overflow - please increase njmax to 76
nefc overflow - please increase njmax to 76
nefc overflow - please increase njmax to 76
nefc overflow - please increase njmax to 76
nefc overflow - please increase njmax to 76
nefc overflow - please increase njmax to 76
nefc overflow - please increase njmax to 76
nefc overflow - please increase njmax to 76
nefc overflow - please increase njmax to 76
nefc overflow - please increase njmax to 76
nefc overflow - please increase njmax to 76
nefc overflow - please increase njmax to 76
nefc overflow - please increase njmax to 76
nefc overflow - please increase njmax to 76
nefc overflow - please increase njmax to 76
nefc overflow - please increase njmax to 76
nefc overflow - please increase njmax to 76
nefc overflow - please increase njmax to 76
nefc overflow - please increase njmax to 76
nefc overflow - please increase njmax to 76
nefc overflow - please increase njmax to 76
nefc overflow - please increase njmax to 76
nefc overflow - please increase njmax to 76
nefc overflow - please increase njmax to 76
nefc overflow - please increase njmax to 76
nefc overflow - please increase njmax to 76
nefc overflow - please increase njmax to 76
nefc overflow - please increase njmax to 76
nefc overflow - please increase njmax to 76
nefc overflow - please increase njmax to 76
nefc overflow - please increase njmax to 76
nefc overflow - please increase njmax to 76
nefc overflow - please increase njmax to 76
nefc overflow - please increase njmax to 76
nefc overflow - please increase njmax to 76
nefc overflow - please increase njmax to 76
nefc overflow - please increase njmax to 76
nefc overflow - please increase njmax to 76
nefc overflow - please increase njmax to 76
nefc overflow - please increase njmax to 76
nefc overflow - please increase njmax to 76
nefc overflow - please increase njmax to 76
nefc overflow - please increase njmax to 76
nefc overflow - please increase njmax to 76
nefc overflow - please increase njmax to 76
nefc overflow - please increase njmax to 76
nefc overflow - please increase njmax to 76
nefc overflow - please increase njmax to 76
nefc overflow - please increase njmax to 76
nefc overflow - please increase njmax to 76
nefc overflow - please increase njmax to 76
nefc overflow - please increase njmax to 76
nefc overflow - please increase njmax to 76
nefc overflow - please increase njmax to 76
nefc overflow - please increase njmax to 76
nefc overflow - please increase njmax to 76
nefc overflow - please increase njmax to 76
nefc overflow - please increase njmax to 76
nefc overflow - please increase njmax to 76
nefc overflow - please increase njmax to 76
nefc overflow - please increase njmax to 76
nefc overflow - please increase njmax to 76
nefc overflow - please increase njmax to 76
nefc overflow - please increase njmax to 76
nefc overflow - please increase njmax to 76
nefc overflow - please increase njmax to 76
nefc overflow - please increase njmax to 76
nefc overflow - please increase njmax to 76
nefc overflow - please increase njmax to 76
nefc overflow - please increase njmax to 76
nefc overflow - please increase njmax to 76
nefc overflow - please increase njmax to 76
nefc overflow - please increase njmax to 76
nefc overflow - please increase njmax to 76
nefc overflow - please increase njmax to 76
nefc overflow - please increase njmax to 76
nefc overflow - please increase njmax to 76
nefc overflow - please increase njmax to 76
nefc overflow - please increase njmax to 76
nefc overflow - please increase njmax to 76
nefc overflow - please increase njmax to 76
nefc overflow - please increase njmax to 76
nefc overflow - please increase njmax to 76
nefc overflow - please increase njmax to 76
nefc overflow - please increase njmax to 76
nefc overflow - please increase njmax to 76
nefc overflow - please increase njmax to 76
nefc overflow - please increase njmax to 76
nefc overflow - please increase njmax to 76
nefc overflow - please increase njmax to 76
nefc overflow - please increase njmax to 76
nefc overflow - please increase njmax to 76
nefc overflow - please increase njmax to 76
nefc overflow - please increase njmax to 76
nefc overflow - please increase njmax to 76
nefc overflow - please increase njmax to 76
nefc overflow - please increase njmax to 76
nefc overflow - please increase njmax to 76
nefc overflow - please increase njmax to 76
nefc overflow - please increase njmax to 76
nefc overflow - please increase njmax to 76
nefc overflow - please increase njmax to 76
nefc overflow - please increase njmax to 76
nefc overflow - please increase njmax to 76
nefc overflow - please increase njmax to 76
nefc overflow - please increase njmax to 76
nefc overflow - please increase njmax to 76
nefc overflow - please increase njmax to 76
nefc overflow - please increase njmax to 76
nefc overflow - please increase njmax to 76
nefc overflow - please increase njmax to 76
nefc overflow - please increase njmax to 76
nefc overflow - please increase njmax to 76
nefc overflow - please increase njmax to 76
nefc overflow - please increase njmax to 76
nefc overflow - please increase njmax to 76
nefc overflow - please increase njmax to 76
nefc overflow - please increase njmax to 76
nefc overflow - please increase njmax to 76
nefc overflow - please increase njmax to 76
nefc overflow - please increase njmax to 76
nefc overflow - please increase njmax to 68
nefc overflow - please increase njmax to 68
nefc overflow - please increase njmax to 68
nefc overflow - please increase njmax to 68
nefc overflow - please increase njmax to 68
nefc overflow - please increase njmax to 68
nefc overflow - please increase njmax to 68
nefc overflow - please increase njmax to 68
nefc overflow - please increase njmax to 68
nefc overflow - please increase njmax to 68
nefc overflow - please increase njmax to 68
nefc overflow - please increase njmax to 68
nefc overflow - please increase njmax to 68
nefc overflow - please increase njmax to 68
nefc overflow - please increase njmax to 68
nefc overflow - please increase njmax to 68
nefc overflow - please increase njmax to 68
nefc overflow - please increase njmax to 68
nefc overflow - please increase njmax to 68
nefc overflow - please increase njmax to 68
nefc overflow - please increase njmax to 68
nefc overflow - please increase njmax to 68
nefc overflow - please increase njmax to 68
nefc overflow - please increase njmax to 68
nefc overflow - please increase njmax to 68
nefc overflow - please increase njmax to 68
nefc overflow - please increase njmax to 68
nefc overflow - please increase njmax to 68
nefc overflow - please increase njmax to 68
nefc overflow - please increase njmax to 68
nefc overflow - please increase njmax to 68
nefc overflow - please increase njmax to 68
nefc overflow - please increase njmax to 68
nefc overflow - please increase njmax to 68
nefc overflow - please increase njmax to 68
nefc overflow - please increase njmax to 68
nefc overflow - please increase njmax to 68
nefc overflow - please increase njmax to 68
nefc overflow - please increase njmax to 68
nefc overflow - please increase njmax to 68
nefc overflow - please increase njmax to 68
nefc overflow - please increase njmax to 68
nefc overflow - please increase njmax to 68
nefc overflow - please increase njmax to 68
nefc overflow - please increase njmax to 68
nefc overflow - please increase njmax to 68
nefc overflow - please increase njmax to 68
nefc overflow - please increase njmax to 68
nefc overflow - please increase njmax to 68
    c|jax      base_pos=3.774e-04+-2.7e-04  base_rot=1.533e-03+-9.5e-04  (n=10)
    c|warp     base_pos=4.474e-04+-1.4e-04  base_rot=1.689e-03+-5.8e-04  (n=10)
    jax|warp   base_pos=4.462e-04+-1.5e-04  base_rot=1.780e-03+-5.8e-04  (n=10)
[2/14] iterations=10 ...
nefc overflow - please increase njmax to 68
nefc overflow - please increase njmax to 72
nefc overflow - please increase njmax to 68
nefc overflow - please increase njmax to 68
nefc overflow - please increase njmax to 68
nefc overflow - please increase njmax to 68
nefc overflow - please increase njmax to 68
nefc overflow - please increase njmax to 68
nefc overflow - please increase njmax to 68
nefc overflow - please increase njmax to 68
nefc overflow - please increase njmax to 68
nefc overflow - please increase njmax to 68
nefc overflow - please increase njmax to 68
nefc overflow - please increase njmax to 68
nefc overflow - please increase njmax to 68
nefc overflow - please increase njmax to 68
nefc overflow - please increase njmax to 68
nefc overflow - please increase njmax to 68
nefc overflow - please increase njmax to 68
nefc overflow - please increase njmax to 68
nefc overflow - please increase njmax to 68
nefc overflow - please increase njmax to 68
nefc overflow - please increase njmax to 68
nefc overflow - please increase njmax to 68
nefc overflow - please increase njmax to 72
nefc overflow - please increase njmax to 84
nefc overflow - please increase njmax to 84
nefc overflow - please increase njmax to 84
nefc overflow - please increase njmax to 84
nefc overflow - please increase njmax to 84
nefc overflow - please increase njmax to 84
nefc overflow - please increase njmax to 80
nefc overflow - please increase njmax to 80
nefc overflow - please increase njmax to 76
nefc overflow - please increase njmax to 76
nefc overflow - please increase njmax to 76
nefc overflow - please increase njmax to 76
nefc overflow - please increase njmax to 76
nefc overflow - please increase njmax to 80
nefc overflow - please increase njmax to 80
nefc overflow - please increase njmax to 84
nefc overflow - please increase njmax to 84
nefc overflow - please increase njmax to 84
nefc overflow - please increase njmax to 84
nefc overflow - please increase njmax to 80
nefc overflow - please increase njmax to 80
nefc overflow - please increase njmax to 80
nefc overflow - please increase njmax to 76
nefc overflow - please increase njmax to 76
nefc overflow - please increase njmax to 76
nefc overflow - please increase njmax to 76
nefc overflow - please increase njmax to 76
nefc overflow - please increase njmax to 76
nefc overflow - please increase njmax to 76
nefc overflow - please increase njmax to 76
nefc overflow - please increase njmax to 76
nefc overflow - please increase njmax to 76
nefc overflow - please increase njmax to 76
nefc overflow - please increase njmax to 76
nefc overflow - please increase njmax to 76
nefc overflow - please increase njmax to 76
nefc overflow - please increase njmax to 76
nefc overflow - please increase njmax to 76
nefc overflow - please increase njmax to 76
nefc overflow - please increase njmax to 76
nefc overflow - please increase njmax to 76
nefc overflow - please increase njmax to 76
nefc overflow - please increase njmax to 76
nefc overflow - please increase njmax to 76
nefc overflow - please increase njmax to 76
nefc overflow - please increase njmax to 76
nefc overflow - please increase njmax to 76
nefc overflow - please increase njmax to 76
nefc overflow - please increase njmax to 76
nefc overflow - please increase njmax to 76
nefc overflow - please increase njmax to 76
nefc overflow - please increase njmax to 76
nefc overflow - please increase njmax to 76
nefc overflow - please increase njmax to 76
nefc overflow - please increase njmax to 76
nefc overflow - please increase njmax to 76
nefc overflow - please increase njmax to 76
nefc overflow - please increase njmax to 76
nefc overflow - please increase njmax to 76
nefc overflow - please increase njmax to 76
nefc overflow - please increase njmax to 76
nefc overflow - please increase njmax to 76
nefc overflow - please increase njmax to 76
nefc overflow - please increase njmax to 76
nefc overflow - please increase njmax to 76
nefc overflow - please increase njmax to 76
nefc overflow - please increase njmax to 76
nefc overflow - please increase njmax to 76
nefc overflow - please increase njmax to 76
nefc overflow - please increase njmax to 76
nefc overflow - please increase njmax to 76
nefc overflow - please increase njmax to 76
nefc overflow - please increase njmax to 76
nefc overflow - please increase njmax to 76
nefc overflow - please increase njmax to 76
nefc overflow - please increase njmax to 76
nefc overflow - please increase njmax to 76
nefc overflow - please increase njmax to 76
nefc overflow - please increase njmax to 76
nefc overflow - please increase njmax to 76
nefc overflow - please increase njmax to 76
nefc overflow - please increase njmax to 76
nefc overflow - please increase njmax to 76
nefc overflow - please increase njmax to 76
nefc overflow - please increase njmax to 76
nefc overflow - please increase njmax to 76
nefc overflow - please increase njmax to 76
nefc overflow - please increase njmax to 76
nefc overflow - please increase njmax to 76
nefc overflow - please increase njmax to 76
nefc overflow - please increase njmax to 76
nefc overflow - please increase njmax to 76
nefc overflow - please increase njmax to 76
nefc overflow - please increase njmax to 76
nefc overflow - please increase njmax to 76
nefc overflow - please increase njmax to 76
nefc overflow - please increase njmax to 76
nefc overflow - please increase njmax to 76
nefc overflow - please increase njmax to 76
nefc overflow - please increase njmax to 76
nefc overflow - please increase njmax to 76
nefc overflow - please increase njmax to 76
nefc overflow - please increase njmax to 76
nefc overflow - please increase njmax to 76
nefc overflow - please increase njmax to 76
nefc overflow - please increase njmax to 76
nefc overflow - please increase njmax to 76
nefc overflow - please increase njmax to 76
nefc overflow - please increase njmax to 76
nefc overflow - please increase njmax to 76
nefc overflow - please increase njmax to 76
nefc overflow - please increase njmax to 76
nefc overflow - please increase njmax to 76
nefc overflow - please increase njmax to 76
nefc overflow - please increase njmax to 76
nefc overflow - please increase njmax to 76
nefc overflow - please increase njmax to 76
nefc overflow - please increase njmax to 76
nefc overflow - please increase njmax to 76
nefc overflow - please increase njmax to 76
nefc overflow - please increase njmax to 76
nefc overflow - please increase njmax to 76
nefc overflow - please increase njmax to 76
nefc overflow - please increase njmax to 76
nefc overflow - please increase njmax to 76
nefc overflow - please increase njmax to 76
nefc overflow - please increase njmax to 76
nefc overflow - please increase njmax to 76
nefc overflow - please increase njmax to 76
nefc overflow - please increase njmax to 76
nefc overflow - please increase njmax to 76
nefc overflow - please increase njmax to 76
nefc overflow - please increase njmax to 76
nefc overflow - please increase njmax to 76
nefc overflow - please increase njmax to 76
nefc overflow - please increase njmax to 76
nefc overflow - please increase njmax to 76
nefc overflow - please increase njmax to 76
nefc overflow - please increase njmax to 76
nefc overflow - please increase njmax to 76
nefc overflow - please increase njmax to 76
nefc overflow - please increase njmax to 76
nefc overflow - please increase njmax to 76
nefc overflow - please increase njmax to 76
nefc overflow - please increase njmax to 76
nefc overflow - please increase njmax to 76
nefc overflow - please increase njmax to 76
nefc overflow - please increase njmax to 76
nefc overflow - please increase njmax to 76
nefc overflow - please increase njmax to 76
nefc overflow - please increase njmax to 76
nefc overflow - please increase njmax to 76
nefc overflow - please increase njmax to 76
nefc overflow - please increase njmax to 76
nefc overflow - please increase njmax to 76
nefc overflow - please increase njmax to 76
nefc overflow - please increase njmax to 76
nefc overflow - please increase njmax to 76
nefc overflow - please increase njmax to 76
nefc overflow - please increase njmax to 76
nefc overflow - please increase njmax to 76
nefc overflow - please increase njmax to 76
nefc overflow - please increase njmax to 76
nefc overflow - please increase njmax to 76
nefc overflow - please increase njmax to 76
nefc overflow - please increase njmax to 76
nefc overflow - please increase njmax to 76
nefc overflow - please increase njmax to 76
nefc overflow - please increase njmax to 76
nefc overflow - please increase njmax to 76
nefc overflow - please increase njmax to 76
nefc overflow - please increase njmax to 76
nefc overflow - please increase njmax to 76
nefc overflow - please increase njmax to 76
nefc overflow - please increase njmax to 76
nefc overflow - please increase njmax to 76
nefc overflow - please increase njmax to 76
nefc overflow - please increase njmax to 76
nefc overflow - please increase njmax to 76
nefc overflow - please increase njmax to 76
nefc overflow - please increase njmax to 76
nefc overflow - please increase njmax to 76
nefc overflow - please increase njmax to 76
nefc overflow - please increase njmax to 76
nefc overflow - please increase njmax to 76
nefc overflow - please increase njmax to 76
nefc overflow - please increase njmax to 76
nefc overflow - please increase njmax to 76
nefc overflow - please increase njmax to 76
nefc overflow - please increase njmax to 76
nefc overflow - please increase njmax to 76
nefc overflow - please increase njmax to 76
nefc overflow - please increase njmax to 76
nefc overflow - please increase njmax to 76
nefc overflow - please increase njmax to 76
nefc overflow - please increase njmax to 76
nefc overflow - please increase njmax to 76
nefc overflow - please increase njmax to 76
nefc overflow - please increase njmax to 76
nefc overflow - please increase njmax to 76
nefc overflow - please increase njmax to 76
nefc overflow - please increase njmax to 76
nefc overflow - please increase njmax to 76
nefc overflow - please increase njmax to 76
nefc overflow - please increase njmax to 76
nefc overflow - please increase njmax to 76
nefc overflow - please increase njmax to 76
nefc overflow - please increase njmax to 76
nefc overflow - please increase njmax to 76
nefc overflow - please increase njmax to 84
nefc overflow - please increase njmax to 84
nefc overflow - please increase njmax to 84
nefc overflow - please increase njmax to 84
nefc overflow - please increase njmax to 84
nefc overflow - please increase njmax to 84
nefc overflow - please increase njmax to 84
nefc overflow - please increase njmax to 84
nefc overflow - please increase njmax to 84
nefc overflow - please increase njmax to 84
nefc overflow - please increase njmax to 84
nefc overflow - please increase njmax to 84
nefc overflow - please increase njmax to 84
nefc overflow - please increase njmax to 84
nefc overflow - please increase njmax to 84
nefc overflow - please increase njmax to 84
nefc overflow - please increase njmax to 84
nefc overflow - please increase njmax to 84
nefc overflow - please increase njmax to 84
nefc overflow - please increase njmax to 84
nefc overflow - please increase njmax to 80
nefc overflow - please increase njmax to 80
nefc overflow - please increase njmax to 76
nefc overflow - please increase njmax to 76
nefc overflow - please increase njmax to 76
nefc overflow - please increase njmax to 76
nefc overflow - please increase njmax to 76
nefc overflow - please increase njmax to 76
nefc overflow - please increase njmax to 76
nefc overflow - please increase njmax to 76
nefc overflow - please increase njmax to 76
nefc overflow - please increase njmax to 76
nefc overflow - please increase njmax to 76
nefc overflow - please increase njmax to 76
nefc overflow - please increase njmax to 76
nefc overflow - please increase njmax to 76
nefc overflow - please increase njmax to 76
nefc overflow - please increase njmax to 76
nefc overflow - please increase njmax to 76
nefc overflow - please increase njmax to 76
nefc overflow - please increase njmax to 76
nefc overflow - please increase njmax to 76
nefc overflow - please increase njmax to 76
nefc overflow - please increase njmax to 76
nefc overflow - please increase njmax to 76
nefc overflow - please increase njmax to 76
nefc overflow - please increase njmax to 76
nefc overflow - please increase njmax to 76
nefc overflow - please increase njmax to 76
nefc overflow - please increase njmax to 76
nefc overflow - please increase njmax to 76
nefc overflow - please increase njmax to 76
nefc overflow - please increase njmax to 76
nefc overflow - please increase njmax to 76
nefc overflow - please increase njmax to 76
nefc overflow - please increase njmax to 76
nefc overflow - please increase njmax to 76
nefc overflow - please increase njmax to 76
nefc overflow - please increase njmax to 76
nefc overflow - please increase njmax to 76
nefc overflow - please increase njmax to 76
nefc overflow - please increase njmax to 76
nefc overflow - please increase njmax to 76
nefc overflow - please increase njmax to 76
nefc overflow - please increase njmax to 76
nefc overflow - please increase njmax to 76
nefc overflow - please increase njmax to 76
nefc overflow - please increase njmax to 76
nefc overflow - please increase njmax to 76
nefc overflow - please increase njmax to 76
nefc overflow - please increase njmax to 76
nefc overflow - please increase njmax to 76
nefc overflow - please increase njmax to 76
nefc overflow - please increase njmax to 76
nefc overflow - please increase njmax to 76
nefc overflow - please increase njmax to 76
nefc overflow - please increase njmax to 76
nefc overflow - please increase njmax to 76
nefc overflow - please increase njmax to 76
nefc overflow - please increase njmax to 76
nefc overflow - please increase njmax to 76
nefc overflow - please increase njmax to 76
nefc overflow - please increase njmax to 76
nefc overflow - please increase njmax to 76
nefc overflow - please increase njmax to 76
nefc overflow - please increase njmax to 76
nefc overflow - please increase njmax to 76
nefc overflow - please increase njmax to 76
nefc overflow - please increase njmax to 76
nefc overflow - please increase njmax to 76
nefc overflow - please increase njmax to 76
nefc overflow - please increase njmax to 76
nefc overflow - please increase njmax to 76
nefc overflow - please increase njmax to 76
nefc overflow - please increase njmax to 76
nefc overflow - please increase njmax to 76
nefc overflow - please increase njmax to 76
nefc overflow - please increase njmax to 76
nefc overflow - please increase njmax to 76
nefc overflow - please increase njmax to 76
nefc overflow - please increase njmax to 76
nefc overflow - please increase njmax to 76
nefc overflow - please increase njmax to 76
nefc overflow - please increase njmax to 76
nefc overflow - please increase njmax to 76
nefc overflow - please increase njmax to 76
nefc overflow - please increase njmax to 76
nefc overflow - please increase njmax to 76
nefc overflow - please increase njmax to 76
nefc overflow - please increase njmax to 76
nefc overflow - please increase njmax to 76
nefc overflow - please increase njmax to 76
nefc overflow - please increase njmax to 76
nefc overflow - please increase njmax to 76
nefc overflow - please increase njmax to 76
nefc overflow - please increase njmax to 76
nefc overflow - please increase njmax to 76
nefc overflow - please increase njmax to 76
nefc overflow - please increase njmax to 76
nefc overflow - please increase njmax to 76
nefc overflow - please increase njmax to 76
nefc overflow - please increase njmax to 76
nefc overflow - please increase njmax to 76
nefc overflow - please increase njmax to 76
nefc overflow - please increase njmax to 76
nefc overflow - please increase njmax to 76
nefc overflow - please increase njmax to 76
nefc overflow - please increase njmax to 76
nefc overflow - please increase njmax to 76
nefc overflow - please increase njmax to 76
nefc overflow - please increase njmax to 76
nefc overflow - please increase njmax to 76
nefc overflow - please increase njmax to 76
nefc overflow - please increase njmax to 76
nefc overflow - please increase njmax to 76
nefc overflow - please increase njmax to 76
nefc overflow - please increase njmax to 76
nefc overflow - please increase njmax to 76
nefc overflow - please increase njmax to 76
nefc overflow - please increase njmax to 76
nefc overflow - please increase njmax to 76
nefc overflow - please increase njmax to 76
nefc overflow - please increase njmax to 76
nefc overflow - please increase njmax to 76
nefc overflow - please increase njmax to 76
nefc overflow - please increase njmax to 76
nefc overflow - please increase njmax to 76
nefc overflow - please increase njmax to 76
nefc overflow - please increase njmax to 76
nefc overflow - please increase njmax to 76
nefc overflow - please increase njmax to 76
nefc overflow - please increase njmax to 76
nefc overflow - please increase njmax to 76
nefc overflow - please increase njmax to 76
nefc overflow - please increase njmax to 76
nefc overflow - please increase njmax to 76
nefc overflow - please increase njmax to 76
nefc overflow - please increase njmax to 76
nefc overflow - please increase njmax to 76
nefc overflow - please increase njmax to 76
nefc overflow - please increase njmax to 76
nefc overflow - please increase njmax to 76
nefc overflow - please increase njmax to 76
nefc overflow - please increase njmax to 76
nefc overflow - please increase njmax to 76
nefc overflow - please increase njmax to 76
nefc overflow - please increase njmax to 76
nefc overflow - please increase njmax to 76
nefc overflow - please increase njmax to 76
nefc overflow - please increase njmax to 76
nefc overflow - please increase njmax to 76
nefc overflow - please increase njmax to 76
nefc overflow - please increase njmax to 76
nefc overflow - please increase njmax to 76
nefc overflow - please increase njmax to 76
nefc overflow - please increase njmax to 76
nefc overflow - please increase njmax to 76
nefc overflow - please increase njmax to 76
nefc overflow - please increase njmax to 76
nefc overflow - please increase njmax to 76
nefc overflow - please increase njmax to 76
nefc overflow - please increase njmax to 76
nefc overflow - please increase njmax to 76
nefc overflow - please increase njmax to 76
nefc overflow - please increase njmax to 76
nefc overflow - please increase njmax to 76
nefc overflow - please increase njmax to 76
nefc overflow - please increase njmax to 76
nefc overflow - please increase njmax to 76
nefc overflow - please increase njmax to 76
nefc overflow - please increase njmax to 76
nefc overflow - please increase njmax to 76
nefc overflow - please increase njmax to 76
nefc overflow - please increase njmax to 76
nefc overflow - please increase njmax to 76
nefc overflow - please increase njmax to 76
nefc overflow - please increase njmax to 76
nefc overflow - please increase njmax to 76
nefc overflow - please increase njmax to 76
nefc overflow - please increase njmax to 76
nefc overflow - please increase njmax to 76
nefc overflow - please increase njmax to 76
nefc overflow - please increase njmax to 76
nefc overflow - please increase njmax to 76
nefc overflow - please increase njmax to 76
nefc overflow - please increase njmax to 76
nefc overflow - please increase njmax to 76
nefc overflow - please increase njmax to 76
nefc overflow - please increase njmax to 76
nefc overflow - please increase njmax to 76
nefc overflow - please increase njmax to 76
nefc overflow - please increase njmax to 76
nefc overflow - please increase njmax to 76
nefc overflow - please increase njmax to 76
nefc overflow - please increase njmax to 76
nefc overflow - please increase njmax to 76
nefc overflow - please increase njmax to 76
nefc overflow - please increase njmax to 76
nefc overflow - please increase njmax to 76
nefc overflow - please increase njmax to 76
nefc overflow - please increase njmax to 76
nefc overflow - please increase njmax to 76
nefc overflow - please increase njmax to 76
nefc overflow - please increase njmax to 76
nefc overflow - please increase njmax to 76
nefc overflow - please increase njmax to 76
nefc overflow - please increase njmax to 76
nefc overflow - please increase njmax to 76
nefc overflow - please increase njmax to 76
nefc overflow - please increase njmax to 76
nefc overflow - please increase njmax to 76
nefc overflow - please increase njmax to 76
nefc overflow - please increase njmax to 76
nefc overflow - please increase njmax to 76
nefc overflow - please increase njmax to 76
nefc overflow - please increase njmax to 76
nefc overflow - please increase njmax to 76
nefc overflow - please increase njmax to 76
nefc overflow - please increase njmax to 76
nefc overflow - please increase njmax to 76
nefc overflow - please increase njmax to 68
nefc overflow - please increase njmax to 68
nefc overflow - please increase njmax to 68
nefc overflow - please increase njmax to 68
nefc overflow - please increase njmax to 68
nefc overflow - please increase njmax to 68
nefc overflow - please increase njmax to 68
nefc overflow - please increase njmax to 68
nefc overflow - please increase njmax to 68
nefc overflow - please increase njmax to 68
nefc overflow - please increase njmax to 68
nefc overflow - please increase njmax to 68
nefc overflow - please increase njmax to 68
nefc overflow - please increase njmax to 68
nefc overflow - please increase njmax to 68
nefc overflow - please increase njmax to 68
nefc overflow - please increase njmax to 68
nefc overflow - please increase njmax to 68
nefc overflow - please increase njmax to 68
nefc overflow - please increase njmax to 68
nefc overflow - please increase njmax to 68
nefc overflow - please increase njmax to 68
nefc overflow - please increase njmax to 68
nefc overflow - please increase njmax to 68
nefc overflow - please increase njmax to 68
nefc overflow - please increase njmax to 68
nefc overflow - please increase njmax to 68
nefc overflow - please increase njmax to 68
nefc overflow - please increase njmax to 68
nefc overflow - please increase njmax to 68
nefc overflow - please increase njmax to 68
nefc overflow - please increase njmax to 68
nefc overflow - please increase njmax to 68
nefc overflow - please increase njmax to 68
nefc overflow - please increase njmax to 68
nefc overflow - please increase njmax to 68
nefc overflow - please increase njmax to 68
nefc overflow - please increase njmax to 68
nefc overflow - please increase njmax to 68
nefc overflow - please increase njmax to 68
nefc overflow - please increase njmax to 68
nefc overflow - please increase njmax to 68
nefc overflow - please increase njmax to 68
nefc overflow - please increase njmax to 68
nefc overflow - please increase njmax to 68
nefc overflow - please increase njmax to 68
nefc overflow - please increase njmax to 68
nefc overflow - please increase njmax to 68
nefc overflow - please increase njmax to 68
nefc overflow - please increase njmax to 68
nefc overflow - please increase njmax to 68
nefc overflow - please increase njmax to 68
nefc overflow - please increase njmax to 68
nefc overflow - please increase njmax to 68
nefc overflow - please increase njmax to 68
nefc overflow - please increase njmax to 68
nefc overflow - please increase njmax to 68
nefc overflow - please increase njmax to 68
nefc overflow - please increase njmax to 68
nefc overflow - please increase njmax to 68
nefc overflow - please increase njmax to 68
nefc overflow - please increase njmax to 68
nefc overflow - please increase njmax to 68
nefc overflow - please increase njmax to 68
nefc overflow - please increase njmax to 68
nefc overflow - please increase njmax to 68
nefc overflow - please increase njmax to 68
nefc overflow - please increase njmax to 68
nefc overflow - please increase njmax to 68
nefc overflow - please increase njmax to 72
nefc overflow - please increase njmax to 68
nefc overflow - please increase njmax to 68
nefc overflow - please increase njmax to 68
nefc overflow - please increase njmax to 68
nefc overflow - please increase njmax to 68
nefc overflow - please increase njmax to 68
nefc overflow - please increase njmax to 72
nefc overflow - please increase njmax to 72
nefc overflow - please increase njmax to 72
nefc overflow - please increase njmax to 72
nefc overflow - please increase njmax to 72
nefc overflow - please increase njmax to 72
nefc overflow - please increase njmax to 72
nefc overflow - please increase njmax to 72
nefc overflow - please increase njmax to 72
nefc overflow - please increase njmax to 72
nefc overflow - please increase njmax to 72
nefc overflow - please increase njmax to 72
nefc overflow - please increase njmax to 72
nefc overflow - please increase njmax to 72
nefc overflow - please increase njmax to 72
nefc overflow - please increase njmax to 72
nefc overflow - please increase njmax to 72
nefc overflow - please increase njmax to 72
nefc overflow - please increase njmax to 72
nefc overflow - please increase njmax to 72
nefc overflow - please increase njmax to 72
nefc overflow - please increase njmax to 72
nefc overflow - please increase njmax to 72
nefc overflow - please increase njmax to 68
nefc overflow - please increase njmax to 68
nefc overflow - please increase njmax to 68
nefc overflow - please increase njmax to 68
nefc overflow - please increase njmax to 72
nefc overflow - please increase njmax to 68
nefc overflow - please increase njmax to 68
nefc overflow - please increase njmax to 68
nefc overflow - please increase njmax to 68
nefc overflow - please increase njmax to 68
nefc overflow - please increase njmax to 68
nefc overflow - please increase njmax to 68
nefc overflow - please increase njmax to 68
nefc overflow - please increase njmax to 68
    c|jax      base_pos=3.016e-05+-2.7e-05  base_rot=1.026e-04+-8.3e-05  (n=10)
    c|warp     base_pos=1.750e-04+-1.0e-04  base_rot=8.067e-04+-4.6e-04  (n=10)
    jax|warp   base_pos=2.015e-04+-9.9e-05  base_rot=8.916e-04+-4.5e-04  (n=10)
[3/14] iterations=50 ...
nefc overflow - please increase njmax to 68
nefc overflow - please increase njmax to 72
nefc overflow - please increase njmax to 68
nefc overflow - please increase njmax to 68
nefc overflow - please increase njmax to 68
nefc overflow - please increase njmax to 68
nefc overflow - please increase njmax to 68
nefc overflow - please increase njmax to 68
nefc overflow - please increase njmax to 68
nefc overflow - please increase njmax to 68
nefc overflow - please increase njmax to 68
nefc overflow - please increase njmax to 68
nefc overflow - please increase njmax to 68
nefc overflow - please increase njmax to 68
nefc overflow - please increase njmax to 68
nefc overflow - please increase njmax to 68
nefc overflow - please increase njmax to 68
nefc overflow - please increase njmax to 68
nefc overflow - please increase njmax to 68
nefc overflow - please increase njmax to 68
nefc overflow - please increase njmax to 68
nefc overflow - please increase njmax to 68
nefc overflow - please increase njmax to 68
nefc overflow - please increase njmax to 68
nefc overflow - please increase njmax to 72
nefc overflow - please increase njmax to 84
nefc overflow - please increase njmax to 84
nefc overflow - please increase njmax to 84
nefc overflow - please increase njmax to 84
nefc overflow - please increase njmax to 84
nefc overflow - please increase njmax to 84
nefc overflow - please increase njmax to 80
nefc overflow - please increase njmax to 80
nefc overflow - please increase njmax to 76
nefc overflow - please increase njmax to 76
nefc overflow - please increase njmax to 76
nefc overflow - please increase njmax to 76
nefc overflow - please increase njmax to 76
nefc overflow - please increase njmax to 80
nefc overflow - please increase njmax to 80
nefc overflow - please increase njmax to 84
nefc overflow - please increase njmax to 84
nefc overflow - please increase njmax to 84
nefc overflow - please increase njmax to 84
nefc overflow - please increase njmax to 80
nefc overflow - please increase njmax to 80
nefc overflow - please increase njmax to 80
nefc overflow - please increase njmax to 76
nefc overflow - please increase njmax to 76
nefc overflow - please increase njmax to 76
nefc overflow - please increase njmax to 76
nefc overflow - please increase njmax to 76
nefc overflow - please increase njmax to 76
nefc overflow - please increase njmax to 76
nefc overflow - please increase njmax to 76
nefc overflow - please increase njmax to 76
nefc overflow - please increase njmax to 76
nefc overflow - please increase njmax to 76
nefc overflow - please increase njmax to 76
nefc overflow - please increase njmax to 76
nefc overflow - please increase njmax to 76
nefc overflow - please increase njmax to 76
nefc overflow - please increase njmax to 76
nefc overflow - please increase njmax to 76
nefc overflow - please increase njmax to 76
nefc overflow - please increase njmax to 76
nefc overflow - please increase njmax to 76
nefc overflow - please increase njmax to 76
nefc overflow - please increase njmax to 76
nefc overflow - please increase njmax to 76
nefc overflow - please increase njmax to 76
nefc overflow - please increase njmax to 76
nefc overflow - please increase njmax to 76
nefc overflow - please increase njmax to 76
nefc overflow - please increase njmax to 76
nefc overflow - please increase njmax to 76
nefc overflow - please increase njmax to 76
nefc overflow - please increase njmax to 76
nefc overflow - please increase njmax to 76
nefc overflow - please increase njmax to 76
nefc overflow - please increase njmax to 76
nefc overflow - please increase njmax to 76
nefc overflow - please increase njmax to 76
nefc overflow - please increase njmax to 76
nefc overflow - please increase njmax to 76
nefc overflow - please increase njmax to 76
nefc overflow - please increase njmax to 76
nefc overflow - please increase njmax to 76
nefc overflow - please increase njmax to 76
nefc overflow - please increase njmax to 76
nefc overflow - please increase njmax to 76
nefc overflow - please increase njmax to 76
nefc overflow - please increase njmax to 76
nefc overflow - please increase njmax to 76
nefc overflow - please increase njmax to 76
nefc overflow - please increase njmax to 76
nefc overflow - please increase njmax to 76
nefc overflow - please increase njmax to 76
nefc overflow - please increase njmax to 76
nefc overflow - please increase njmax to 76
nefc overflow - please increase njmax to 76
nefc overflow - please increase njmax to 76
nefc overflow - please increase njmax to 76
nefc overflow - please increase njmax to 76
nefc overflow - please increase njmax to 76
nefc overflow - please increase njmax to 76
nefc overflow - please increase njmax to 76
nefc overflow - please increase njmax to 76
nefc overflow - please increase njmax to 76
nefc overflow - please increase njmax to 76
nefc overflow - please increase njmax to 76
nefc overflow - please increase njmax to 76
nefc overflow - please increase njmax to 76
nefc overflow - please increase njmax to 76
nefc overflow - please increase njmax to 76
nefc overflow - please increase njmax to 76
nefc overflow - please increase njmax to 76
nefc overflow - please increase njmax to 76
nefc overflow - please increase njmax to 76
nefc overflow - please increase njmax to 76
nefc overflow - please increase njmax to 76
nefc overflow - please increase njmax to 76
nefc overflow - please increase njmax to 76
nefc overflow - please increase njmax to 76
nefc overflow - please increase njmax to 76
nefc overflow - please increase njmax to 76
nefc overflow - please increase njmax to 76
nefc overflow - please increase njmax to 76
nefc overflow - please increase njmax to 76
nefc overflow - please increase njmax to 76
nefc overflow - please increase njmax to 76
nefc overflow - please increase njmax to 76
nefc overflow - please increase njmax to 76
nefc overflow - please increase njmax to 76
nefc overflow - please increase njmax to 76
nefc overflow - please increase njmax to 76
nefc overflow - please increase njmax to 76
nefc overflow - please increase njmax to 76
nefc overflow - please increase njmax to 76
nefc overflow - please increase njmax to 76
nefc overflow - please increase njmax to 76
nefc overflow - please increase njmax to 76
nefc overflow - please increase njmax to 76
nefc overflow - please increase njmax to 76
nefc overflow - please increase njmax to 76
nefc overflow - please increase njmax to 76
nefc overflow - please increase njmax to 76
nefc overflow - please increase njmax to 76
nefc overflow - please increase njmax to 76
nefc overflow - please increase njmax to 76
nefc overflow - please increase njmax to 76
nefc overflow - please increase njmax to 76
nefc overflow - please increase njmax to 76
nefc overflow - please increase njmax to 76
nefc overflow - please increase njmax to 76
nefc overflow - please increase njmax to 76
nefc overflow - please increase njmax to 76
nefc overflow - please increase njmax to 76
nefc overflow - please increase njmax to 76
nefc overflow - please increase njmax to 76
nefc overflow - please increase njmax to 76
nefc overflow - please increase njmax to 76
nefc overflow - please increase njmax to 76
nefc overflow - please increase njmax to 76
nefc overflow - please increase njmax to 76
nefc overflow - please increase njmax to 76
nefc overflow - please increase njmax to 76
nefc overflow - please increase njmax to 76
nefc overflow - please increase njmax to 76
nefc overflow - please increase njmax to 76
nefc overflow - please increase njmax to 76
nefc overflow - please increase njmax to 76
nefc overflow - please increase njmax to 76
nefc overflow - please increase njmax to 76
nefc overflow - please increase njmax to 76
nefc overflow - please increase njmax to 76
nefc overflow - please increase njmax to 76
nefc overflow - please increase njmax to 76
nefc overflow - please increase njmax to 76
nefc overflow - please increase njmax to 76
nefc overflow - please increase njmax to 76
nefc overflow - please increase njmax to 76
nefc overflow - please increase njmax to 76
nefc overflow - please increase njmax to 76
nefc overflow - please increase njmax to 76
nefc overflow - please increase njmax to 76
nefc overflow - please increase njmax to 76
nefc overflow - please increase njmax to 76
nefc overflow - please increase njmax to 76
nefc overflow - please increase njmax to 76
nefc overflow - please increase njmax to 76
nefc overflow - please increase njmax to 76
nefc overflow - please increase njmax to 76
nefc overflow - please increase njmax to 76
nefc overflow - please increase njmax to 76
nefc overflow - please increase njmax to 76
nefc overflow - please increase njmax to 76
nefc overflow - please increase njmax to 76
nefc overflow - please increase njmax to 76
nefc overflow - please increase njmax to 76
nefc overflow - please increase njmax to 76
nefc overflow - please increase njmax to 76
nefc overflow - please increase njmax to 76
nefc overflow - please increase njmax to 76
nefc overflow - please increase njmax to 76
nefc overflow - please increase njmax to 76
nefc overflow - please increase njmax to 76
nefc overflow - please increase njmax to 76
nefc overflow - please increase njmax to 76
nefc overflow - please increase njmax to 76
nefc overflow - please increase njmax to 76
nefc overflow - please increase njmax to 76
nefc overflow - please increase njmax to 76
nefc overflow - please increase njmax to 76
nefc overflow - please increase njmax to 76
nefc overflow - please increase njmax to 76
nefc overflow - please increase njmax to 76
nefc overflow - please increase njmax to 76
nefc overflow - please increase njmax to 76
nefc overflow - please increase njmax to 76
nefc overflow - please increase njmax to 76
nefc overflow - please increase njmax to 76
nefc overflow - please increase njmax to 76
nefc overflow - please increase njmax to 76
nefc overflow - please increase njmax to 76
nefc overflow - please increase njmax to 76
nefc overflow - please increase njmax to 76
nefc overflow - please increase njmax to 76
nefc overflow - please increase njmax to 76
nefc overflow - please increase njmax to 76
nefc overflow - please increase njmax to 76
nefc overflow - please increase njmax to 76
nefc overflow - please increase njmax to 76
nefc overflow - please increase njmax to 76
nefc overflow - please increase njmax to 84
nefc overflow - please increase njmax to 84
nefc overflow - please increase njmax to 84
nefc overflow - please increase njmax to 84
nefc overflow - please increase njmax to 84
nefc overflow - please increase njmax to 84
nefc overflow - please increase njmax to 84
nefc overflow - please increase njmax to 84
nefc overflow - please increase njmax to 84
nefc overflow - please increase njmax to 84
nefc overflow - please increase njmax to 84
nefc overflow - please increase njmax to 84
nefc overflow - please increase njmax to 84
nefc overflow - please increase njmax to 84
nefc overflow - please increase njmax to 84
nefc overflow - please increase njmax to 84
nefc overflow - please increase njmax to 84
nefc overflow - please increase njmax to 84
nefc overflow - please increase njmax to 84
nefc overflow - please increase njmax to 84
nefc overflow - please increase njmax to 80
nefc overflow - please increase njmax to 80
nefc overflow - please increase njmax to 76
nefc overflow - please increase njmax to 76
nefc overflow - please increase njmax to 76
nefc overflow - please increase njmax to 76
nefc overflow - please increase njmax to 76
nefc overflow - please increase njmax to 76
nefc overflow - please increase njmax to 76
nefc overflow - please increase njmax to 76
nefc overflow - please increase njmax to 76
nefc overflow - please increase njmax to 76
nefc overflow - please increase njmax to 76
nefc overflow - please increase njmax to 76
nefc overflow - please increase njmax to 76
nefc overflow - please increase njmax to 76
nefc overflow - please increase njmax to 76
nefc overflow - please increase njmax to 76
nefc overflow - please increase njmax to 76
nefc overflow - please increase njmax to 76
nefc overflow - please increase njmax to 76
nefc overflow - please increase njmax to 76
nefc overflow - please increase njmax to 76
nefc overflow - please increase njmax to 76
nefc overflow - please increase njmax to 76
nefc overflow - please increase njmax to 76
nefc overflow - please increase njmax to 76
nefc overflow - please increase njmax to 76
nefc overflow - please increase njmax to 76
nefc overflow - please increase njmax to 76
nefc overflow - please increase njmax to 76
nefc overflow - please increase njmax to 76
nefc overflow - please increase njmax to 76
nefc overflow - please increase njmax to 76
nefc overflow - please increase njmax to 76
nefc overflow - please increase njmax to 76
nefc overflow - please increase njmax to 76
nefc overflow - please increase njmax to 76
nefc overflow - please increase njmax to 76
nefc overflow - please increase njmax to 76
nefc overflow - please increase njmax to 76
nefc overflow - please increase njmax to 76
nefc overflow - please increase njmax to 76
nefc overflow - please increase njmax to 76
nefc overflow - please increase njmax to 76
nefc overflow - please increase njmax to 76
nefc overflow - please increase njmax to 76
nefc overflow - please increase njmax to 76
nefc overflow - please increase njmax to 76
nefc overflow - please increase njmax to 76
nefc overflow - please increase njmax to 76
nefc overflow - please increase njmax to 76
nefc overflow - please increase njmax to 76
nefc overflow - please increase njmax to 76
nefc overflow - please increase njmax to 76
nefc overflow - please increase njmax to 76
nefc overflow - please increase njmax to 76
nefc overflow - please increase njmax to 76
nefc overflow - please increase njmax to 76
nefc overflow - please increase njmax to 76
nefc overflow - please increase njmax to 76
nefc overflow - please increase njmax to 76
nefc overflow - please increase njmax to 76
nefc overflow - please increase njmax to 76
nefc overflow - please increase njmax to 76
nefc overflow - please increase njmax to 76
nefc overflow - please increase njmax to 76
nefc overflow - please increase njmax to 76
nefc overflow - please increase njmax to 76
nefc overflow - please increase njmax to 76
nefc overflow - please increase njmax to 76
nefc overflow - please increase njmax to 76
nefc overflow - please increase njmax to 76
nefc overflow - please increase njmax to 76
nefc overflow - please increase njmax to 76
nefc overflow - please increase njmax to 76
nefc overflow - please increase njmax to 76
nefc overflow - please increase njmax to 76
nefc overflow - please increase njmax to 76
nefc overflow - please increase njmax to 76
nefc overflow - please increase njmax to 76
nefc overflow - please increase njmax to 76
nefc overflow - please increase njmax to 76
nefc overflow - please increase njmax to 76
nefc overflow - please increase njmax to 76
nefc overflow - please increase njmax to 76
nefc overflow - please increase njmax to 76
nefc overflow - please increase njmax to 76
nefc overflow - please increase njmax to 76
nefc overflow - please increase njmax to 76
nefc overflow - please increase njmax to 76
nefc overflow - please increase njmax to 76
nefc overflow - please increase njmax to 76
nefc overflow - please increase njmax to 76
nefc overflow - please increase njmax to 76
nefc overflow - please increase njmax to 76
nefc overflow - please increase njmax to 76
nefc overflow - please increase njmax to 76
nefc overflow - please increase njmax to 76
nefc overflow - please increase njmax to 76
nefc overflow - please increase njmax to 76
nefc overflow - please increase njmax to 76
nefc overflow - please increase njmax to 76
nefc overflow - please increase njmax to 76
nefc overflow - please increase njmax to 76
nefc overflow - please increase njmax to 76
nefc overflow - please increase njmax to 76
nefc overflow - please increase njmax to 76
nefc overflow - please increase njmax to 76
nefc overflow - please increase njmax to 76
nefc overflow - please increase njmax to 76
nefc overflow - please increase njmax to 76
nefc overflow - please increase njmax to 76
nefc overflow - please increase njmax to 76
nefc overflow - please increase njmax to 76
nefc overflow - please increase njmax to 76
nefc overflow - please increase njmax to 76
nefc overflow - please increase njmax to 76
nefc overflow - please increase njmax to 76
nefc overflow - please increase njmax to 76
nefc overflow - please increase njmax to 76
nefc overflow - please increase njmax to 76
nefc overflow - please increase njmax to 76
nefc overflow - please increase njmax to 76
nefc overflow - please increase njmax to 76
nefc overflow - please increase njmax to 76
nefc overflow - please increase njmax to 76
nefc overflow - please increase njmax to 76
nefc overflow - please increase njmax to 76
nefc overflow - please increase njmax to 76
nefc overflow - please increase njmax to 76
nefc overflow - please increase njmax to 76
nefc overflow - please increase njmax to 76
nefc overflow - please increase njmax to 76
nefc overflow - please increase njmax to 76
nefc overflow - please increase njmax to 76
nefc overflow - please increase njmax to 76
nefc overflow - please increase njmax to 76
nefc overflow - please increase njmax to 76
nefc overflow - please increase njmax to 76
nefc overflow - please increase njmax to 76
nefc overflow - please increase njmax to 76
nefc overflow - please increase njmax to 76
nefc overflow - please increase njmax to 76
nefc overflow - please increase njmax to 76
nefc overflow - please increase njmax to 76
nefc overflow - please increase njmax to 76
nefc overflow - please increase njmax to 76
nefc overflow - please increase njmax to 76
nefc overflow - please increase njmax to 76
nefc overflow - please increase njmax to 76
nefc overflow - please increase njmax to 76
nefc overflow - please increase njmax to 76
nefc overflow - please increase njmax to 76
nefc overflow - please increase njmax to 76
nefc overflow - please increase njmax to 76
nefc overflow - please increase njmax to 76
nefc overflow - please increase njmax to 76
nefc overflow - please increase njmax to 76
nefc overflow - please increase njmax to 76
nefc overflow - please increase njmax to 76
nefc overflow - please increase njmax to 76
nefc overflow - please increase njmax to 76
nefc overflow - please increase njmax to 76
nefc overflow - please increase njmax to 76
nefc overflow - please increase njmax to 76
nefc overflow - please increase njmax to 76
nefc overflow - please increase njmax to 76
nefc overflow - please increase njmax to 76
nefc overflow - please increase njmax to 76
nefc overflow - please increase njmax to 76
nefc overflow - please increase njmax to 76
nefc overflow - please increase njmax to 76
nefc overflow - please increase njmax to 76
nefc overflow - please increase njmax to 76
nefc overflow - please increase njmax to 76
nefc overflow - please increase njmax to 76
nefc overflow - please increase njmax to 76
nefc overflow - please increase njmax to 76
nefc overflow - please increase njmax to 76
nefc overflow - please increase njmax to 76
nefc overflow - please increase njmax to 76
nefc overflow - please increase njmax to 76
nefc overflow - please increase njmax to 76
nefc overflow - please increase njmax to 76
nefc overflow - please increase njmax to 76
nefc overflow - please increase njmax to 76
nefc overflow - please increase njmax to 76
nefc overflow - please increase njmax to 76
nefc overflow - please increase njmax to 76
nefc overflow - please increase njmax to 76
nefc overflow - please increase njmax to 76
nefc overflow - please increase njmax to 76
nefc overflow - please increase njmax to 76
nefc overflow - please increase njmax to 76
nefc overflow - please increase njmax to 76
nefc overflow - please increase njmax to 76
nefc overflow - please increase njmax to 76
nefc overflow - please increase njmax to 76
nefc overflow - please increase njmax to 76
nefc overflow - please increase njmax to 76
nefc overflow - please increase njmax to 76
nefc overflow - please increase njmax to 76
nefc overflow - please increase njmax to 76
nefc overflow - please increase njmax to 76
nefc overflow - please increase njmax to 76
nefc overflow - please increase njmax to 76
nefc overflow - please increase njmax to 76
nefc overflow - please increase njmax to 76
nefc overflow - please increase njmax to 76
nefc overflow - please increase njmax to 76
nefc overflow - please increase njmax to 76
nefc overflow - please increase njmax to 76
nefc overflow - please increase njmax to 76
nefc overflow - please increase njmax to 76
nefc overflow - please increase njmax to 76
nefc overflow - please increase njmax to 76
nefc overflow - please increase njmax to 76
nefc overflow - please increase njmax to 76
nefc overflow - please increase njmax to 76
nefc overflow - please increase njmax to 68
nefc overflow - please increase njmax to 68
nefc overflow - please increase njmax to 68
nefc overflow - please increase njmax to 68
nefc overflow - please increase njmax to 68
nefc overflow - please increase njmax to 68
nefc overflow - please increase njmax to 68
nefc overflow - please increase njmax to 68
nefc overflow - please increase njmax to 68
nefc overflow - please increase njmax to 68
nefc overflow - please increase njmax to 68
nefc overflow - please increase njmax to 68
nefc overflow - please increase njmax to 68
nefc overflow - please increase njmax to 68
nefc overflow - please increase njmax to 68
nefc overflow - please increase njmax to 68
nefc overflow - please increase njmax to 68
nefc overflow - please increase njmax to 68
nefc overflow - please increase njmax to 68
nefc overflow - please increase njmax to 68
nefc overflow - please increase njmax to 68
nefc overflow - please increase njmax to 68
nefc overflow - please increase njmax to 68
nefc overflow - please increase njmax to 68
nefc overflow - please increase njmax to 68
nefc overflow - please increase njmax to 68
nefc overflow - please increase njmax to 68
nefc overflow - please increase njmax to 68
nefc overflow - please increase njmax to 68
nefc overflow - please increase njmax to 68
nefc overflow - please increase njmax to 68
nefc overflow - please increase njmax to 68
nefc overflow - please increase njmax to 68
nefc overflow - please increase njmax to 68
nefc overflow - please increase njmax to 68
nefc overflow - please increase njmax to 68
nefc overflow - please increase njmax to 68
nefc overflow - please increase njmax to 68
nefc overflow - please increase njmax to 68
nefc overflow - please increase njmax to 68
nefc overflow - please increase njmax to 68
nefc overflow - please increase njmax to 68
nefc overflow - please increase njmax to 68
nefc overflow - please increase njmax to 68
nefc overflow - please increase njmax to 68
nefc overflow - please increase njmax to 68
nefc overflow - please increase njmax to 68
nefc overflow - please increase njmax to 68
nefc overflow - please increase njmax to 68
nefc overflow - please increase njmax to 68
nefc overflow - please increase njmax to 68
nefc overflow - please increase njmax to 68
nefc overflow - please increase njmax to 68
nefc overflow - please increase njmax to 68
nefc overflow - please increase njmax to 68
nefc overflow - please increase njmax to 68
nefc overflow - please increase njmax to 68
nefc overflow - please increase njmax to 68
nefc overflow - please increase njmax to 68
nefc overflow - please increase njmax to 68
nefc overflow - please increase njmax to 68
nefc overflow - please increase njmax to 68
nefc overflow - please increase njmax to 68
nefc overflow - please increase njmax to 68
nefc overflow - please increase njmax to 68
nefc overflow - please increase njmax to 68
nefc overflow - please increase njmax to 68
nefc overflow - please increase njmax to 68
nefc overflow - please increase njmax to 68
nefc overflow - please increase njmax to 72
nefc overflow - please increase njmax to 68
nefc overflow - please increase njmax to 68
nefc overflow - please increase njmax to 68
nefc overflow - please increase njmax to 68
nefc overflow - please increase njmax to 68
nefc overflow - please increase njmax to 68
nefc overflow - please increase njmax to 72
nefc overflow - please increase njmax to 72
nefc overflow - please increase njmax to 72
nefc overflow - please increase njmax to 72
nefc overflow - please increase njmax to 72
nefc overflow - please increase njmax to 72
nefc overflow - please increase njmax to 72
nefc overflow - please increase njmax to 72
nefc overflow - please increase njmax to 72
nefc overflow - please increase njmax to 72
nefc overflow - please increase njmax to 72
nefc overflow - please increase njmax to 72
nefc overflow - please increase njmax to 72
nefc overflow - please increase njmax to 72
nefc overflow - please increase njmax to 72
nefc overflow - please increase njmax to 72
nefc overflow - please increase njmax to 72
nefc overflow - please increase njmax to 72
nefc overflow - please increase njmax to 72
nefc overflow - please increase njmax to 72
nefc overflow - please increase njmax to 72
nefc overflow - please increase njmax to 72
nefc overflow - please increase njmax to 72
nefc overflow - please increase njmax to 68
nefc overflow - please increase njmax to 68
nefc overflow - please increase njmax to 68
nefc overflow - please increase njmax to 68
nefc overflow - please increase njmax to 72
nefc overflow - please increase njmax to 68
nefc overflow - please increase njmax to 68
nefc overflow - please increase njmax to 68
nefc overflow - please increase njmax to 68
nefc overflow - please increase njmax to 68
nefc overflow - please increase njmax to 68
nefc overflow - please increase njmax to 68
nefc overflow - please increase njmax to 68
nefc overflow - please increase njmax to 68
    c|jax      base_pos=3.016e-05+-2.7e-05  base_rot=1.026e-04+-8.3e-05  (n=10)
    c|warp     base_pos=1.750e-04+-1.0e-04  base_rot=8.067e-04+-4.6e-04  (n=10)
    jax|warp   base_pos=2.015e-04+-9.9e-05  base_rot=8.916e-04+-4.5e-04  (n=10)
[4/14] iterations=100 ...
nefc overflow - please increase njmax to 68
nefc overflow - please increase njmax to 72
nefc overflow - please increase njmax to 68
nefc overflow - please increase njmax to 68
nefc overflow - please increase njmax to 68
nefc overflow - please increase njmax to 68
nefc overflow - please increase njmax to 68
nefc overflow - please increase njmax to 68
nefc overflow - please increase njmax to 68
nefc overflow - please increase njmax to 68
nefc overflow - please increase njmax to 68
nefc overflow - please increase njmax to 68
nefc overflow - please increase njmax to 68
nefc overflow - please increase njmax to 68
nefc overflow - please increase njmax to 68
nefc overflow - please increase njmax to 68
nefc overflow - please increase njmax to 68
nefc overflow - please increase njmax to 68
nefc overflow - please increase njmax to 68
nefc overflow - please increase njmax to 68
nefc overflow - please increase njmax to 68
nefc overflow - please increase njmax to 68
nefc overflow - please increase njmax to 68
nefc overflow - please increase njmax to 68
nefc overflow - please increase njmax to 72
nefc overflow - please increase njmax to 84
nefc overflow - please increase njmax to 84
nefc overflow - please increase njmax to 84
nefc overflow - please increase njmax to 84
nefc overflow - please increase njmax to 84
nefc overflow - please increase njmax to 84
nefc overflow - please increase njmax to 80
nefc overflow - please increase njmax to 80
nefc overflow - please increase njmax to 76
nefc overflow - please increase njmax to 76
nefc overflow - please increase njmax to 76
nefc overflow - please increase njmax to 76
nefc overflow - please increase njmax to 76
nefc overflow - please increase njmax to 80
nefc overflow - please increase njmax to 80
nefc overflow - please increase njmax to 84
nefc overflow - please increase njmax to 84
nefc overflow - please increase njmax to 84
nefc overflow - please increase njmax to 84
nefc overflow - please increase njmax to 80
nefc overflow - please increase njmax to 80
nefc overflow - please increase njmax to 80
nefc overflow - please increase njmax to 76
nefc overflow - please increase njmax to 76
nefc overflow - please increase njmax to 76
nefc overflow - please increase njmax to 76
nefc overflow - please increase njmax to 76
nefc overflow - please increase njmax to 76
nefc overflow - please increase njmax to 76
nefc overflow - please increase njmax to 76
nefc overflow - please increase njmax to 76
nefc overflow - please increase njmax to 76
nefc overflow - please increase njmax to 76
nefc overflow - please increase njmax to 76
nefc overflow - please increase njmax to 76
nefc overflow - please increase njmax to 76
nefc overflow - please increase njmax to 76
nefc overflow - please increase njmax to 76
nefc overflow - please increase njmax to 76
nefc overflow - please increase njmax to 76
nefc overflow - please increase njmax to 76
nefc overflow - please increase njmax to 76
nefc overflow - please increase njmax to 76
nefc overflow - please increase njmax to 76
nefc overflow - please increase njmax to 76
nefc overflow - please increase njmax to 76
nefc overflow - please increase njmax to 76
nefc overflow - please increase njmax to 76
nefc overflow - please increase njmax to 76
nefc overflow - please increase njmax to 76
nefc overflow - please increase njmax to 76
nefc overflow - please increase njmax to 76
nefc overflow - please increase njmax to 76
nefc overflow - please increase njmax to 76
nefc overflow - please increase njmax to 76
nefc overflow - please increase njmax to 76
nefc overflow - please increase njmax to 76
nefc overflow - please increase njmax to 76
nefc overflow - please increase njmax to 76
nefc overflow - please increase njmax to 76
nefc overflow - please increase njmax to 76
nefc overflow - please increase njmax to 76
nefc overflow - please increase njmax to 76
nefc overflow - please increase njmax to 76
nefc overflow - please increase njmax to 76
nefc overflow - please increase njmax to 76
nefc overflow - please increase njmax to 76
nefc overflow - please increase njmax to 76
nefc overflow - please increase njmax to 76
nefc overflow - please increase njmax to 76
nefc overflow - please increase njmax to 76
nefc overflow - please increase njmax to 76
nefc overflow - please increase njmax to 76
nefc overflow - please increase njmax to 76
nefc overflow - please increase njmax to 76
nefc overflow - please increase njmax to 76
nefc overflow - please increase njmax to 76
nefc overflow - please increase njmax to 76
nefc overflow - please increase njmax to 76
nefc overflow - please increase njmax to 76
nefc overflow - please increase njmax to 76
nefc overflow - please increase njmax to 76
nefc overflow - please increase njmax to 76
nefc overflow - please increase njmax to 76
nefc overflow - please increase njmax to 76
nefc overflow - please increase njmax to 76
nefc overflow - please increase njmax to 76
nefc overflow - please increase njmax to 76
nefc overflow - please increase njmax to 76
nefc overflow - please increase njmax to 76
nefc overflow - please increase njmax to 76
nefc overflow - please increase njmax to 76
nefc overflow - please increase njmax to 76
nefc overflow - please increase njmax to 76
nefc overflow - please increase njmax to 76
nefc overflow - please increase njmax to 76
nefc overflow - please increase njmax to 76
nefc overflow - please increase njmax to 76
nefc overflow - please increase njmax to 76
nefc overflow - please increase njmax to 76
nefc overflow - please increase njmax to 76
nefc overflow - please increase njmax to 76
nefc overflow - please increase njmax to 76
nefc overflow - please increase njmax to 76
nefc overflow - please increase njmax to 76
nefc overflow - please increase njmax to 76
nefc overflow - please increase njmax to 76
nefc overflow - please increase njmax to 76
nefc overflow - please increase njmax to 76
nefc overflow - please increase njmax to 76
nefc overflow - please increase njmax to 76
nefc overflow - please increase njmax to 76
nefc overflow - please increase njmax to 76
nefc overflow - please increase njmax to 76
nefc overflow - please increase njmax to 76
nefc overflow - please increase njmax to 76
nefc overflow - please increase njmax to 76
nefc overflow - please increase njmax to 76
nefc overflow - please increase njmax to 76
nefc overflow - please increase njmax to 76
nefc overflow - please increase njmax to 76
nefc overflow - please increase njmax to 76
nefc overflow - please increase njmax to 76
nefc overflow - please increase njmax to 76
nefc overflow - please increase njmax to 76
nefc overflow - please increase njmax to 76
nefc overflow - please increase njmax to 76
nefc overflow - please increase njmax to 76
nefc overflow - please increase njmax to 76
nefc overflow - please increase njmax to 76
nefc overflow - please increase njmax to 76
nefc overflow - please increase njmax to 76
nefc overflow - please increase njmax to 76
nefc overflow - please increase njmax to 76
nefc overflow - please increase njmax to 76
nefc overflow - please increase njmax to 76
nefc overflow - please increase njmax to 76
nefc overflow - please increase njmax to 76
nefc overflow - please increase njmax to 76
nefc overflow - please increase njmax to 76
nefc overflow - please increase njmax to 76
nefc overflow - please increase njmax to 76
nefc overflow - please increase njmax to 76
nefc overflow - please increase njmax to 76
nefc overflow - please increase njmax to 76
nefc overflow - please increase njmax to 76
nefc overflow - please increase njmax to 76
nefc overflow - please increase njmax to 76
nefc overflow - please increase njmax to 76
nefc overflow - please increase njmax to 76
nefc overflow - please increase njmax to 76
nefc overflow - please increase njmax to 76
nefc overflow - please increase njmax to 76
nefc overflow - please increase njmax to 76
nefc overflow - please increase njmax to 76
nefc overflow - please increase njmax to 76
nefc overflow - please increase njmax to 76
nefc overflow - please increase njmax to 76
nefc overflow - please increase njmax to 76
nefc overflow - please increase njmax to 76
nefc overflow - please increase njmax to 76
nefc overflow - please increase njmax to 76
nefc overflow - please increase njmax to 76
nefc overflow - please increase njmax to 76
nefc overflow - please increase njmax to 76
nefc overflow - please increase njmax to 76
nefc overflow - please increase njmax to 76
nefc overflow - please increase njmax to 76
nefc overflow - please increase njmax to 76
nefc overflow - please increase njmax to 76
nefc overflow - please increase njmax to 76
nefc overflow - please increase njmax to 76
nefc overflow - please increase njmax to 76
nefc overflow - please increase njmax to 76
nefc overflow - please increase njmax to 76
nefc overflow - please increase njmax to 76
nefc overflow - please increase njmax to 76
nefc overflow - please increase njmax to 76
nefc overflow - please increase njmax to 76
nefc overflow - please increase njmax to 76
nefc overflow - please increase njmax to 76
nefc overflow - please increase njmax to 76
nefc overflow - please increase njmax to 76
nefc overflow - please increase njmax to 76
nefc overflow - please increase njmax to 76
nefc overflow - please increase njmax to 76
nefc overflow - please increase njmax to 76
nefc overflow - please increase njmax to 76
nefc overflow - please increase njmax to 76
nefc overflow - please increase njmax to 76
nefc overflow - please increase njmax to 76
nefc overflow - please increase njmax to 76
nefc overflow - please increase njmax to 76
nefc overflow - please increase njmax to 76
nefc overflow - please increase njmax to 76
nefc overflow - please increase njmax to 76
nefc overflow - please increase njmax to 76
nefc overflow - please increase njmax to 76
nefc overflow - please increase njmax to 76
nefc overflow - please increase njmax to 76
nefc overflow - please increase njmax to 76
nefc overflow - please increase njmax to 76
nefc overflow - please increase njmax to 76
nefc overflow - please increase njmax to 76
nefc overflow - please increase njmax to 76
nefc overflow - please increase njmax to 76
nefc overflow - please increase njmax to 76
nefc overflow - please increase njmax to 76
nefc overflow - please increase njmax to 76
nefc overflow - please increase njmax to 84
nefc overflow - please increase njmax to 84
nefc overflow - please increase njmax to 84
nefc overflow - please increase njmax to 84
nefc overflow - please increase njmax to 84
nefc overflow - please increase njmax to 84
nefc overflow - please increase njmax to 84
nefc overflow - please increase njmax to 84
nefc overflow - please increase njmax to 84
nefc overflow - please increase njmax to 84
nefc overflow - please increase njmax to 84
nefc overflow - please increase njmax to 84
nefc overflow - please increase njmax to 84
nefc overflow - please increase njmax to 84
nefc overflow - please increase njmax to 84
nefc overflow - please increase njmax to 84
nefc overflow - please increase njmax to 84
nefc overflow - please increase njmax to 84
nefc overflow - please increase njmax to 84
nefc overflow - please increase njmax to 84
nefc overflow - please increase njmax to 80
nefc overflow - please increase njmax to 80
nefc overflow - please increase njmax to 76
nefc overflow - please increase njmax to 76
nefc overflow - please increase njmax to 76
nefc overflow - please increase njmax to 76
nefc overflow - please increase njmax to 76
nefc overflow - please increase njmax to 76
nefc overflow - please increase njmax to 76
nefc overflow - please increase njmax to 76
nefc overflow - please increase njmax to 76
nefc overflow - please increase njmax to 76
nefc overflow - please increase njmax to 76
nefc overflow - please increase njmax to 76
nefc overflow - please increase njmax to 76
nefc overflow - please increase njmax to 76
nefc overflow - please increase njmax to 76
nefc overflow - please increase njmax to 76
nefc overflow - please increase njmax to 76
nefc overflow - please increase njmax to 76
nefc overflow - please increase njmax to 76
nefc overflow - please increase njmax to 76
nefc overflow - please increase njmax to 76
nefc overflow - please increase njmax to 76
nefc overflow - please increase njmax to 76
nefc overflow - please increase njmax to 76
nefc overflow - please increase njmax to 76
nefc overflow - please increase njmax to 76
nefc overflow - please increase njmax to 76
nefc overflow - please increase njmax to 76
nefc overflow - please increase njmax to 76
nefc overflow - please increase njmax to 76
nefc overflow - please increase njmax to 76
nefc overflow - please increase njmax to 76
nefc overflow - please increase njmax to 76
nefc overflow - please increase njmax to 76
nefc overflow - please increase njmax to 76
nefc overflow - please increase njmax to 76
nefc overflow - please increase njmax to 76
nefc overflow - please increase njmax to 76
nefc overflow - please increase njmax to 76
nefc overflow - please increase njmax to 76
nefc overflow - please increase njmax to 76
nefc overflow - please increase njmax to 76
nefc overflow - please increase njmax to 76
nefc overflow - please increase njmax to 76
nefc overflow - please increase njmax to 76
nefc overflow - please increase njmax to 76
nefc overflow - please increase njmax to 76
nefc overflow - please increase njmax to 76
nefc overflow - please increase njmax to 76
nefc overflow - please increase njmax to 76
nefc overflow - please increase njmax to 76
nefc overflow - please increase njmax to 76
nefc overflow - please increase njmax to 76
nefc overflow - please increase njmax to 76
nefc overflow - please increase njmax to 76
nefc overflow - please increase njmax to 76
nefc overflow - please increase njmax to 76
nefc overflow - please increase njmax to 76
nefc overflow - please increase njmax to 76
nefc overflow - please increase njmax to 76
nefc overflow - please increase njmax to 76
nefc overflow - please increase njmax to 76
nefc overflow - please increase njmax to 76
nefc overflow - please increase njmax to 76
nefc overflow - please increase njmax to 76
nefc overflow - please increase njmax to 76
nefc overflow - please increase njmax to 76
nefc overflow - please increase njmax to 76
nefc overflow - please increase njmax to 76
nefc overflow - please increase njmax to 76
nefc overflow - please increase njmax to 76
nefc overflow - please increase njmax to 76
nefc overflow - please increase njmax to 76
nefc overflow - please increase njmax to 76
nefc overflow - please increase njmax to 76
nefc overflow - please increase njmax to 76
nefc overflow - please increase njmax to 76
nefc overflow - please increase njmax to 76
nefc overflow - please increase njmax to 76
nefc overflow - please increase njmax to 76
nefc overflow - please increase njmax to 76
nefc overflow - please increase njmax to 76
nefc overflow - please increase njmax to 76
nefc overflow - please increase njmax to 76
nefc overflow - please increase njmax to 76
nefc overflow - please increase njmax to 76
nefc overflow - please increase njmax to 76
nefc overflow - please increase njmax to 76
nefc overflow - please increase njmax to 76
nefc overflow - please increase njmax to 76
nefc overflow - please increase njmax to 76
nefc overflow - please increase njmax to 76
nefc overflow - please increase njmax to 76
nefc overflow - please increase njmax to 76
nefc overflow - please increase njmax to 76
nefc overflow - please increase njmax to 76
nefc overflow - please increase njmax to 76
nefc overflow - please increase njmax to 76
nefc overflow - please increase njmax to 76
nefc overflow - please increase njmax to 76
nefc overflow - please increase njmax to 76
nefc overflow - please increase njmax to 76
nefc overflow - please increase njmax to 76
nefc overflow - please increase njmax to 76
nefc overflow - please increase njmax to 76
nefc overflow - please increase njmax to 76
nefc overflow - please increase njmax to 76
nefc overflow - please increase njmax to 76
nefc overflow - please increase njmax to 76
nefc overflow - please increase njmax to 76
nefc overflow - please increase njmax to 76
nefc overflow - please increase njmax to 76
nefc overflow - please increase njmax to 76
nefc overflow - please increase njmax to 76
nefc overflow - please increase njmax to 76
nefc overflow - please increase njmax to 76
nefc overflow - please increase njmax to 76
nefc overflow - please increase njmax to 76
nefc overflow - please increase njmax to 76
nefc overflow - please increase njmax to 76
nefc overflow - please increase njmax to 76
nefc overflow - please increase njmax to 76
nefc overflow - please increase njmax to 76
nefc overflow - please increase njmax to 76
nefc overflow - please increase njmax to 76
nefc overflow - please increase njmax to 76
nefc overflow - please increase njmax to 76
nefc overflow - please increase njmax to 76
nefc overflow - please increase njmax to 76
nefc overflow - please increase njmax to 76
nefc overflow - please increase njmax to 76
nefc overflow - please increase njmax to 76
nefc overflow - please increase njmax to 76
nefc overflow - please increase njmax to 76
nefc overflow - please increase njmax to 76
nefc overflow - please increase njmax to 76
nefc overflow - please increase njmax to 76
nefc overflow - please increase njmax to 76
nefc overflow - please increase njmax to 76
nefc overflow - please increase njmax to 76
nefc overflow - please increase njmax to 76
nefc overflow - please increase njmax to 76
nefc overflow - please increase njmax to 76
nefc overflow - please increase njmax to 76
nefc overflow - please increase njmax to 76
nefc overflow - please increase njmax to 76
nefc overflow - please increase njmax to 76
nefc overflow - please increase njmax to 76
nefc overflow - please increase njmax to 76
nefc overflow - please increase njmax to 76
nefc overflow - please increase njmax to 76
nefc overflow - please increase njmax to 76
nefc overflow - please increase njmax to 76
nefc overflow - please increase njmax to 76
nefc overflow - please increase njmax to 76
nefc overflow - please increase njmax to 76
nefc overflow - please increase njmax to 76
nefc overflow - please increase njmax to 76
nefc overflow - please increase njmax to 76
nefc overflow - please increase njmax to 76
nefc overflow - please increase njmax to 76
nefc overflow - please increase njmax to 76
nefc overflow - please increase njmax to 76
nefc overflow - please increase njmax to 76
nefc overflow - please increase njmax to 76
nefc overflow - please increase njmax to 76
nefc overflow - please increase njmax to 76
nefc overflow - please increase njmax to 76
nefc overflow - please increase njmax to 76
nefc overflow - please increase njmax to 76
nefc overflow - please increase njmax to 76
nefc overflow - please increase njmax to 76
nefc overflow - please increase njmax to 76
nefc overflow - please increase njmax to 76
nefc overflow - please increase njmax to 76
nefc overflow - please increase njmax to 76
nefc overflow - please increase njmax to 76
nefc overflow - please increase njmax to 76
nefc overflow - please increase njmax to 76
nefc overflow - please increase njmax to 76
nefc overflow - please increase njmax to 76
nefc overflow - please increase njmax to 76
nefc overflow - please increase njmax to 76
nefc overflow - please increase njmax to 76
nefc overflow - please increase njmax to 76
nefc overflow - please increase njmax to 76
nefc overflow - please increase njmax to 76
nefc overflow - please increase njmax to 76
nefc overflow - please increase njmax to 76
nefc overflow - please increase njmax to 76
nefc overflow - please increase njmax to 76
nefc overflow - please increase njmax to 76
nefc overflow - please increase njmax to 76
nefc overflow - please increase njmax to 76
nefc overflow - please increase njmax to 76
nefc overflow - please increase njmax to 76
nefc overflow - please increase njmax to 76
nefc overflow - please increase njmax to 76
nefc overflow - please increase njmax to 76
nefc overflow - please increase njmax to 76
nefc overflow - please increase njmax to 76
nefc overflow - please increase njmax to 76
nefc overflow - please increase njmax to 76
nefc overflow - please increase njmax to 76
nefc overflow - please increase njmax to 76
nefc overflow - please increase njmax to 76
nefc overflow - please increase njmax to 76
nefc overflow - please increase njmax to 76
nefc overflow - please increase njmax to 76
nefc overflow - please increase njmax to 76
nefc overflow - please increase njmax to 76
nefc overflow - please increase njmax to 76
nefc overflow - please increase njmax to 76
nefc overflow - please increase njmax to 76
nefc overflow - please increase njmax to 76
nefc overflow - please increase njmax to 76
nefc overflow - please increase njmax to 76
nefc overflow - please increase njmax to 76
nefc overflow - please increase njmax to 68
nefc overflow - please increase njmax to 68
nefc overflow - please increase njmax to 68
nefc overflow - please increase njmax to 68
nefc overflow - please increase njmax to 68
nefc overflow - please increase njmax to 68
nefc overflow - please increase njmax to 68
nefc overflow - please increase njmax to 68
nefc overflow - please increase njmax to 68
nefc overflow - please increase njmax to 68
nefc overflow - please increase njmax to 68
nefc overflow - please increase njmax to 68
nefc overflow - please increase njmax to 68
nefc overflow - please increase njmax to 68
nefc overflow - please increase njmax to 68
nefc overflow - please increase njmax to 68
nefc overflow - please increase njmax to 68
nefc overflow - please increase njmax to 68
nefc overflow - please increase njmax to 68
nefc overflow - please increase njmax to 68
nefc overflow - please increase njmax to 68
nefc overflow - please increase njmax to 68
nefc overflow - please increase njmax to 68
nefc overflow - please increase njmax to 68
nefc overflow - please increase njmax to 68
nefc overflow - please increase njmax to 68
nefc overflow - please increase njmax to 68
nefc overflow - please increase njmax to 68
nefc overflow - please increase njmax to 68
nefc overflow - please increase njmax to 68
nefc overflow - please increase njmax to 68
nefc overflow - please increase njmax to 68
nefc overflow - please increase njmax to 68
nefc overflow - please increase njmax to 68
nefc overflow - please increase njmax to 68
nefc overflow - please increase njmax to 68
nefc overflow - please increase njmax to 68
nefc overflow - please increase njmax to 68
nefc overflow - please increase njmax to 68
nefc overflow - please increase njmax to 68
nefc overflow - please increase njmax to 68
nefc overflow - please increase njmax to 68
nefc overflow - please increase njmax to 68
nefc overflow - please increase njmax to 68
nefc overflow - please increase njmax to 68
nefc overflow - please increase njmax to 68
nefc overflow - please increase njmax to 68
nefc overflow - please increase njmax to 68
nefc overflow - please increase njmax to 68
nefc overflow - please increase njmax to 68
nefc overflow - please increase njmax to 68
nefc overflow - please increase njmax to 68
nefc overflow - please increase njmax to 68
nefc overflow - please increase njmax to 68
nefc overflow - please increase njmax to 68
nefc overflow - please increase njmax to 68
nefc overflow - please increase njmax to 68
nefc overflow - please increase njmax to 68
nefc overflow - please increase njmax to 68
nefc overflow - please increase njmax to 68
nefc overflow - please increase njmax to 68
nefc overflow - please increase njmax to 68
nefc overflow - please increase njmax to 68
nefc overflow - please increase njmax to 68
nefc overflow - please increase njmax to 68
nefc overflow - please increase njmax to 68
nefc overflow - please increase njmax to 68
nefc overflow - please increase njmax to 68
nefc overflow - please increase njmax to 68
nefc overflow - please increase njmax to 72
nefc overflow - please increase njmax to 68
nefc overflow - please increase njmax to 68
nefc overflow - please increase njmax to 68
nefc overflow - please increase njmax to 68
nefc overflow - please increase njmax to 68
nefc overflow - please increase njmax to 68
nefc overflow - please increase njmax to 72
nefc overflow - please increase njmax to 72
nefc overflow - please increase njmax to 72
nefc overflow - please increase njmax to 72
nefc overflow - please increase njmax to 72
nefc overflow - please increase njmax to 72
nefc overflow - please increase njmax to 72
nefc overflow - please increase njmax to 72
nefc overflow - please increase njmax to 72
nefc overflow - please increase njmax to 72
nefc overflow - please increase njmax to 72
nefc overflow - please increase njmax to 72
nefc overflow - please increase njmax to 72
nefc overflow - please increase njmax to 72
nefc overflow - please increase njmax to 72
nefc overflow - please increase njmax to 72
nefc overflow - please increase njmax to 72
nefc overflow - please increase njmax to 72
nefc overflow - please increase njmax to 72
nefc overflow - please increase njmax to 72
nefc overflow - please increase njmax to 72
nefc overflow - please increase njmax to 72
nefc overflow - please increase njmax to 72
nefc overflow - please increase njmax to 68
nefc overflow - please increase njmax to 68
nefc overflow - please increase njmax to 68
nefc overflow - please increase njmax to 68
nefc overflow - please increase njmax to 72
nefc overflow - please increase njmax to 68
nefc overflow - please increase njmax to 68
nefc overflow - please increase njmax to 68
nefc overflow - please increase njmax to 68
nefc overflow - please increase njmax to 68
nefc overflow - please increase njmax to 68
nefc overflow - please increase njmax to 68
nefc overflow - please increase njmax to 68
nefc overflow - please increase njmax to 68
    c|jax      base_pos=3.020e-05+-2.7e-05  base_rot=1.027e-04+-8.3e-05  (n=10)
    c|warp     base_pos=1.750e-04+-1.0e-04  base_rot=8.067e-04+-4.6e-04  (n=10)
    jax|warp   base_pos=2.015e-04+-9.9e-05  base_rot=8.916e-04+-4.5e-04  (n=10)
[5/14] ls_iterations=20 ...
Module _linesearch_iterative_kernel__locals__kernel_052c77d4 6f1406e load on device 'cuda:0' took 0.78 ms  (cached)
nefc overflow - please increase njmax to 68
nefc overflow - please increase njmax to 68
nefc overflow - please increase njmax to 68
nefc overflow - please increase njmax to 68
nefc overflow - please increase njmax to 68
nefc overflow - please increase njmax to 68
nefc overflow - please increase njmax to 68
nefc overflow - please increase njmax to 68
nefc overflow - please increase njmax to 68
nefc overflow - please increase njmax to 68
nefc overflow - please increase njmax to 68
nefc overflow - please increase njmax to 68
nefc overflow - please increase njmax to 68
nefc overflow - please increase njmax to 68
nefc overflow - please increase njmax to 68
nefc overflow - please increase njmax to 68
nefc overflow - please increase njmax to 68
nefc overflow - please increase njmax to 68
nefc overflow - please increase njmax to 68
nefc overflow - please increase njmax to 68
nefc overflow - please increase njmax to 84
nefc overflow - please increase njmax to 84
nefc overflow - please increase njmax to 84
nefc overflow - please increase njmax to 84
nefc overflow - please increase njmax to 84
nefc overflow - please increase njmax to 84
nefc overflow - please increase njmax to 84
nefc overflow - please increase njmax to 80
nefc overflow - please increase njmax to 80
nefc overflow - please increase njmax to 76
nefc overflow - please increase njmax to 76
nefc overflow - please increase njmax to 76
nefc overflow - please increase njmax to 76
nefc overflow - please increase njmax to 76
nefc overflow - please increase njmax to 80
nefc overflow - please increase njmax to 80
nefc overflow - please increase njmax to 80
nefc overflow - please increase njmax to 84
nefc overflow - please increase njmax to 84
nefc overflow - please increase njmax to 84
nefc overflow - please increase njmax to 80
nefc overflow - please increase njmax to 80
nefc overflow - please increase njmax to 80
nefc overflow - please increase njmax to 76
nefc overflow - please increase njmax to 76
nefc overflow - please increase njmax to 76
nefc overflow - please increase njmax to 76
nefc overflow - please increase njmax to 76
nefc overflow - please increase njmax to 76
nefc overflow - please increase njmax to 76
nefc overflow - please increase njmax to 76
nefc overflow - please increase njmax to 76
nefc overflow - please increase njmax to 76
nefc overflow - please increase njmax to 76
nefc overflow - please increase njmax to 76
nefc overflow - please increase njmax to 76
nefc overflow - please increase njmax to 76
nefc overflow - please increase njmax to 76
nefc overflow - please increase njmax to 76
nefc overflow - please increase njmax to 76
nefc overflow - please increase njmax to 76
nefc overflow - please increase njmax to 76
nefc overflow - please increase njmax to 76
nefc overflow - please increase njmax to 80
nefc overflow - please increase njmax to 80
nefc overflow - please increase njmax to 80
nefc overflow - please increase njmax to 76
nefc overflow - please increase njmax to 76
nefc overflow - please increase njmax to 76
nefc overflow - please increase njmax to 76
nefc overflow - please increase njmax to 76
nefc overflow - please increase njmax to 76
nefc overflow - please increase njmax to 76
nefc overflow - please increase njmax to 76
nefc overflow - please increase njmax to 76
nefc overflow - please increase njmax to 76
nefc overflow - please increase njmax to 76
nefc overflow - please increase njmax to 76
nefc overflow - please increase njmax to 76
nefc overflow - please increase njmax to 76
nefc overflow - please increase njmax to 76
nefc overflow - please increase njmax to 76
nefc overflow - please increase njmax to 76
nefc overflow - please increase njmax to 76
nefc overflow - please increase njmax to 76
nefc overflow - please increase njmax to 76
nefc overflow - please increase njmax to 76
nefc overflow - please increase njmax to 76
nefc overflow - please increase njmax to 76
nefc overflow - please increase njmax to 76
nefc overflow - please increase njmax to 76
nefc overflow - please increase njmax to 76
nefc overflow - please increase njmax to 76
nefc overflow - please increase njmax to 76
nefc overflow - please increase njmax to 76
nefc overflow - please increase njmax to 76
nefc overflow - please increase njmax to 76
nefc overflow - please increase njmax to 76
nefc overflow - please increase njmax to 76
nefc overflow - please increase njmax to 76
nefc overflow - please increase njmax to 76
nefc overflow - please increase njmax to 76
nefc overflow - please increase njmax to 76
nefc overflow - please increase njmax to 76
nefc overflow - please increase njmax to 76
nefc overflow - please increase njmax to 76
nefc overflow - please increase njmax to 76
nefc overflow - please increase njmax to 76
nefc overflow - please increase njmax to 76
nefc overflow - please increase njmax to 76
nefc overflow - please increase njmax to 76
nefc overflow - please increase njmax to 76
nefc overflow - please increase njmax to 76
nefc overflow - please increase njmax to 76
nefc overflow - please increase njmax to 76
nefc overflow - please increase njmax to 76
nefc overflow - please increase njmax to 76
nefc overflow - please increase njmax to 76
nefc overflow - please increase njmax to 76
nefc overflow - please increase njmax to 76
nefc overflow - please increase njmax to 76
nefc overflow - please increase njmax to 76
nefc overflow - please increase njmax to 76
nefc overflow - please increase njmax to 76
nefc overflow - please increase njmax to 76
nefc overflow - please increase njmax to 76
nefc overflow - please increase njmax to 76
nefc overflow - please increase njmax to 76
nefc overflow - please increase njmax to 76
nefc overflow - please increase njmax to 76
nefc overflow - please increase njmax to 76
nefc overflow - please increase njmax to 76
nefc overflow - please increase njmax to 76
nefc overflow - please increase njmax to 76
nefc overflow - please increase njmax to 76
nefc overflow - please increase njmax to 76
nefc overflow - please increase njmax to 76
nefc overflow - please increase njmax to 76
nefc overflow - please increase njmax to 76
nefc overflow - please increase njmax to 76
nefc overflow - please increase njmax to 76
nefc overflow - please increase njmax to 76
nefc overflow - please increase njmax to 76
nefc overflow - please increase njmax to 76
nefc overflow - please increase njmax to 76
nefc overflow - please increase njmax to 76
nefc overflow - please increase njmax to 76
nefc overflow - please increase njmax to 76
nefc overflow - please increase njmax to 76
nefc overflow - please increase njmax to 76
nefc overflow - please increase njmax to 76
nefc overflow - please increase njmax to 76
nefc overflow - please increase njmax to 76
nefc overflow - please increase njmax to 76
nefc overflow - please increase njmax to 76
nefc overflow - please increase njmax to 76
nefc overflow - please increase njmax to 76
nefc overflow - please increase njmax to 76
nefc overflow - please increase njmax to 76
nefc overflow - please increase njmax to 76
nefc overflow - please increase njmax to 76
nefc overflow - please increase njmax to 76
nefc overflow - please increase njmax to 76
nefc overflow - please increase njmax to 76
nefc overflow - please increase njmax to 76
nefc overflow - please increase njmax to 76
nefc overflow - please increase njmax to 76
nefc overflow - please increase njmax to 76
nefc overflow - please increase njmax to 76
nefc overflow - please increase njmax to 76
nefc overflow - please increase njmax to 76
nefc overflow - please increase njmax to 76
nefc overflow - please increase njmax to 76
nefc overflow - please increase njmax to 76
nefc overflow - please increase njmax to 76
nefc overflow - please increase njmax to 76
nefc overflow - please increase njmax to 76
nefc overflow - please increase njmax to 76
nefc overflow - please increase njmax to 76
nefc overflow - please increase njmax to 76
nefc overflow - please increase njmax to 76
nefc overflow - please increase njmax to 76
nefc overflow - please increase njmax to 76
nefc overflow - please increase njmax to 76
nefc overflow - please increase njmax to 76
nefc overflow - please increase njmax to 76
nefc overflow - please increase njmax to 76
nefc overflow - please increase njmax to 76
nefc overflow - please increase njmax to 76
nefc overflow - please increase njmax to 76
nefc overflow - please increase njmax to 76
nefc overflow - please increase njmax to 76
nefc overflow - please increase njmax to 76
nefc overflow - please increase njmax to 76
nefc overflow - please increase njmax to 76
nefc overflow - please increase njmax to 76
nefc overflow - please increase njmax to 76
nefc overflow - please increase njmax to 76
nefc overflow - please increase njmax to 76
nefc overflow - please increase njmax to 76
nefc overflow - please increase njmax to 76
nefc overflow - please increase njmax to 76
nefc overflow - please increase njmax to 76
nefc overflow - please increase njmax to 76
nefc overflow - please increase njmax to 76
nefc overflow - please increase njmax to 76
nefc overflow - please increase njmax to 76
nefc overflow - please increase njmax to 76
nefc overflow - please increase njmax to 76
nefc overflow - please increase njmax to 76
nefc overflow - please increase njmax to 76
nefc overflow - please increase njmax to 76
nefc overflow - please increase njmax to 76
nefc overflow - please increase njmax to 76
nefc overflow - please increase njmax to 76
nefc overflow - please increase njmax to 76
nefc overflow - please increase njmax to 76
nefc overflow - please increase njmax to 76
nefc overflow - please increase njmax to 76
nefc overflow - please increase njmax to 76
nefc overflow - please increase njmax to 76
nefc overflow - please increase njmax to 76
nefc overflow - please increase njmax to 76
nefc overflow - please increase njmax to 76
nefc overflow - please increase njmax to 76
nefc overflow - please increase njmax to 76
nefc overflow - please increase njmax to 76
nefc overflow - please increase njmax to 76
nefc overflow - please increase njmax to 76
nefc overflow - please increase njmax to 76
nefc overflow - please increase njmax to 80
nefc overflow - please increase njmax to 84
nefc overflow - please increase njmax to 84
nefc overflow - please increase njmax to 84
nefc overflow - please increase njmax to 84
nefc overflow - please increase njmax to 84
nefc overflow - please increase njmax to 84
nefc overflow - please increase njmax to 84
nefc overflow - please increase njmax to 84
nefc overflow - please increase njmax to 84
nefc overflow - please increase njmax to 72
nefc overflow - please increase njmax to 68
nefc overflow - please increase njmax to 76
nefc overflow - please increase njmax to 76
nefc overflow - please increase njmax to 76
nefc overflow - please increase njmax to 76
nefc overflow - please increase njmax to 76
nefc overflow - please increase njmax to 76
nefc overflow - please increase njmax to 76
nefc overflow - please increase njmax to 76
nefc overflow - please increase njmax to 76
nefc overflow - please increase njmax to 76
nefc overflow - please increase njmax to 76
nefc overflow - please increase njmax to 76
nefc overflow - please increase njmax to 76
nefc overflow - please increase njmax to 76
nefc overflow - please increase njmax to 80
nefc overflow - please increase njmax to 84
nefc overflow - please increase njmax to 84
nefc overflow - please increase njmax to 84
nefc overflow - please increase njmax to 84
nefc overflow - please increase njmax to 84
nefc overflow - please increase njmax to 80
nefc overflow - please increase njmax to 76
nefc overflow - please increase njmax to 76
nefc overflow - please increase njmax to 76
nefc overflow - please increase njmax to 76
nefc overflow - please increase njmax to 76
nefc overflow - please increase njmax to 76
nefc overflow - please increase njmax to 76
nefc overflow - please increase njmax to 76
nefc overflow - please increase njmax to 76
nefc overflow - please increase njmax to 76
nefc overflow - please increase njmax to 76
nefc overflow - please increase njmax to 76
nefc overflow - please increase njmax to 76
nefc overflow - please increase njmax to 76
nefc overflow - please increase njmax to 76
nefc overflow - please increase njmax to 76
nefc overflow - please increase njmax to 76
nefc overflow - please increase njmax to 76
nefc overflow - please increase njmax to 76
nefc overflow - please increase njmax to 76
nefc overflow - please increase njmax to 76
nefc overflow - please increase njmax to 76
nefc overflow - please increase njmax to 76
nefc overflow - please increase njmax to 76
nefc overflow - please increase njmax to 76
nefc overflow - please increase njmax to 76
nefc overflow - please increase njmax to 76
nefc overflow - please increase njmax to 76
nefc overflow - please increase njmax to 76
nefc overflow - please increase njmax to 76
nefc overflow - please increase njmax to 76
nefc overflow - please increase njmax to 76
nefc overflow - please increase njmax to 76
nefc overflow - please increase njmax to 76
nefc overflow - please increase njmax to 76
nefc overflow - please increase njmax to 76
nefc overflow - please increase njmax to 76
nefc overflow - please increase njmax to 76
nefc overflow - please increase njmax to 76
nefc overflow - please increase njmax to 76
nefc overflow - please increase njmax to 76
nefc overflow - please increase njmax to 76
nefc overflow - please increase njmax to 76
nefc overflow - please increase njmax to 76
nefc overflow - please increase njmax to 76
nefc overflow - please increase njmax to 76
nefc overflow - please increase njmax to 76
nefc overflow - please increase njmax to 76
nefc overflow - please increase njmax to 76
nefc overflow - please increase njmax to 76
nefc overflow - please increase njmax to 76
nefc overflow - please increase njmax to 76
nefc overflow - please increase njmax to 76
nefc overflow - please increase njmax to 76
nefc overflow - please increase njmax to 76
nefc overflow - please increase njmax to 76
nefc overflow - please increase njmax to 76
nefc overflow - please increase njmax to 76
nefc overflow - please increase njmax to 76
nefc overflow - please increase njmax to 76
nefc overflow - please increase njmax to 76
nefc overflow - please increase njmax to 76
nefc overflow - please increase njmax to 76
nefc overflow - please increase njmax to 76
nefc overflow - please increase njmax to 76
nefc overflow - please increase njmax to 76
nefc overflow - please increase njmax to 76
nefc overflow - please increase njmax to 76
nefc overflow - please increase njmax to 76
nefc overflow - please increase njmax to 76
nefc overflow - please increase njmax to 76
nefc overflow - please increase njmax to 76
nefc overflow - please increase njmax to 76
nefc overflow - please increase njmax to 76
nefc overflow - please increase njmax to 76
nefc overflow - please increase njmax to 76
nefc overflow - please increase njmax to 76
nefc overflow - please increase njmax to 76
nefc overflow - please increase njmax to 76
nefc overflow - please increase njmax to 76
nefc overflow - please increase njmax to 76
nefc overflow - please increase njmax to 76
nefc overflow - please increase njmax to 76
nefc overflow - please increase njmax to 76
nefc overflow - please increase njmax to 76
nefc overflow - please increase njmax to 76
nefc overflow - please increase njmax to 76
nefc overflow - please increase njmax to 76
nefc overflow - please increase njmax to 76
nefc overflow - please increase njmax to 76
nefc overflow - please increase njmax to 76
nefc overflow - please increase njmax to 76
nefc overflow - please increase njmax to 76
nefc overflow - please increase njmax to 76
nefc overflow - please increase njmax to 76
nefc overflow - please increase njmax to 76
nefc overflow - please increase njmax to 76
nefc overflow - please increase njmax to 76
nefc overflow - please increase njmax to 76
nefc overflow - please increase njmax to 76
nefc overflow - please increase njmax to 76
nefc overflow - please increase njmax to 76
nefc overflow - please increase njmax to 76
nefc overflow - please increase njmax to 76
nefc overflow - please increase njmax to 76
nefc overflow - please increase njmax to 76
nefc overflow - please increase njmax to 76
nefc overflow - please increase njmax to 76
nefc overflow - please increase njmax to 76
nefc overflow - please increase njmax to 76
nefc overflow - please increase njmax to 76
nefc overflow - please increase njmax to 76
nefc overflow - please increase njmax to 76
nefc overflow - please increase njmax to 76
nefc overflow - please increase njmax to 76
nefc overflow - please increase njmax to 76
nefc overflow - please increase njmax to 76
nefc overflow - please increase njmax to 76
nefc overflow - please increase njmax to 76
nefc overflow - please increase njmax to 76
nefc overflow - please increase njmax to 76
nefc overflow - please increase njmax to 76
nefc overflow - please increase njmax to 76
nefc overflow - please increase njmax to 76
nefc overflow - please increase njmax to 76
nefc overflow - please increase njmax to 76
nefc overflow - please increase njmax to 76
nefc overflow - please increase njmax to 76
nefc overflow - please increase njmax to 76
nefc overflow - please increase njmax to 76
nefc overflow - please increase njmax to 76
nefc overflow - please increase njmax to 76
nefc overflow - please increase njmax to 76
nefc overflow - please increase njmax to 76
nefc overflow - please increase njmax to 76
nefc overflow - please increase njmax to 76
nefc overflow - please increase njmax to 76
nefc overflow - please increase njmax to 76
nefc overflow - please increase njmax to 76
nefc overflow - please increase njmax to 76
nefc overflow - please increase njmax to 76
nefc overflow - please increase njmax to 76
nefc overflow - please increase njmax to 76
nefc overflow - please increase njmax to 76
nefc overflow - please increase njmax to 76
nefc overflow - please increase njmax to 76
nefc overflow - please increase njmax to 76
nefc overflow - please increase njmax to 76
nefc overflow - please increase njmax to 76
nefc overflow - please increase njmax to 76
nefc overflow - please increase njmax to 76
nefc overflow - please increase njmax to 76
nefc overflow - please increase njmax to 76
nefc overflow - please increase njmax to 76
nefc overflow - please increase njmax to 76
nefc overflow - please increase njmax to 76
nefc overflow - please increase njmax to 76
nefc overflow - please increase njmax to 76
nefc overflow - please increase njmax to 76
nefc overflow - please increase njmax to 76
nefc overflow - please increase njmax to 76
nefc overflow - please increase njmax to 76
nefc overflow - please increase njmax to 76
nefc overflow - please increase njmax to 76
nefc overflow - please increase njmax to 76
nefc overflow - please increase njmax to 76
nefc overflow - please increase njmax to 76
nefc overflow - please increase njmax to 76
nefc overflow - please increase njmax to 76
nefc overflow - please increase njmax to 76
nefc overflow - please increase njmax to 76
nefc overflow - please increase njmax to 76
nefc overflow - please increase njmax to 76
nefc overflow - please increase njmax to 76
nefc overflow - please increase njmax to 76
nefc overflow - please increase njmax to 76
nefc overflow - please increase njmax to 76
nefc overflow - please increase njmax to 76
nefc overflow - please increase njmax to 76
nefc overflow - please increase njmax to 76
nefc overflow - please increase njmax to 76
nefc overflow - please increase njmax to 76
nefc overflow - please increase njmax to 76
nefc overflow - please increase njmax to 76
nefc overflow - please increase njmax to 76
nefc overflow - please increase njmax to 76
nefc overflow - please increase njmax to 76
nefc overflow - please increase njmax to 76
nefc overflow - please increase njmax to 76
nefc overflow - please increase njmax to 76
nefc overflow - please increase njmax to 76
nefc overflow - please increase njmax to 76
nefc overflow - please increase njmax to 76
nefc overflow - please increase njmax to 76
nefc overflow - please increase njmax to 76
nefc overflow - please increase njmax to 76
nefc overflow - please increase njmax to 76
nefc overflow - please increase njmax to 76
nefc overflow - please increase njmax to 76
nefc overflow - please increase njmax to 76
nefc overflow - please increase njmax to 76
nefc overflow - please increase njmax to 76
nefc overflow - please increase njmax to 76
nefc overflow - please increase njmax to 76
nefc overflow - please increase njmax to 76
nefc overflow - please increase njmax to 76
nefc overflow - please increase njmax to 76
nefc overflow - please increase njmax to 76
nefc overflow - please increase njmax to 68
nefc overflow - please increase njmax to 68
nefc overflow - please increase njmax to 68
nefc overflow - please increase njmax to 68
nefc overflow - please increase njmax to 68
nefc overflow - please increase njmax to 68
nefc overflow - please increase njmax to 68
nefc overflow - please increase njmax to 68
nefc overflow - please increase njmax to 68
nefc overflow - please increase njmax to 68
nefc overflow - please increase njmax to 68
nefc overflow - please increase njmax to 68
nefc overflow - please increase njmax to 68
nefc overflow - please increase njmax to 68
nefc overflow - please increase njmax to 68
nefc overflow - please increase njmax to 68
nefc overflow - please increase njmax to 68
nefc overflow - please increase njmax to 68
nefc overflow - please increase njmax to 68
nefc overflow - please increase njmax to 68
nefc overflow - please increase njmax to 68
nefc overflow - please increase njmax to 68
nefc overflow - please increase njmax to 68
nefc overflow - please increase njmax to 68
nefc overflow - please increase njmax to 68
nefc overflow - please increase njmax to 68
nefc overflow - please increase njmax to 68
nefc overflow - please increase njmax to 68
nefc overflow - please increase njmax to 68
nefc overflow - please increase njmax to 68
nefc overflow - please increase njmax to 68
nefc overflow - please increase njmax to 68
nefc overflow - please increase njmax to 68
nefc overflow - please increase njmax to 68
nefc overflow - please increase njmax to 68
nefc overflow - please increase njmax to 68
nefc overflow - please increase njmax to 68
nefc overflow - please increase njmax to 68
nefc overflow - please increase njmax to 68
nefc overflow - please increase njmax to 68
nefc overflow - please increase njmax to 68
nefc overflow - please increase njmax to 68
nefc overflow - please increase njmax to 68
nefc overflow - please increase njmax to 68
nefc overflow - please increase njmax to 68
nefc overflow - please increase njmax to 68
nefc overflow - please increase njmax to 68
nefc overflow - please increase njmax to 68
nefc overflow - please increase njmax to 68
nefc overflow - please increase njmax to 72
nefc overflow - please increase njmax to 68
nefc overflow - please increase njmax to 68
nefc overflow - please increase njmax to 68
nefc overflow - please increase njmax to 68
nefc overflow - please increase njmax to 68
nefc overflow - please increase njmax to 68
    c|jax      base_pos=3.926e-04+-2.8e-04  base_rot=1.661e-03+-9.3e-04  (n=10)
    c|warp     base_pos=4.346e-04+-1.5e-04  base_rot=1.784e-03+-6.0e-04  (n=10)
    jax|warp   base_pos=4.317e-04+-1.6e-04  base_rot=1.596e-03+-5.6e-04  (n=10)
[6/14] cone=1 ...
Module _efc_contact_init__locals__kernel_2cc75266 2cc7526 load on device 'cuda:0' took 0.64 ms  (cached)
Module _efc_contact_jac_dense__locals__kernel_e2575c4e 97b6082 load on device 'cuda:0' took 2.02 ms  (cached)
Module _efc_contact_update__locals__kernel_3a72c71f 3a72c71 load on device 'cuda:0' took 0.51 ms  (cached)
Module _linesearch_iterative_kernel__locals__kernel_a443389c 24478a0 load on device 'cuda:0' took 1.01 ms  (cached)
Module _solve_zero_search_dot__locals__kernel_bc23b2f3 bc23b2f load on device 'cuda:0' took 1.12 ms  (cached)
Module _solve_search_update__locals__kernel_b23eb7e4 b23eb7e load on device 'cuda:0' took 0.52 ms  (cached)
nefc overflow - please increase njmax to 68
nefc overflow - please increase njmax to 68
nefc overflow - please increase njmax to 68
nefc overflow - please increase njmax to 68
nefc overflow - please increase njmax to 68
nefc overflow - please increase njmax to 68
nefc overflow - please increase njmax to 68
nefc overflow - please increase njmax to 68
nefc overflow - please increase njmax to 68
nefc overflow - please increase njmax to 68
nefc overflow - please increase njmax to 68
nefc overflow - please increase njmax to 68
nefc overflow - please increase njmax to 68
nefc overflow - please increase njmax to 68
nefc overflow - please increase njmax to 68
nefc overflow - please increase njmax to 68
nefc overflow - please increase njmax to 68
nefc overflow - please increase njmax to 68
nefc overflow - please increase njmax to 68
nefc overflow - please increase njmax to 68
nefc overflow - please increase njmax to 68
nefc overflow - please increase njmax to 68
nefc overflow - please increase njmax to 68
nefc overflow - please increase njmax to 68
nefc overflow - please increase njmax to 68
nefc overflow - please increase njmax to 68
nefc overflow - please increase njmax to 68
nefc overflow - please increase njmax to 68
nefc overflow - please increase njmax to 68
nefc overflow - please increase njmax to 68
nefc overflow - please increase njmax to 68
nefc overflow - please increase njmax to 68
nefc overflow - please increase njmax to 68
nefc overflow - please increase njmax to 68
nefc overflow - please increase njmax to 68
nefc overflow - please increase njmax to 68
nefc overflow - please increase njmax to 68
nefc overflow - please increase njmax to 68
nefc overflow - please increase njmax to 68
nefc overflow - please increase njmax to 68
nefc overflow - please increase njmax to 68
nefc overflow - please increase njmax to 68
nefc overflow - please increase njmax to 68
nefc overflow - please increase njmax to 68
nefc overflow - please increase njmax to 68
nefc overflow - please increase njmax to 68
nefc overflow - please increase njmax to 68
nefc overflow - please increase njmax to 68
nefc overflow - please increase njmax to 68
nefc overflow - please increase njmax to 68
nefc overflow - please increase njmax to 68
nefc overflow - please increase njmax to 68
nefc overflow - please increase njmax to 68
nefc overflow - please increase njmax to 68
nefc overflow - please increase njmax to 68
nefc overflow - please increase njmax to 68
nefc overflow - please increase njmax to 68
nefc overflow - please increase njmax to 68
nefc overflow - please increase njmax to 68
nefc overflow - please increase njmax to 68
nefc overflow - please increase njmax to 68
nefc overflow - please increase njmax to 68
nefc overflow - please increase njmax to 68
nefc overflow - please increase njmax to 68
nefc overflow - please increase njmax to 68
nefc overflow - please increase njmax to 68
nefc overflow - please increase njmax to 68
nefc overflow - please increase njmax to 68
nefc overflow - please increase njmax to 68
nefc overflow - please increase njmax to 68
nefc overflow - please increase njmax to 68
nefc overflow - please increase njmax to 68
nefc overflow - please increase njmax to 68
nefc overflow - please increase njmax to 68
nefc overflow - please increase njmax to 68
nefc overflow - please increase njmax to 68
nefc overflow - please increase njmax to 68
nefc overflow - please increase njmax to 68
nefc overflow - please increase njmax to 68
nefc overflow - please increase njmax to 68
nefc overflow - please increase njmax to 68
nefc overflow - please increase njmax to 68
nefc overflow - please increase njmax to 68
nefc overflow - please increase njmax to 68
nefc overflow - please increase njmax to 68
nefc overflow - please increase njmax to 68
nefc overflow - please increase njmax to 68
nefc overflow - please increase njmax to 68
nefc overflow - please increase njmax to 68
nefc overflow - please increase njmax to 68
nefc overflow - please increase njmax to 68
nefc overflow - please increase njmax to 68
nefc overflow - please increase njmax to 68
nefc overflow - please increase njmax to 68
nefc overflow - please increase njmax to 68
nefc overflow - please increase njmax to 68
nefc overflow - please increase njmax to 68
nefc overflow - please increase njmax to 68
nefc overflow - please increase njmax to 68
nefc overflow - please increase njmax to 68
nefc overflow - please increase njmax to 68
nefc overflow - please increase njmax to 68
nefc overflow - please increase njmax to 68
nefc overflow - please increase njmax to 68
nefc overflow - please increase njmax to 68
nefc overflow - please increase njmax to 68
nefc overflow - please increase njmax to 68
nefc overflow - please increase njmax to 68
nefc overflow - please increase njmax to 68
nefc overflow - please increase njmax to 68
nefc overflow - please increase njmax to 68
nefc overflow - please increase njmax to 68
nefc overflow - please increase njmax to 68
nefc overflow - please increase njmax to 68
nefc overflow - please increase njmax to 68
nefc overflow - please increase njmax to 68
nefc overflow - please increase njmax to 68
nefc overflow - please increase njmax to 68
nefc overflow - please increase njmax to 68
nefc overflow - please increase njmax to 68
nefc overflow - please increase njmax to 68
nefc overflow - please increase njmax to 68
nefc overflow - please increase njmax to 68
nefc overflow - please increase njmax to 68
nefc overflow - please increase njmax to 68
nefc overflow - please increase njmax to 68
nefc overflow - please increase njmax to 68
nefc overflow - please increase njmax to 68
nefc overflow - please increase njmax to 68
nefc overflow - please increase njmax to 68
nefc overflow - please increase njmax to 68
nefc overflow - please increase njmax to 68
nefc overflow - please increase njmax to 68
nefc overflow - please increase njmax to 68
nefc overflow - please increase njmax to 68
nefc overflow - please increase njmax to 68
nefc overflow - please increase njmax to 68
nefc overflow - please increase njmax to 68
nefc overflow - please increase njmax to 68
nefc overflow - please increase njmax to 68
nefc overflow - please increase njmax to 68
nefc overflow - please increase njmax to 68
nefc overflow - please increase njmax to 68
nefc overflow - please increase njmax to 68
nefc overflow - please increase njmax to 68
nefc overflow - please increase njmax to 68
nefc overflow - please increase njmax to 68
nefc overflow - please increase njmax to 68
nefc overflow - please increase njmax to 68
nefc overflow - please increase njmax to 68
nefc overflow - please increase njmax to 68
nefc overflow - please increase njmax to 68
nefc overflow - please increase njmax to 68
nefc overflow - please increase njmax to 68
nefc overflow - please increase njmax to 68
nefc overflow - please increase njmax to 68
nefc overflow - please increase njmax to 68
nefc overflow - please increase njmax to 68
nefc overflow - please increase njmax to 68
nefc overflow - please increase njmax to 68
nefc overflow - please increase njmax to 68
nefc overflow - please increase njmax to 68
nefc overflow - please increase njmax to 68
nefc overflow - please increase njmax to 68
nefc overflow - please increase njmax to 68
nefc overflow - please increase njmax to 68
nefc overflow - please increase njmax to 68
nefc overflow - please increase njmax to 68
nefc overflow - please increase njmax to 68
nefc overflow - please increase njmax to 68
nefc overflow - please increase njmax to 68
nefc overflow - please increase njmax to 68
nefc overflow - please increase njmax to 68
nefc overflow - please increase njmax to 68
nefc overflow - please increase njmax to 68
nefc overflow - please increase njmax to 68
nefc overflow - please increase njmax to 68
nefc overflow - please increase njmax to 68
nefc overflow - please increase njmax to 68
nefc overflow - please increase njmax to 68
nefc overflow - please increase njmax to 68
nefc overflow - please increase njmax to 68
nefc overflow - please increase njmax to 68
nefc overflow - please increase njmax to 68
nefc overflow - please increase njmax to 68
nefc overflow - please increase njmax to 68
nefc overflow - please increase njmax to 68
nefc overflow - please increase njmax to 68
nefc overflow - please increase njmax to 68
nefc overflow - please increase njmax to 68
nefc overflow - please increase njmax to 68
nefc overflow - please increase njmax to 68
nefc overflow - please increase njmax to 68
nefc overflow - please increase njmax to 68
nefc overflow - please increase njmax to 68
nefc overflow - please increase njmax to 68
nefc overflow - please increase njmax to 68
nefc overflow - please increase njmax to 68
nefc overflow - please increase njmax to 68
nefc overflow - please increase njmax to 68
nefc overflow - please increase njmax to 68
nefc overflow - please increase njmax to 68
nefc overflow - please increase njmax to 68
nefc overflow - please increase njmax to 68
nefc overflow - please increase njmax to 68
nefc overflow - please increase njmax to 68
nefc overflow - please increase njmax to 68
nefc overflow - please increase njmax to 68
nefc overflow - please increase njmax to 68
nefc overflow - please increase njmax to 68
nefc overflow - please increase njmax to 68
nefc overflow - please increase njmax to 68
nefc overflow - please increase njmax to 68
nefc overflow - please increase njmax to 68
nefc overflow - please increase njmax to 68
nefc overflow - please increase njmax to 68
nefc overflow - please increase njmax to 68
nefc overflow - please increase njmax to 68
nefc overflow - please increase njmax to 68
nefc overflow - please increase njmax to 68
nefc overflow - please increase njmax to 68
nefc overflow - please increase njmax to 68
nefc overflow - please increase njmax to 68
nefc overflow - please increase njmax to 68
nefc overflow - please increase njmax to 68
nefc overflow - please increase njmax to 68
nefc overflow - please increase njmax to 68
nefc overflow - please increase njmax to 68
nefc overflow - please increase njmax to 68
nefc overflow - please increase njmax to 68
nefc overflow - please increase njmax to 68
nefc overflow - please increase njmax to 68
nefc overflow - please increase njmax to 68
nefc overflow - please increase njmax to 68
nefc overflow - please increase njmax to 68
nefc overflow - please increase njmax to 68
nefc overflow - please increase njmax to 68
nefc overflow - please increase njmax to 68
nefc overflow - please increase njmax to 68
nefc overflow - please increase njmax to 68
nefc overflow - please increase njmax to 68
nefc overflow - please increase njmax to 68
nefc overflow - please increase njmax to 68
nefc overflow - please increase njmax to 68
nefc overflow - please increase njmax to 68
nefc overflow - please increase njmax to 68
nefc overflow - please increase njmax to 68
nefc overflow - please increase njmax to 68
nefc overflow - please increase njmax to 68
nefc overflow - please increase njmax to 68
nefc overflow - please increase njmax to 68
nefc overflow - please increase njmax to 68
nefc overflow - please increase njmax to 68
nefc overflow - please increase njmax to 68
nefc overflow - please increase njmax to 68
nefc overflow - please increase njmax to 68
nefc overflow - please increase njmax to 68
nefc overflow - please increase njmax to 65
nefc overflow - please increase njmax to 65
nefc overflow - please increase njmax to 65
nefc overflow - please increase njmax to 68
nefc overflow - please increase njmax to 68
nefc overflow - please increase njmax to 68
nefc overflow - please increase njmax to 68
nefc overflow - please increase njmax to 68
nefc overflow - please increase njmax to 68
nefc overflow - please increase njmax to 68
nefc overflow - please increase njmax to 68
nefc overflow - please increase njmax to 68
nefc overflow - please increase njmax to 65
nefc overflow - please increase njmax to 68
nefc overflow - please increase njmax to 68
nefc overflow - please increase njmax to 68
nefc overflow - please increase njmax to 68
nefc overflow - please increase njmax to 68
nefc overflow - please increase njmax to 65
nefc overflow - please increase njmax to 68
nefc overflow - please increase njmax to 68
nefc overflow - please increase njmax to 68
nefc overflow - please increase njmax to 68
nefc overflow - please increase njmax to 68
nefc overflow - please increase njmax to 68
nefc overflow - please increase njmax to 65
nefc overflow - please increase njmax to 68
nefc overflow - please increase njmax to 68
nefc overflow - please increase njmax to 68
nefc overflow - please increase njmax to 68
nefc overflow - please increase njmax to 65
nefc overflow - please increase njmax to 68
nefc overflow - please increase njmax to 68
nefc overflow - please increase njmax to 68
nefc overflow - please increase njmax to 68
nefc overflow - please increase njmax to 65
nefc overflow - please increase njmax to 68
nefc overflow - please increase njmax to 68
nefc overflow - please increase njmax to 68
nefc overflow - please increase njmax to 68
nefc overflow - please increase njmax to 65
nefc overflow - please increase njmax to 68
nefc overflow - please increase njmax to 68
nefc overflow - please increase njmax to 68
nefc overflow - please increase njmax to 68
nefc overflow - please increase njmax to 65
nefc overflow - please increase njmax to 68
nefc overflow - please increase njmax to 68
nefc overflow - please increase njmax to 68
nefc overflow - please increase njmax to 68
nefc overflow - please increase njmax to 65
nefc overflow - please increase njmax to 68
nefc overflow - please increase njmax to 68
nefc overflow - please increase njmax to 68
nefc overflow - please increase njmax to 68
nefc overflow - please increase njmax to 65
nefc overflow - please increase njmax to 68
nefc overflow - please increase njmax to 68
nefc overflow - please increase njmax to 68
nefc overflow - please increase njmax to 68
nefc overflow - please increase njmax to 65
nefc overflow - please increase njmax to 68
nefc overflow - please increase njmax to 68
nefc overflow - please increase njmax to 68
nefc overflow - please increase njmax to 65
nefc overflow - please increase njmax to 68
nefc overflow - please increase njmax to 68
nefc overflow - please increase njmax to 68
nefc overflow - please increase njmax to 68
nefc overflow - please increase njmax to 65
nefc overflow - please increase njmax to 68
nefc overflow - please increase njmax to 68
nefc overflow - please increase njmax to 68
nefc overflow - please increase njmax to 65
nefc overflow - please increase njmax to 68
nefc overflow - please increase njmax to 68
nefc overflow - please increase njmax to 68
nefc overflow - please increase njmax to 68
nefc overflow - please increase njmax to 65
nefc overflow - please increase njmax to 65
nefc overflow - please increase njmax to 68
nefc overflow - please increase njmax to 68
nefc overflow - please increase njmax to 68
nefc overflow - please increase njmax to 68
nefc overflow - please increase njmax to 68
nefc overflow - please increase njmax to 65
nefc overflow - please increase njmax to 68
nefc overflow - please increase njmax to 68
nefc overflow - please increase njmax to 68
nefc overflow - please increase njmax to 65
nefc overflow - please increase njmax to 68
nefc overflow - please increase njmax to 68
nefc overflow - please increase njmax to 68
nefc overflow - please increase njmax to 65
nefc overflow - please increase njmax to 68
nefc overflow - please increase njmax to 68
nefc overflow - please increase njmax to 68
nefc overflow - please increase njmax to 68
nefc overflow - please increase njmax to 65
nefc overflow - please increase njmax to 65
nefc overflow - please increase njmax to 68
nefc overflow - please increase njmax to 68
nefc overflow - please increase njmax to 68
nefc overflow - please increase njmax to 68
nefc overflow - please increase njmax to 68
nefc overflow - please increase njmax to 65
nefc overflow - please increase njmax to 68
nefc overflow - please increase njmax to 68
nefc overflow - please increase njmax to 68
nefc overflow - please increase njmax to 65
nefc overflow - please increase njmax to 65
nefc overflow - please increase njmax to 68
nefc overflow - please increase njmax to 68
nefc overflow - please increase njmax to 68
nefc overflow - please increase njmax to 68
nefc overflow - please increase njmax to 68
nefc overflow - please increase njmax to 68
nefc overflow - please increase njmax to 65
nefc overflow - please increase njmax to 65
nefc overflow - please increase njmax to 68
nefc overflow - please increase njmax to 68
nefc overflow - please increase njmax to 68
nefc overflow - please increase njmax to 68
nefc overflow - please increase njmax to 68
nefc overflow - please increase njmax to 65
nefc overflow - please increase njmax to 65
nefc overflow - please increase njmax to 68
nefc overflow - please increase njmax to 68
nefc overflow - please increase njmax to 68
nefc overflow - please increase njmax to 68
nefc overflow - please increase njmax to 68
nefc overflow - please increase njmax to 65
nefc overflow - please increase njmax to 65
nefc overflow - please increase njmax to 68
nefc overflow - please increase njmax to 68
nefc overflow - please increase njmax to 68
nefc overflow - please increase njmax to 68
nefc overflow - please increase njmax to 65
nefc overflow - please increase njmax to 68
nefc overflow - please increase njmax to 68
nefc overflow - please increase njmax to 65
nefc overflow - please increase njmax to 68
nefc overflow - please increase njmax to 68
nefc overflow - please increase njmax to 68
nefc overflow - please increase njmax to 68
nefc overflow - please increase njmax to 68
nefc overflow - please increase njmax to 65
nefc overflow - please increase njmax to 65
nefc overflow - please increase njmax to 68
nefc overflow - please increase njmax to 68
nefc overflow - please increase njmax to 68
nefc overflow - please increase njmax to 68
nefc overflow - please increase njmax to 65
nefc overflow - please increase njmax to 65
nefc overflow - please increase njmax to 68
nefc overflow - please increase njmax to 68
nefc overflow - please increase njmax to 68
nefc overflow - please increase njmax to 68
nefc overflow - please increase njmax to 68
nefc overflow - please increase njmax to 65
nefc overflow - please increase njmax to 65
nefc overflow - please increase njmax to 65
nefc overflow - please increase njmax to 68
nefc overflow - please increase njmax to 68
nefc overflow - please increase njmax to 68
nefc overflow - please increase njmax to 68
nefc overflow - please increase njmax to 68
nefc overflow - please increase njmax to 65
nefc overflow - please increase njmax to 65
nefc overflow - please increase njmax to 68
nefc overflow - please increase njmax to 68
nefc overflow - please increase njmax to 68
nefc overflow - please increase njmax to 68
nefc overflow - please increase njmax to 65
nefc overflow - please increase njmax to 65
nefc overflow - please increase njmax to 68
nefc overflow - please increase njmax to 68
nefc overflow - please increase njmax to 68
nefc overflow - please increase njmax to 68
nefc overflow - please increase njmax to 65
nefc overflow - please increase njmax to 68
nefc overflow - please increase njmax to 68
nefc overflow - please increase njmax to 65
nefc overflow - please increase njmax to 68
nefc overflow - please increase njmax to 68
nefc overflow - please increase njmax to 68
nefc overflow - please increase njmax to 65
nefc overflow - please increase njmax to 68
nefc overflow - please increase njmax to 68
nefc overflow - please increase njmax to 68
nefc overflow - please increase njmax to 65
    c|jax      base_pos=2.109e-04+-7.8e-05  base_rot=1.294e-03+-4.1e-04  (n=10)
    c|warp     base_pos=3.063e-04+-7.7e-05  base_rot=1.507e-03+-4.2e-04  (n=10)
    jax|warp   base_pos=2.804e-04+-1.0e-04  base_rot=1.224e-03+-3.9e-04  (n=10)
[7/14] timestep=0.001 ...
nefc overflow - please increase njmax to 68
nefc overflow - please increase njmax to 72
nefc overflow - please increase njmax to 72
nefc overflow - please increase njmax to 76
nefc overflow - please increase njmax to 80
nefc overflow - please increase njmax to 80
nefc overflow - please increase njmax to 80
nefc overflow - please increase njmax to 80
nefc overflow - please increase njmax to 84
nefc overflow - please increase njmax to 84
nefc overflow - please increase njmax to 84
nefc overflow - please increase njmax to 84
nefc overflow - please increase njmax to 84
nefc overflow - please increase njmax to 84
nefc overflow - please increase njmax to 84
nefc overflow - please increase njmax to 84
nefc overflow - please increase njmax to 84
nefc overflow - please increase njmax to 84
nefc overflow - please increase njmax to 84
nefc overflow - please increase njmax to 84
nefc overflow - please increase njmax to 84
nefc overflow - please increase njmax to 84
nefc overflow - please increase njmax to 80
nefc overflow - please increase njmax to 80
nefc overflow - please increase njmax to 80
nefc overflow - please increase njmax to 80
nefc overflow - please increase njmax to 80
nefc overflow - please increase njmax to 80
nefc overflow - please increase njmax to 80
nefc overflow - please increase njmax to 80
nefc overflow - please increase njmax to 80
nefc overflow - please increase njmax to 80
nefc overflow - please increase njmax to 76
nefc overflow - please increase njmax to 76
nefc overflow - please increase njmax to 76
nefc overflow - please increase njmax to 76
nefc overflow - please increase njmax to 72
nefc overflow - please increase njmax to 72
nefc overflow - please increase njmax to 72
nefc overflow - please increase njmax to 72
nefc overflow - please increase njmax to 72
nefc overflow - please increase njmax to 68
nefc overflow - please increase njmax to 68
nefc overflow - please increase njmax to 68
nefc overflow - please increase njmax to 68
nefc overflow - please increase njmax to 68
nefc overflow - please increase njmax to 68
nefc overflow - please increase njmax to 72
nefc overflow - please increase njmax to 72
nefc overflow - please increase njmax to 72
nefc overflow - please increase njmax to 72
nefc overflow - please increase njmax to 68
nefc overflow - please increase njmax to 68
nefc overflow - please increase njmax to 68
nefc overflow - please increase njmax to 68
nefc overflow - please increase njmax to 68
nefc overflow - please increase njmax to 68
nefc overflow - please increase njmax to 68
nefc overflow - please increase njmax to 68
nefc overflow - please increase njmax to 68
nefc overflow - please increase njmax to 68
nefc overflow - please increase njmax to 68
nefc overflow - please increase njmax to 68
nefc overflow - please increase njmax to 68
nefc overflow - please increase njmax to 68
nefc overflow - please increase njmax to 68
nefc overflow - please increase njmax to 68
nefc overflow - please increase njmax to 68
nefc overflow - please increase njmax to 68
nefc overflow - please increase njmax to 68
nefc overflow - please increase njmax to 68
nefc overflow - please increase njmax to 68
nefc overflow - please increase njmax to 68
nefc overflow - please increase njmax to 68
nefc overflow - please increase njmax to 68
nefc overflow - please increase njmax to 68
nefc overflow - please increase njmax to 68
nefc overflow - please increase njmax to 68
nefc overflow - please increase njmax to 68
nefc overflow - please increase njmax to 68
nefc overflow - please increase njmax to 68
nefc overflow - please increase njmax to 68
nefc overflow - please increase njmax to 68
nefc overflow - please increase njmax to 68
nefc overflow - please increase njmax to 68
nefc overflow - please increase njmax to 68
nefc overflow - please increase njmax to 68
nefc overflow - please increase njmax to 68
nefc overflow - please increase njmax to 68
nefc overflow - please increase njmax to 68
nefc overflow - please increase njmax to 68
nefc overflow - please increase njmax to 68
nefc overflow - please increase njmax to 68
nefc overflow - please increase njmax to 68
nefc overflow - please increase njmax to 68
nefc overflow - please increase njmax to 68
nefc overflow - please increase njmax to 68
nefc overflow - please increase njmax to 68
nefc overflow - please increase njmax to 68
nefc overflow - please increase njmax to 68
nefc overflow - please increase njmax to 68
nefc overflow - please increase njmax to 68
nefc overflow - please increase njmax to 68
nefc overflow - please increase njmax to 68
nefc overflow - please increase njmax to 68
nefc overflow - please increase njmax to 68
nefc overflow - please increase njmax to 68
nefc overflow - please increase njmax to 68
nefc overflow - please increase njmax to 68
nefc overflow - please increase njmax to 68
nefc overflow - please increase njmax to 68
nefc overflow - please increase njmax to 68
nefc overflow - please increase njmax to 68
nefc overflow - please increase njmax to 68
nefc overflow - please increase njmax to 68
nefc overflow - please increase njmax to 68
nefc overflow - please increase njmax to 68
nefc overflow - please increase njmax to 68
nefc overflow - please increase njmax to 68
nefc overflow - please increase njmax to 68
nefc overflow - please increase njmax to 68
nefc overflow - please increase njmax to 68
nefc overflow - please increase njmax to 68
nefc overflow - please increase njmax to 68
nefc overflow - please increase njmax to 68
nefc overflow - please increase njmax to 68
nefc overflow - please increase njmax to 68
nefc overflow - please increase njmax to 68
nefc overflow - please increase njmax to 68
nefc overflow - please increase njmax to 68
nefc overflow - please increase njmax to 68
nefc overflow - please increase njmax to 68
nefc overflow - please increase njmax to 68
nefc overflow - please increase njmax to 68
nefc overflow - please increase njmax to 68
nefc overflow - please increase njmax to 68
nefc overflow - please increase njmax to 68
nefc overflow - please increase njmax to 68
nefc overflow - please increase njmax to 68
nefc overflow - please increase njmax to 68
nefc overflow - please increase njmax to 68
nefc overflow - please increase njmax to 68
nefc overflow - please increase njmax to 68
nefc overflow - please increase njmax to 72
nefc overflow - please increase njmax to 76
nefc overflow - please increase njmax to 80
nefc overflow - please increase njmax to 84
nefc overflow - please increase njmax to 84
nefc overflow - please increase njmax to 84
nefc overflow - please increase njmax to 84
nefc overflow - please increase njmax to 84
nefc overflow - please increase njmax to 84
nefc overflow - please increase njmax to 84
nefc overflow - please increase njmax to 84
nefc overflow - please increase njmax to 84
nefc overflow - please increase njmax to 84
nefc overflow - please increase njmax to 84
nefc overflow - please increase njmax to 84
nefc overflow - please increase njmax to 84
nefc overflow - please increase njmax to 84
nefc overflow - please increase njmax to 84
nefc overflow - please increase njmax to 84
nefc overflow - please increase njmax to 84
nefc overflow - please increase njmax to 84
nefc overflow - please increase njmax to 84
nefc overflow - please increase njmax to 84
nefc overflow - please increase njmax to 84
nefc overflow - please increase njmax to 84
nefc overflow - please increase njmax to 84
nefc overflow - please increase njmax to 84
nefc overflow - please increase njmax to 84
nefc overflow - please increase njmax to 84
nefc overflow - please increase njmax to 80
nefc overflow - please increase njmax to 80
nefc overflow - please increase njmax to 80
nefc overflow - please increase njmax to 80
nefc overflow - please increase njmax to 80
nefc overflow - please increase njmax to 80
nefc overflow - please increase njmax to 80
nefc overflow - please increase njmax to 80
nefc overflow - please increase njmax to 76
nefc overflow - please increase njmax to 76
nefc overflow - please increase njmax to 76
nefc overflow - please increase njmax to 76
nefc overflow - please increase njmax to 76
nefc overflow - please increase njmax to 76
nefc overflow - please increase njmax to 76
nefc overflow - please increase njmax to 76
nefc overflow - please increase njmax to 76
nefc overflow - please increase njmax to 76
nefc overflow - please increase njmax to 76
nefc overflow - please increase njmax to 76
nefc overflow - please increase njmax to 76
nefc overflow - please increase njmax to 76
nefc overflow - please increase njmax to 76
nefc overflow - please increase njmax to 76
nefc overflow - please increase njmax to 76
nefc overflow - please increase njmax to 76
nefc overflow - please increase njmax to 76
nefc overflow - please increase njmax to 76
nefc overflow - please increase njmax to 76
nefc overflow - please increase njmax to 80
nefc overflow - please increase njmax to 80
nefc overflow - please increase njmax to 80
nefc overflow - please increase njmax to 80
nefc overflow - please increase njmax to 80
nefc overflow - please increase njmax to 80
nefc overflow - please increase njmax to 80
nefc overflow - please increase njmax to 80
nefc overflow - please increase njmax to 76
nefc overflow - please increase njmax to 76
nefc overflow - please increase njmax to 80
nefc overflow - please increase njmax to 80
nefc overflow - please increase njmax to 80
nefc overflow - please increase njmax to 80
nefc overflow - please increase njmax to 80
nefc overflow - please increase njmax to 80
nefc overflow - please increase njmax to 80
nefc overflow - please increase njmax to 80
nefc overflow - please increase njmax to 80
nefc overflow - please increase njmax to 76
nefc overflow - please increase njmax to 76
nefc overflow - please increase njmax to 76
nefc overflow - please increase njmax to 76
nefc overflow - please increase njmax to 76
nefc overflow - please increase njmax to 76
nefc overflow - please increase njmax to 76
nefc overflow - please increase njmax to 76
nefc overflow - please increase njmax to 76
nefc overflow - please increase njmax to 76
nefc overflow - please increase njmax to 76
nefc overflow - please increase njmax to 76
nefc overflow - please increase njmax to 76
nefc overflow - please increase njmax to 76
nefc overflow - please increase njmax to 76
nefc overflow - please increase njmax to 76
nefc overflow - please increase njmax to 76
nefc overflow - please increase njmax to 76
nefc overflow - please increase njmax to 76
nefc overflow - please increase njmax to 76
nefc overflow - please increase njmax to 76
nefc overflow - please increase njmax to 76
nefc overflow - please increase njmax to 76
nefc overflow - please increase njmax to 76
nefc overflow - please increase njmax to 76
nefc overflow - please increase njmax to 76
nefc overflow - please increase njmax to 76
nefc overflow - please increase njmax to 76
nefc overflow - please increase njmax to 76
nefc overflow - please increase njmax to 76
nefc overflow - please increase njmax to 76
nefc overflow - please increase njmax to 76
nefc overflow - please increase njmax to 76
nefc overflow - please increase njmax to 76
nefc overflow - please increase njmax to 76
nefc overflow - please increase njmax to 76
nefc overflow - please increase njmax to 76
nefc overflow - please increase njmax to 76
nefc overflow - please increase njmax to 76
nefc overflow - please increase njmax to 76
nefc overflow - please increase njmax to 76
nefc overflow - please increase njmax to 76
nefc overflow - please increase njmax to 76
nefc overflow - please increase njmax to 76
nefc overflow - please increase njmax to 76
nefc overflow - please increase njmax to 76
nefc overflow - please increase njmax to 76
nefc overflow - please increase njmax to 76
nefc overflow - please increase njmax to 76
nefc overflow - please increase njmax to 76
nefc overflow - please increase njmax to 76
nefc overflow - please increase njmax to 76
nefc overflow - please increase njmax to 76
nefc overflow - please increase njmax to 76
nefc overflow - please increase njmax to 76
nefc overflow - please increase njmax to 76
nefc overflow - please increase njmax to 76
nefc overflow - please increase njmax to 76
nefc overflow - please increase njmax to 76
nefc overflow - please increase njmax to 76
nefc overflow - please increase njmax to 76
nefc overflow - please increase njmax to 76
nefc overflow - please increase njmax to 76
nefc overflow - please increase njmax to 76
nefc overflow - please increase njmax to 76
nefc overflow - please increase njmax to 76
nefc overflow - please increase njmax to 76
nefc overflow - please increase njmax to 76
nefc overflow - please increase njmax to 76
nefc overflow - please increase njmax to 76
nefc overflow - please increase njmax to 76
nefc overflow - please increase njmax to 76
nefc overflow - please increase njmax to 76
nefc overflow - please increase njmax to 76
nefc overflow - please increase njmax to 76
nefc overflow - please increase njmax to 76
nefc overflow - please increase njmax to 76
nefc overflow - please increase njmax to 76
nefc overflow - please increase njmax to 76
nefc overflow - please increase njmax to 76
nefc overflow - please increase njmax to 76
nefc overflow - please increase njmax to 76
nefc overflow - please increase njmax to 76
nefc overflow - please increase njmax to 76
nefc overflow - please increase njmax to 76
nefc overflow - please increase njmax to 76
nefc overflow - please increase njmax to 76
nefc overflow - please increase njmax to 76
nefc overflow - please increase njmax to 76
nefc overflow - please increase njmax to 76
nefc overflow - please increase njmax to 76
nefc overflow - please increase njmax to 76
nefc overflow - please increase njmax to 76
nefc overflow - please increase njmax to 76
nefc overflow - please increase njmax to 76
nefc overflow - please increase njmax to 76
nefc overflow - please increase njmax to 76
nefc overflow - please increase njmax to 76
nefc overflow - please increase njmax to 76
nefc overflow - please increase njmax to 76
nefc overflow - please increase njmax to 76
nefc overflow - please increase njmax to 76
nefc overflow - please increase njmax to 76
nefc overflow - please increase njmax to 76
nefc overflow - please increase njmax to 76
nefc overflow - please increase njmax to 76
nefc overflow - please increase njmax to 76
nefc overflow - please increase njmax to 76
nefc overflow - please increase njmax to 76
nefc overflow - please increase njmax to 76
nefc overflow - please increase njmax to 76
nefc overflow - please increase njmax to 76
nefc overflow - please increase njmax to 76
nefc overflow - please increase njmax to 76
nefc overflow - please increase njmax to 76
nefc overflow - please increase njmax to 76
nefc overflow - please increase njmax to 76
nefc overflow - please increase njmax to 76
nefc overflow - please increase njmax to 76
nefc overflow - please increase njmax to 76
nefc overflow - please increase njmax to 76
nefc overflow - please increase njmax to 76
nefc overflow - please increase njmax to 76
nefc overflow - please increase njmax to 76
nefc overflow - please increase njmax to 76
nefc overflow - please increase njmax to 76
nefc overflow - please increase njmax to 76
nefc overflow - please increase njmax to 76
nefc overflow - please increase njmax to 76
nefc overflow - please increase njmax to 76
nefc overflow - please increase njmax to 76
nefc overflow - please increase njmax to 76
nefc overflow - please increase njmax to 76
nefc overflow - please increase njmax to 76
nefc overflow - please increase njmax to 76
nefc overflow - please increase njmax to 76
nefc overflow - please increase njmax to 76
nefc overflow - please increase njmax to 76
nefc overflow - please increase njmax to 76
nefc overflow - please increase njmax to 76
nefc overflow - please increase njmax to 76
nefc overflow - please increase njmax to 76
nefc overflow - please increase njmax to 76
nefc overflow - please increase njmax to 76
nefc overflow - please increase njmax to 76
nefc overflow - please increase njmax to 76
nefc overflow - please increase njmax to 76
nefc overflow - please increase njmax to 76
nefc overflow - please increase njmax to 76
nefc overflow - please increase njmax to 76
nefc overflow - please increase njmax to 76
nefc overflow - please increase njmax to 76
nefc overflow - please increase njmax to 76
nefc overflow - please increase njmax to 76
nefc overflow - please increase njmax to 76
nefc overflow - please increase njmax to 76
nefc overflow - please increase njmax to 76
nefc overflow - please increase njmax to 76
nefc overflow - please increase njmax to 76
nefc overflow - please increase njmax to 76
nefc overflow - please increase njmax to 76
nefc overflow - please increase njmax to 76
nefc overflow - please increase njmax to 76
nefc overflow - please increase njmax to 76
nefc overflow - please increase njmax to 76
nefc overflow - please increase njmax to 76
nefc overflow - please increase njmax to 76
nefc overflow - please increase njmax to 76
nefc overflow - please increase njmax to 76
nefc overflow - please increase njmax to 76
nefc overflow - please increase njmax to 76
nefc overflow - please increase njmax to 76
nefc overflow - please increase njmax to 76
nefc overflow - please increase njmax to 76
nefc overflow - please increase njmax to 76
nefc overflow - please increase njmax to 76
nefc overflow - please increase njmax to 76
nefc overflow - please increase njmax to 76
nefc overflow - please increase njmax to 76
nefc overflow - please increase njmax to 76
nefc overflow - please increase njmax to 76
nefc overflow - please increase njmax to 76
nefc overflow - please increase njmax to 76
nefc overflow - please increase njmax to 76
nefc overflow - please increase njmax to 76
nefc overflow - please increase njmax to 76
nefc overflow - please increase njmax to 76
nefc overflow - please increase njmax to 76
nefc overflow - please increase njmax to 76
nefc overflow - please increase njmax to 76
nefc overflow - please increase njmax to 76
nefc overflow - please increase njmax to 76
nefc overflow - please increase njmax to 76
nefc overflow - please increase njmax to 76
nefc overflow - please increase njmax to 76
nefc overflow - please increase njmax to 76
nefc overflow - please increase njmax to 76
nefc overflow - please increase njmax to 76
nefc overflow - please increase njmax to 76
nefc overflow - please increase njmax to 76
nefc overflow - please increase njmax to 76
nefc overflow - please increase njmax to 76
nefc overflow - please increase njmax to 76
nefc overflow - please increase njmax to 76
nefc overflow - please increase njmax to 76
nefc overflow - please increase njmax to 76
nefc overflow - please increase njmax to 76
nefc overflow - please increase njmax to 76
nefc overflow - please increase njmax to 76
nefc overflow - please increase njmax to 76
nefc overflow - please increase njmax to 76
nefc overflow - please increase njmax to 76
nefc overflow - please increase njmax to 76
nefc overflow - please increase njmax to 76
nefc overflow - please increase njmax to 76
nefc overflow - please increase njmax to 76
nefc overflow - please increase njmax to 76
nefc overflow - please increase njmax to 76
nefc overflow - please increase njmax to 76
nefc overflow - please increase njmax to 76
nefc overflow - please increase njmax to 76
nefc overflow - please increase njmax to 76
nefc overflow - please increase njmax to 76
nefc overflow - please increase njmax to 76
nefc overflow - please increase njmax to 76
nefc overflow - please increase njmax to 76
nefc overflow - please increase njmax to 76
nefc overflow - please increase njmax to 76
nefc overflow - please increase njmax to 76
nefc overflow - please increase njmax to 76
nefc overflow - please increase njmax to 76
nefc overflow - please increase njmax to 76
nefc overflow - please increase njmax to 76
nefc overflow - please increase njmax to 76
nefc overflow - please increase njmax to 76
nefc overflow - please increase njmax to 76
nefc overflow - please increase njmax to 76
nefc overflow - please increase njmax to 76
nefc overflow - please increase njmax to 76
nefc overflow - please increase njmax to 76
nefc overflow - please increase njmax to 76
nefc overflow - please increase njmax to 76
nefc overflow - please increase njmax to 76
nefc overflow - please increase njmax to 76
nefc overflow - please increase njmax to 76
nefc overflow - please increase njmax to 76
nefc overflow - please increase njmax to 76
nefc overflow - please increase njmax to 76
nefc overflow - please increase njmax to 76
nefc overflow - please increase njmax to 76
nefc overflow - please increase njmax to 76
nefc overflow - please increase njmax to 76
nefc overflow - please increase njmax to 76
nefc overflow - please increase njmax to 76
nefc overflow - please increase njmax to 76
nefc overflow - please increase njmax to 76
nefc overflow - please increase njmax to 76
nefc overflow - please increase njmax to 76
nefc overflow - please increase njmax to 76
nefc overflow - please increase njmax to 76
nefc overflow - please increase njmax to 76
nefc overflow - please increase njmax to 76
nefc overflow - please increase njmax to 76
nefc overflow - please increase njmax to 76
nefc overflow - please increase njmax to 76
nefc overflow - please increase njmax to 76
nefc overflow - please increase njmax to 76
nefc overflow - please increase njmax to 76
nefc overflow - please increase njmax to 76
nefc overflow - please increase njmax to 76
nefc overflow - please increase njmax to 76
nefc overflow - please increase njmax to 76
nefc overflow - please increase njmax to 76
nefc overflow - please increase njmax to 76
nefc overflow - please increase njmax to 76
nefc overflow - please increase njmax to 76
nefc overflow - please increase njmax to 76
nefc overflow - please increase njmax to 76
nefc overflow - please increase njmax to 76
nefc overflow - please increase njmax to 76
nefc overflow - please increase njmax to 76
nefc overflow - please increase njmax to 76
nefc overflow - please increase njmax to 76
nefc overflow - please increase njmax to 76
nefc overflow - please increase njmax to 76
nefc overflow - please increase njmax to 76
nefc overflow - please increase njmax to 76
nefc overflow - please increase njmax to 76
nefc overflow - please increase njmax to 76
nefc overflow - please increase njmax to 76
nefc overflow - please increase njmax to 76
nefc overflow - please increase njmax to 76
nefc overflow - please increase njmax to 76
nefc overflow - please increase njmax to 76
nefc overflow - please increase njmax to 76
nefc overflow - please increase njmax to 76
nefc overflow - please increase njmax to 76
nefc overflow - please increase njmax to 76
nefc overflow - please increase njmax to 76
nefc overflow - please increase njmax to 76
nefc overflow - please increase njmax to 76
nefc overflow - please increase njmax to 76
nefc overflow - please increase njmax to 76
nefc overflow - please increase njmax to 76
nefc overflow - please increase njmax to 76
nefc overflow - please increase njmax to 76
nefc overflow - please increase njmax to 76
nefc overflow - please increase njmax to 76
nefc overflow - please increase njmax to 76
nefc overflow - please increase njmax to 76
nefc overflow - please increase njmax to 76
nefc overflow - please increase njmax to 76
nefc overflow - please increase njmax to 76
nefc overflow - please increase njmax to 76
nefc overflow - please increase njmax to 76
nefc overflow - please increase njmax to 76
nefc overflow - please increase njmax to 76
nefc overflow - please increase njmax to 76
nefc overflow - please increase njmax to 76
nefc overflow - please increase njmax to 76
nefc overflow - please increase njmax to 76
nefc overflow - please increase njmax to 76
nefc overflow - please increase njmax to 76
nefc overflow - please increase njmax to 76
nefc overflow - please increase njmax to 76
nefc overflow - please increase njmax to 76
nefc overflow - please increase njmax to 76
nefc overflow - please increase njmax to 76
nefc overflow - please increase njmax to 76
nefc overflow - please increase njmax to 76
nefc overflow - please increase njmax to 76
nefc overflow - please increase njmax to 76
nefc overflow - please increase njmax to 76
nefc overflow - please increase njmax to 76
nefc overflow - please increase njmax to 76
nefc overflow - please increase njmax to 76
nefc overflow - please increase njmax to 76
nefc overflow - please increase njmax to 76
nefc overflow - please increase njmax to 76
nefc overflow - please increase njmax to 76
nefc overflow - please increase njmax to 76
nefc overflow - please increase njmax to 76
nefc overflow - please increase njmax to 76
nefc overflow - please increase njmax to 76
nefc overflow - please increase njmax to 76
nefc overflow - please increase njmax to 76
nefc overflow - please increase njmax to 76
nefc overflow - please increase njmax to 76
nefc overflow - please increase njmax to 76
nefc overflow - please increase njmax to 76
nefc overflow - please increase njmax to 76
nefc overflow - please increase njmax to 76
nefc overflow - please increase njmax to 76
nefc overflow - please increase njmax to 76
nefc overflow - please increase njmax to 76
nefc overflow - please increase njmax to 76
nefc overflow - please increase njmax to 76
nefc overflow - please increase njmax to 76
nefc overflow - please increase njmax to 76
nefc overflow - please increase njmax to 76
nefc overflow - please increase njmax to 76
nefc overflow - please increase njmax to 76
nefc overflow - please increase njmax to 76
nefc overflow - please increase njmax to 76
nefc overflow - please increase njmax to 76
nefc overflow - please increase njmax to 76
nefc overflow - please increase njmax to 76
nefc overflow - please increase njmax to 76
nefc overflow - please increase njmax to 76
nefc overflow - please increase njmax to 76
nefc overflow - please increase njmax to 76
nefc overflow - please increase njmax to 76
nefc overflow - please increase njmax to 76
nefc overflow - please increase njmax to 76
nefc overflow - please increase njmax to 76
nefc overflow - please increase njmax to 76
nefc overflow - please increase njmax to 76
nefc overflow - please increase njmax to 76
nefc overflow - please increase njmax to 76
nefc overflow - please increase njmax to 76
nefc overflow - please increase njmax to 76
nefc overflow - please increase njmax to 76
nefc overflow - please increase njmax to 76
nefc overflow - please increase njmax to 76
nefc overflow - please increase njmax to 76
nefc overflow - please increase njmax to 76
nefc overflow - please increase njmax to 76
nefc overflow - please increase njmax to 76
nefc overflow - please increase njmax to 76
nefc overflow - please increase njmax to 76
nefc overflow - please increase njmax to 76
nefc overflow - please increase njmax to 76
nefc overflow - please increase njmax to 76
nefc overflow - please increase njmax to 76
nefc overflow - please increase njmax to 76
nefc overflow - please increase njmax to 76
nefc overflow - please increase njmax to 76
nefc overflow - please increase njmax to 76
nefc overflow - please increase njmax to 76
nefc overflow - please increase njmax to 76
nefc overflow - please increase njmax to 76
nefc overflow - please increase njmax to 76
nefc overflow - please increase njmax to 76
nefc overflow - please increase njmax to 76
nefc overflow - please increase njmax to 76
nefc overflow - please increase njmax to 76
nefc overflow - please increase njmax to 76
nefc overflow - please increase njmax to 76
nefc overflow - please increase njmax to 76
nefc overflow - please increase njmax to 76
nefc overflow - please increase njmax to 76
nefc overflow - please increase njmax to 76
nefc overflow - please increase njmax to 76
nefc overflow - please increase njmax to 76
nefc overflow - please increase njmax to 76
nefc overflow - please increase njmax to 76
nefc overflow - please increase njmax to 76
nefc overflow - please increase njmax to 76
nefc overflow - please increase njmax to 76
nefc overflow - please increase njmax to 76
nefc overflow - please increase njmax to 76
nefc overflow - please increase njmax to 76
nefc overflow - please increase njmax to 76
nefc overflow - please increase njmax to 76
nefc overflow - please increase njmax to 76
nefc overflow - please increase njmax to 76
nefc overflow - please increase njmax to 76
nefc overflow - please increase njmax to 76
nefc overflow - please increase njmax to 76
nefc overflow - please increase njmax to 76
nefc overflow - please increase njmax to 76
nefc overflow - please increase njmax to 76
nefc overflow - please increase njmax to 76
nefc overflow - please increase njmax to 76
nefc overflow - please increase njmax to 76
nefc overflow - please increase njmax to 76
nefc overflow - please increase njmax to 76
nefc overflow - please increase njmax to 76
nefc overflow - please increase njmax to 76
nefc overflow - please increase njmax to 76
nefc overflow - please increase njmax to 76
nefc overflow - please increase njmax to 76
nefc overflow - please increase njmax to 76
nefc overflow - please increase njmax to 76
nefc overflow - please increase njmax to 76
nefc overflow - please increase njmax to 76
nefc overflow - please increase njmax to 76
nefc overflow - please increase njmax to 76
nefc overflow - please increase njmax to 76
nefc overflow - please increase njmax to 76
nefc overflow - please increase njmax to 76
nefc overflow - please increase njmax to 76
nefc overflow - please increase njmax to 76
nefc overflow - please increase njmax to 76
nefc overflow - please increase njmax to 76
nefc overflow - please increase njmax to 76
nefc overflow - please increase njmax to 76
nefc overflow - please increase njmax to 76
nefc overflow - please increase njmax to 76
nefc overflow - please increase njmax to 76
nefc overflow - please increase njmax to 76
nefc overflow - please increase njmax to 76
nefc overflow - please increase njmax to 76
nefc overflow - please increase njmax to 76
nefc overflow - please increase njmax to 76
nefc overflow - please increase njmax to 76
nefc overflow - please increase njmax to 76
nefc overflow - please increase njmax to 76
nefc overflow - please increase njmax to 76
nefc overflow - please increase njmax to 76
nefc overflow - please increase njmax to 76
nefc overflow - please increase njmax to 76
nefc overflow - please increase njmax to 76
nefc overflow - please increase njmax to 76
nefc overflow - please increase njmax to 76
nefc overflow - please increase njmax to 76
nefc overflow - please increase njmax to 76
nefc overflow - please increase njmax to 76
nefc overflow - please increase njmax to 76
nefc overflow - please increase njmax to 76
nefc overflow - please increase njmax to 76
nefc overflow - please increase njmax to 76
nefc overflow - please increase njmax to 76
nefc overflow - please increase njmax to 76
nefc overflow - please increase njmax to 76
nefc overflow - please increase njmax to 76
nefc overflow - please increase njmax to 76
nefc overflow - please increase njmax to 76
nefc overflow - please increase njmax to 76
nefc overflow - please increase njmax to 76
nefc overflow - please increase njmax to 76
nefc overflow - please increase njmax to 76
nefc overflow - please increase njmax to 76
nefc overflow - please increase njmax to 76
nefc overflow - please increase njmax to 76
nefc overflow - please increase njmax to 76
nefc overflow - please increase njmax to 76
nefc overflow - please increase njmax to 76
nefc overflow - please increase njmax to 76
nefc overflow - please increase njmax to 76
nefc overflow - please increase njmax to 76
nefc overflow - please increase njmax to 76
nefc overflow - please increase njmax to 76
nefc overflow - please increase njmax to 76
nefc overflow - please increase njmax to 76
nefc overflow - please increase njmax to 76
nefc overflow - please increase njmax to 76
nefc overflow - please increase njmax to 76
nefc overflow - please increase njmax to 76
nefc overflow - please increase njmax to 76
nefc overflow - please increase njmax to 76
nefc overflow - please increase njmax to 76
nefc overflow - please increase njmax to 76
nefc overflow - please increase njmax to 76
nefc overflow - please increase njmax to 76
nefc overflow - please increase njmax to 76
nefc overflow - please increase njmax to 76
nefc overflow - please increase njmax to 76
nefc overflow - please increase njmax to 76
nefc overflow - please increase njmax to 76
nefc overflow - please increase njmax to 76
nefc overflow - please increase njmax to 76
nefc overflow - please increase njmax to 76
nefc overflow - please increase njmax to 76
nefc overflow - please increase njmax to 76
nefc overflow - please increase njmax to 76
nefc overflow - please increase njmax to 76
nefc overflow - please increase njmax to 76
nefc overflow - please increase njmax to 76
nefc overflow - please increase njmax to 76
nefc overflow - please increase njmax to 76
nefc overflow - please increase njmax to 76
nefc overflow - please increase njmax to 76
nefc overflow - please increase njmax to 76
nefc overflow - please increase njmax to 76
nefc overflow - please increase njmax to 76
nefc overflow - please increase njmax to 76
nefc overflow - please increase njmax to 76
nefc overflow - please increase njmax to 76
nefc overflow - please increase njmax to 76
nefc overflow - please increase njmax to 76
nefc overflow - please increase njmax to 76
nefc overflow - please increase njmax to 76
nefc overflow - please increase njmax to 76
nefc overflow - please increase njmax to 76
nefc overflow - please increase njmax to 76
nefc overflow - please increase njmax to 76
nefc overflow - please increase njmax to 76
nefc overflow - please increase njmax to 76
nefc overflow - please increase njmax to 76
nefc overflow - please increase njmax to 76
nefc overflow - please increase njmax to 76
nefc overflow - please increase njmax to 76
nefc overflow - please increase njmax to 76
nefc overflow - please increase njmax to 76
nefc overflow - please increase njmax to 76
nefc overflow - please increase njmax to 76
nefc overflow - please increase njmax to 76
nefc overflow - please increase njmax to 76
nefc overflow - please increase njmax to 76
nefc overflow - please increase njmax to 76
nefc overflow - please increase njmax to 76
nefc overflow - please increase njmax to 76
nefc overflow - please increase njmax to 76
nefc overflow - please increase njmax to 76
nefc overflow - please increase njmax to 76
nefc overflow - please increase njmax to 76
nefc overflow - please increase njmax to 76
nefc overflow - please increase njmax to 76
nefc overflow - please increase njmax to 76
nefc overflow - please increase njmax to 76
nefc overflow - please increase njmax to 76
nefc overflow - please increase njmax to 76
nefc overflow - please increase njmax to 76
nefc overflow - please increase njmax to 76
nefc overflow - please increase njmax to 76
nefc overflow - please increase njmax to 76
nefc overflow - please increase njmax to 76
nefc overflow - please increase njmax to 76
nefc overflow - please increase njmax to 76
nefc overflow - please increase njmax to 76
nefc overflow - please increase njmax to 76
nefc overflow - please increase njmax to 76
nefc overflow - please increase njmax to 76
nefc overflow - please increase njmax to 76
nefc overflow - please increase njmax to 76
nefc overflow - please increase njmax to 76
nefc overflow - please increase njmax to 76
nefc overflow - please increase njmax to 76
nefc overflow - please increase njmax to 76
nefc overflow - please increase njmax to 76
nefc overflow - please increase njmax to 76
nefc overflow - please increase njmax to 76
nefc overflow - please increase njmax to 76
nefc overflow - please increase njmax to 76
nefc overflow - please increase njmax to 76
nefc overflow - please increase njmax to 76
nefc overflow - please increase njmax to 76
nefc overflow - please increase njmax to 76
nefc overflow - please increase njmax to 76
nefc overflow - please increase njmax to 76
nefc overflow - please increase njmax to 76
nefc overflow - please increase njmax to 76
nefc overflow - please increase njmax to 76
nefc overflow - please increase njmax to 76
nefc overflow - please increase njmax to 76
nefc overflow - please increase njmax to 76
nefc overflow - please increase njmax to 76
nefc overflow - please increase njmax to 76
nefc overflow - please increase njmax to 76
nefc overflow - please increase njmax to 76
nefc overflow - please increase njmax to 76
nefc overflow - please increase njmax to 76
nefc overflow - please increase njmax to 76
nefc overflow - please increase njmax to 76
nefc overflow - please increase njmax to 76
nefc overflow - please increase njmax to 76
nefc overflow - please increase njmax to 76
nefc overflow - please increase njmax to 76
nefc overflow - please increase njmax to 76
nefc overflow - please increase njmax to 76
nefc overflow - please increase njmax to 76
nefc overflow - please increase njmax to 76
nefc overflow - please increase njmax to 76
nefc overflow - please increase njmax to 76
nefc overflow - please increase njmax to 76
nefc overflow - please increase njmax to 76
nefc overflow - please increase njmax to 76
nefc overflow - please increase njmax to 76
nefc overflow - please increase njmax to 76
nefc overflow - please increase njmax to 76
nefc overflow - please increase njmax to 76
nefc overflow - please increase njmax to 76
nefc overflow - please increase njmax to 76
nefc overflow - please increase njmax to 76
nefc overflow - please increase njmax to 76
nefc overflow - please increase njmax to 76
nefc overflow - please increase njmax to 76
nefc overflow - please increase njmax to 76
nefc overflow - please increase njmax to 76
nefc overflow - please increase njmax to 76
nefc overflow - please increase njmax to 76
nefc overflow - please increase njmax to 76
nefc overflow - please increase njmax to 76
nefc overflow - please increase njmax to 76
nefc overflow - please increase njmax to 76
nefc overflow - please increase njmax to 76
nefc overflow - please increase njmax to 76
nefc overflow - please increase njmax to 76
nefc overflow - please increase njmax to 76
nefc overflow - please increase njmax to 76
nefc overflow - please increase njmax to 76
nefc overflow - please increase njmax to 76
nefc overflow - please increase njmax to 76
nefc overflow - please increase njmax to 76
nefc overflow - please increase njmax to 76
nefc overflow - please increase njmax to 76
nefc overflow - please increase njmax to 76
nefc overflow - please increase njmax to 76
nefc overflow - please increase njmax to 76
nefc overflow - please increase njmax to 76
nefc overflow - please increase njmax to 76
nefc overflow - please increase njmax to 76
nefc overflow - please increase njmax to 76
nefc overflow - please increase njmax to 76
nefc overflow - please increase njmax to 76
nefc overflow - please increase njmax to 76
nefc overflow - please increase njmax to 76
nefc overflow - please increase njmax to 76
nefc overflow - please increase njmax to 76
nefc overflow - please increase njmax to 76
nefc overflow - please increase njmax to 76
nefc overflow - please increase njmax to 76
nefc overflow - please increase njmax to 76
nefc overflow - please increase njmax to 76
nefc overflow - please increase njmax to 76
nefc overflow - please increase njmax to 76
nefc overflow - please increase njmax to 76
nefc overflow - please increase njmax to 76
nefc overflow - please increase njmax to 76
nefc overflow - please increase njmax to 76
nefc overflow - please increase njmax to 76
nefc overflow - please increase njmax to 76
nefc overflow - please increase njmax to 76
nefc overflow - please increase njmax to 76
nefc overflow - please increase njmax to 76
nefc overflow - please increase njmax to 76
nefc overflow - please increase njmax to 76
nefc overflow - please increase njmax to 76
nefc overflow - please increase njmax to 76
nefc overflow - please increase njmax to 76
nefc overflow - please increase njmax to 76
nefc overflow - please increase njmax to 76
nefc overflow - please increase njmax to 76
nefc overflow - please increase njmax to 76
nefc overflow - please increase njmax to 76
nefc overflow - please increase njmax to 76
nefc overflow - please increase njmax to 76
nefc overflow - please increase njmax to 76
nefc overflow - please increase njmax to 76
nefc overflow - please increase njmax to 76
nefc overflow - please increase njmax to 76
nefc overflow - please increase njmax to 76
nefc overflow - please increase njmax to 76
nefc overflow - please increase njmax to 76
nefc overflow - please increase njmax to 76
nefc overflow - please increase njmax to 76
nefc overflow - please increase njmax to 76
nefc overflow - please increase njmax to 76
nefc overflow - please increase njmax to 76
nefc overflow - please increase njmax to 76
nefc overflow - please increase njmax to 76
nefc overflow - please increase njmax to 76
nefc overflow - please increase njmax to 76
nefc overflow - please increase njmax to 76
nefc overflow - please increase njmax to 76
nefc overflow - please increase njmax to 76
nefc overflow - please increase njmax to 76
nefc overflow - please increase njmax to 76
nefc overflow - please increase njmax to 76
nefc overflow - please increase njmax to 76
nefc overflow - please increase njmax to 76
nefc overflow - please increase njmax to 76
nefc overflow - please increase njmax to 76
nefc overflow - please increase njmax to 76
nefc overflow - please increase njmax to 76
nefc overflow - please increase njmax to 76
nefc overflow - please increase njmax to 76
nefc overflow - please increase njmax to 76
nefc overflow - please increase njmax to 76
nefc overflow - please increase njmax to 76
nefc overflow - please increase njmax to 76
nefc overflow - please increase njmax to 76
nefc overflow - please increase njmax to 76
nefc overflow - please increase njmax to 76
nefc overflow - please increase njmax to 76
nefc overflow - please increase njmax to 76
nefc overflow - please increase njmax to 76
nefc overflow - please increase njmax to 76
nefc overflow - please increase njmax to 76
nefc overflow - please increase njmax to 76
nefc overflow - please increase njmax to 76
nefc overflow - please increase njmax to 76
nefc overflow - please increase njmax to 76
nefc overflow - please increase njmax to 76
nefc overflow - please increase njmax to 76
nefc overflow - please increase njmax to 76
nefc overflow - please increase njmax to 76
nefc overflow - please increase njmax to 76
nefc overflow - please increase njmax to 76
nefc overflow - please increase njmax to 76
nefc overflow - please increase njmax to 76
nefc overflow - please increase njmax to 76
nefc overflow - please increase njmax to 68
nefc overflow - please increase njmax to 76
nefc overflow - please increase njmax to 80
nefc overflow - please increase njmax to 84
nefc overflow - please increase njmax to 84
nefc overflow - please increase njmax to 84
nefc overflow - please increase njmax to 84
nefc overflow - please increase njmax to 84
nefc overflow - please increase njmax to 84
nefc overflow - please increase njmax to 84
nefc overflow - please increase njmax to 84
nefc overflow - please increase njmax to 84
nefc overflow - please increase njmax to 84
nefc overflow - please increase njmax to 84
nefc overflow - please increase njmax to 84
nefc overflow - please increase njmax to 84
nefc overflow - please increase njmax to 84
nefc overflow - please increase njmax to 84
nefc overflow - please increase njmax to 84
nefc overflow - please increase njmax to 84
nefc overflow - please increase njmax to 84
nefc overflow - please increase njmax to 84
nefc overflow - please increase njmax to 84
nefc overflow - please increase njmax to 84
nefc overflow - please increase njmax to 84
nefc overflow - please increase njmax to 84
nefc overflow - please increase njmax to 84
nefc overflow - please increase njmax to 84
nefc overflow - please increase njmax to 84
nefc overflow - please increase njmax to 84
nefc overflow - please increase njmax to 84
nefc overflow - please increase njmax to 84
nefc overflow - please increase njmax to 84
nefc overflow - please increase njmax to 84
nefc overflow - please increase njmax to 84
nefc overflow - please increase njmax to 84
nefc overflow - please increase njmax to 84
nefc overflow - please increase njmax to 84
nefc overflow - please increase njmax to 84
nefc overflow - please increase njmax to 84
nefc overflow - please increase njmax to 84
nefc overflow - please increase njmax to 84
nefc overflow - please increase njmax to 84
nefc overflow - please increase njmax to 84
nefc overflow - please increase njmax to 84
nefc overflow - please increase njmax to 84
nefc overflow - please increase njmax to 84
nefc overflow - please increase njmax to 84
nefc overflow - please increase njmax to 84
nefc overflow - please increase njmax to 84
nefc overflow - please increase njmax to 84
nefc overflow - please increase njmax to 84
nefc overflow - please increase njmax to 84
nefc overflow - please increase njmax to 84
nefc overflow - please increase njmax to 84
nefc overflow - please increase njmax to 84
nefc overflow - please increase njmax to 84
nefc overflow - please increase njmax to 84
nefc overflow - please increase njmax to 84
nefc overflow - please increase njmax to 84
nefc overflow - please increase njmax to 84
nefc overflow - please increase njmax to 84
nefc overflow - please increase njmax to 84
nefc overflow - please increase njmax to 80
nefc overflow - please increase njmax to 80
nefc overflow - please increase njmax to 80
nefc overflow - please increase njmax to 76
nefc overflow - please increase njmax to 76
nefc overflow - please increase njmax to 76
nefc overflow - please increase njmax to 76
nefc overflow - please increase njmax to 76
nefc overflow - please increase njmax to 76
nefc overflow - please increase njmax to 76
nefc overflow - please increase njmax to 76
nefc overflow - please increase njmax to 76
nefc overflow - please increase njmax to 76
nefc overflow - please increase njmax to 76
nefc overflow - please increase njmax to 76
nefc overflow - please increase njmax to 76
nefc overflow - please increase njmax to 76
nefc overflow - please increase njmax to 76
nefc overflow - please increase njmax to 76
nefc overflow - please increase njmax to 76
nefc overflow - please increase njmax to 76
nefc overflow - please increase njmax to 76
nefc overflow - please increase njmax to 76
nefc overflow - please increase njmax to 76
nefc overflow - please increase njmax to 76
nefc overflow - please increase njmax to 76
nefc overflow - please increase njmax to 76
nefc overflow - please increase njmax to 76
nefc overflow - please increase njmax to 76
nefc overflow - please increase njmax to 76
nefc overflow - please increase njmax to 76
nefc overflow - please increase njmax to 76
nefc overflow - please increase njmax to 76
nefc overflow - please increase njmax to 76
nefc overflow - please increase njmax to 76
nefc overflow - please increase njmax to 76
nefc overflow - please increase njmax to 76
nefc overflow - please increase njmax to 76
nefc overflow - please increase njmax to 72
nefc overflow - please increase njmax to 72
nefc overflow - please increase njmax to 72
nefc overflow - please increase njmax to 72
nefc overflow - please increase njmax to 72
nefc overflow - please increase njmax to 72
nefc overflow - please increase njmax to 72
nefc overflow - please increase njmax to 72
nefc overflow - please increase njmax to 72
nefc overflow - please increase njmax to 72
nefc overflow - please increase njmax to 76
nefc overflow - please increase njmax to 76
nefc overflow - please increase njmax to 76
nefc overflow - please increase njmax to 76
nefc overflow - please increase njmax to 76
nefc overflow - please increase njmax to 76
nefc overflow - please increase njmax to 76
nefc overflow - please increase njmax to 76
nefc overflow - please increase njmax to 76
nefc overflow - please increase njmax to 76
nefc overflow - please increase njmax to 76
nefc overflow - please increase njmax to 76
nefc overflow - please increase njmax to 76
nefc overflow - please increase njmax to 76
nefc overflow - please increase njmax to 76
nefc overflow - please increase njmax to 76
nefc overflow - please increase njmax to 76
nefc overflow - please increase njmax to 76
nefc overflow - please increase njmax to 76
nefc overflow - please increase njmax to 76
nefc overflow - please increase njmax to 76
nefc overflow - please increase njmax to 76
nefc overflow - please increase njmax to 76
nefc overflow - please increase njmax to 76
nefc overflow - please increase njmax to 76
nefc overflow - please increase njmax to 76
nefc overflow - please increase njmax to 76
nefc overflow - please increase njmax to 76
nefc overflow - please increase njmax to 76
nefc overflow - please increase njmax to 76
nefc overflow - please increase njmax to 76
nefc overflow - please increase njmax to 76
nefc overflow - please increase njmax to 76
nefc overflow - please increase njmax to 76
nefc overflow - please increase njmax to 76
nefc overflow - please increase njmax to 76
nefc overflow - please increase njmax to 76
nefc overflow - please increase njmax to 76
nefc overflow - please increase njmax to 76
nefc overflow - please increase njmax to 76
nefc overflow - please increase njmax to 76
nefc overflow - please increase njmax to 76
nefc overflow - please increase njmax to 76
nefc overflow - please increase njmax to 76
nefc overflow - please increase njmax to 76
nefc overflow - please increase njmax to 76
nefc overflow - please increase njmax to 76
nefc overflow - please increase njmax to 76
nefc overflow - please increase njmax to 76
nefc overflow - please increase njmax to 76
nefc overflow - please increase njmax to 76
nefc overflow - please increase njmax to 76
nefc overflow - please increase njmax to 76
nefc overflow - please increase njmax to 76
nefc overflow - please increase njmax to 76
nefc overflow - please increase njmax to 76
nefc overflow - please increase njmax to 76
nefc overflow - please increase njmax to 76
nefc overflow - please increase njmax to 76
nefc overflow - please increase njmax to 76
nefc overflow - please increase njmax to 76
nefc overflow - please increase njmax to 76
nefc overflow - please increase njmax to 76
nefc overflow - please increase njmax to 76
nefc overflow - please increase njmax to 76
nefc overflow - please increase njmax to 76
nefc overflow - please increase njmax to 76
nefc overflow - please increase njmax to 76
nefc overflow - please increase njmax to 76
nefc overflow - please increase njmax to 76
nefc overflow - please increase njmax to 76
nefc overflow - please increase njmax to 76
nefc overflow - please increase njmax to 76
nefc overflow - please increase njmax to 76
nefc overflow - please increase njmax to 76
nefc overflow - please increase njmax to 76
nefc overflow - please increase njmax to 76
nefc overflow - please increase njmax to 76
nefc overflow - please increase njmax to 76
nefc overflow - please increase njmax to 76
nefc overflow - please increase njmax to 76
nefc overflow - please increase njmax to 76
nefc overflow - please increase njmax to 76
nefc overflow - please increase njmax to 76
nefc overflow - please increase njmax to 76
nefc overflow - please increase njmax to 76
nefc overflow - please increase njmax to 76
nefc overflow - please increase njmax to 76
nefc overflow - please increase njmax to 76
nefc overflow - please increase njmax to 76
nefc overflow - please increase njmax to 76
nefc overflow - please increase njmax to 76
nefc overflow - please increase njmax to 76
nefc overflow - please increase njmax to 76
nefc overflow - please increase njmax to 76
nefc overflow - please increase njmax to 76
nefc overflow - please increase njmax to 76
nefc overflow - please increase njmax to 76
nefc overflow - please increase njmax to 76
nefc overflow - please increase njmax to 76
nefc overflow - please increase njmax to 76
nefc overflow - please increase njmax to 76
nefc overflow - please increase njmax to 76
nefc overflow - please increase njmax to 76
nefc overflow - please increase njmax to 76
nefc overflow - please increase njmax to 76
nefc overflow - please increase njmax to 76
nefc overflow - please increase njmax to 76
nefc overflow - please increase njmax to 76
nefc overflow - please increase njmax to 76
nefc overflow - please increase njmax to 76
nefc overflow - please increase njmax to 76
nefc overflow - please increase njmax to 76
nefc overflow - please increase njmax to 76
nefc overflow - please increase njmax to 76
nefc overflow - please increase njmax to 76
nefc overflow - please increase njmax to 76
nefc overflow - please increase njmax to 76
nefc overflow - please increase njmax to 76
nefc overflow - please increase njmax to 76
nefc overflow - please increase njmax to 76
nefc overflow - please increase njmax to 76
nefc overflow - please increase njmax to 76
nefc overflow - please increase njmax to 76
nefc overflow - please increase njmax to 76
nefc overflow - please increase njmax to 76
nefc overflow - please increase njmax to 76
nefc overflow - please increase njmax to 76
nefc overflow - please increase njmax to 76
nefc overflow - please increase njmax to 76
nefc overflow - please increase njmax to 76
nefc overflow - please increase njmax to 76
nefc overflow - please increase njmax to 76
nefc overflow - please increase njmax to 76
nefc overflow - please increase njmax to 76
nefc overflow - please increase njmax to 76
nefc overflow - please increase njmax to 76
nefc overflow - please increase njmax to 76
nefc overflow - please increase njmax to 76
nefc overflow - please increase njmax to 76
nefc overflow - please increase njmax to 76
nefc overflow - please increase njmax to 76
nefc overflow - please increase njmax to 76
nefc overflow - please increase njmax to 76
nefc overflow - please increase njmax to 76
nefc overflow - please increase njmax to 76
nefc overflow - please increase njmax to 76
nefc overflow - please increase njmax to 76
nefc overflow - please increase njmax to 76
nefc overflow - please increase njmax to 76
nefc overflow - please increase njmax to 76
nefc overflow - please increase njmax to 76
nefc overflow - please increase njmax to 76
nefc overflow - please increase njmax to 76
nefc overflow - please increase njmax to 76
nefc overflow - please increase njmax to 76
nefc overflow - please increase njmax to 76
nefc overflow - please increase njmax to 76
nefc overflow - please increase njmax to 76
nefc overflow - please increase njmax to 76
nefc overflow - please increase njmax to 76
nefc overflow - please increase njmax to 76
nefc overflow - please increase njmax to 76
nefc overflow - please increase njmax to 76
nefc overflow - please increase njmax to 76
nefc overflow - please increase njmax to 76
nefc overflow - please increase njmax to 76
nefc overflow - please increase njmax to 76
nefc overflow - please increase njmax to 76
nefc overflow - please increase njmax to 76
nefc overflow - please increase njmax to 76
nefc overflow - please increase njmax to 76
nefc overflow - please increase njmax to 76
nefc overflow - please increase njmax to 76
nefc overflow - please increase njmax to 76
nefc overflow - please increase njmax to 76
nefc overflow - please increase njmax to 76
nefc overflow - please increase njmax to 76
nefc overflow - please increase njmax to 76
nefc overflow - please increase njmax to 76
nefc overflow - please increase njmax to 76
nefc overflow - please increase njmax to 76
nefc overflow - please increase njmax to 76
nefc overflow - please increase njmax to 76
nefc overflow - please increase njmax to 76
nefc overflow - please increase njmax to 76
nefc overflow - please increase njmax to 76
nefc overflow - please increase njmax to 76
nefc overflow - please increase njmax to 76
nefc overflow - please increase njmax to 76
nefc overflow - please increase njmax to 76
nefc overflow - please increase njmax to 76
nefc overflow - please increase njmax to 76
nefc overflow - please increase njmax to 76
nefc overflow - please increase njmax to 76
nefc overflow - please increase njmax to 76
nefc overflow - please increase njmax to 76
nefc overflow - please increase njmax to 76
nefc overflow - please increase njmax to 76
nefc overflow - please increase njmax to 76
nefc overflow - please increase njmax to 76
nefc overflow - please increase njmax to 76
nefc overflow - please increase njmax to 76
nefc overflow - please increase njmax to 76
nefc overflow - please increase njmax to 76
nefc overflow - please increase njmax to 76
nefc overflow - please increase njmax to 76
nefc overflow - please increase njmax to 76
nefc overflow - please increase njmax to 76
nefc overflow - please increase njmax to 76
nefc overflow - please increase njmax to 76
nefc overflow - please increase njmax to 76
nefc overflow - please increase njmax to 76
nefc overflow - please increase njmax to 76
nefc overflow - please increase njmax to 76
nefc overflow - please increase njmax to 76
nefc overflow - please increase njmax to 76
nefc overflow - please increase njmax to 76
nefc overflow - please increase njmax to 76
nefc overflow - please increase njmax to 76
nefc overflow - please increase njmax to 76
nefc overflow - please increase njmax to 76
nefc overflow - please increase njmax to 76
nefc overflow - please increase njmax to 76
nefc overflow - please increase njmax to 76
nefc overflow - please increase njmax to 76
nefc overflow - please increase njmax to 76
nefc overflow - please increase njmax to 76
nefc overflow - please increase njmax to 76
nefc overflow - please increase njmax to 76
nefc overflow - please increase njmax to 76
nefc overflow - please increase njmax to 76
nefc overflow - please increase njmax to 76
nefc overflow - please increase njmax to 76
nefc overflow - please increase njmax to 76
nefc overflow - please increase njmax to 76
nefc overflow - please increase njmax to 76
nefc overflow - please increase njmax to 76
nefc overflow - please increase njmax to 76
nefc overflow - please increase njmax to 76
nefc overflow - please increase njmax to 76
nefc overflow - please increase njmax to 76
nefc overflow - please increase njmax to 76
nefc overflow - please increase njmax to 76
nefc overflow - please increase njmax to 76
nefc overflow - please increase njmax to 76
nefc overflow - please increase njmax to 76
nefc overflow - please increase njmax to 76
nefc overflow - please increase njmax to 76
nefc overflow - please increase njmax to 76
nefc overflow - please increase njmax to 76
nefc overflow - please increase njmax to 76
nefc overflow - please increase njmax to 76
nefc overflow - please increase njmax to 76
nefc overflow - please increase njmax to 76
nefc overflow - please increase njmax to 76
nefc overflow - please increase njmax to 76
nefc overflow - please increase njmax to 76
nefc overflow - please increase njmax to 76
nefc overflow - please increase njmax to 76
nefc overflow - please increase njmax to 76
nefc overflow - please increase njmax to 76
nefc overflow - please increase njmax to 76
nefc overflow - please increase njmax to 76
nefc overflow - please increase njmax to 76
nefc overflow - please increase njmax to 76
nefc overflow - please increase njmax to 76
nefc overflow - please increase njmax to 76
nefc overflow - please increase njmax to 76
nefc overflow - please increase njmax to 76
nefc overflow - please increase njmax to 76
nefc overflow - please increase njmax to 76
nefc overflow - please increase njmax to 76
nefc overflow - please increase njmax to 76
nefc overflow - please increase njmax to 76
nefc overflow - please increase njmax to 76
nefc overflow - please increase njmax to 76
nefc overflow - please increase njmax to 76
nefc overflow - please increase njmax to 76
nefc overflow - please increase njmax to 76
nefc overflow - please increase njmax to 76
nefc overflow - please increase njmax to 76
nefc overflow - please increase njmax to 76
nefc overflow - please increase njmax to 76
nefc overflow - please increase njmax to 76
nefc overflow - please increase njmax to 76
nefc overflow - please increase njmax to 76
nefc overflow - please increase njmax to 76
nefc overflow - please increase njmax to 76
nefc overflow - please increase njmax to 76
nefc overflow - please increase njmax to 76
nefc overflow - please increase njmax to 76
nefc overflow - please increase njmax to 76
nefc overflow - please increase njmax to 76
nefc overflow - please increase njmax to 76
nefc overflow - please increase njmax to 76
nefc overflow - please increase njmax to 76
nefc overflow - please increase njmax to 76
nefc overflow - please increase njmax to 76
nefc overflow - please increase njmax to 76
nefc overflow - please increase njmax to 76
nefc overflow - please increase njmax to 76
nefc overflow - please increase njmax to 76
nefc overflow - please increase njmax to 76
nefc overflow - please increase njmax to 76
nefc overflow - please increase njmax to 76
nefc overflow - please increase njmax to 76
nefc overflow - please increase njmax to 76
nefc overflow - please increase njmax to 76
nefc overflow - please increase njmax to 76
nefc overflow - please increase njmax to 76
nefc overflow - please increase njmax to 76
nefc overflow - please increase njmax to 76
nefc overflow - please increase njmax to 76
nefc overflow - please increase njmax to 76
nefc overflow - please increase njmax to 76
nefc overflow - please increase njmax to 76
nefc overflow - please increase njmax to 76
nefc overflow - please increase njmax to 76
nefc overflow - please increase njmax to 76
nefc overflow - please increase njmax to 76
nefc overflow - please increase njmax to 76
nefc overflow - please increase njmax to 76
nefc overflow - please increase njmax to 76
nefc overflow - please increase njmax to 76
nefc overflow - please increase njmax to 76
nefc overflow - please increase njmax to 76
nefc overflow - please increase njmax to 76
nefc overflow - please increase njmax to 76
nefc overflow - please increase njmax to 76
nefc overflow - please increase njmax to 76
nefc overflow - please increase njmax to 76
nefc overflow - please increase njmax to 76
nefc overflow - please increase njmax to 76
nefc overflow - please increase njmax to 76
nefc overflow - please increase njmax to 76
nefc overflow - please increase njmax to 76
nefc overflow - please increase njmax to 76
nefc overflow - please increase njmax to 76
nefc overflow - please increase njmax to 76
nefc overflow - please increase njmax to 76
nefc overflow - please increase njmax to 76
nefc overflow - please increase njmax to 76
nefc overflow - please increase njmax to 76
nefc overflow - please increase njmax to 76
nefc overflow - please increase njmax to 76
nefc overflow - please increase njmax to 76
nefc overflow - please increase njmax to 76
nefc overflow - please increase njmax to 76
nefc overflow - please increase njmax to 76
nefc overflow - please increase njmax to 76
nefc overflow - please increase njmax to 76
nefc overflow - please increase njmax to 76
nefc overflow - please increase njmax to 76
nefc overflow - please increase njmax to 76
nefc overflow - please increase njmax to 76
nefc overflow - please increase njmax to 76
nefc overflow - please increase njmax to 76
nefc overflow - please increase njmax to 76
nefc overflow - please increase njmax to 76
nefc overflow - please increase njmax to 76
nefc overflow - please increase njmax to 76
nefc overflow - please increase njmax to 76
nefc overflow - please increase njmax to 76
nefc overflow - please increase njmax to 76
nefc overflow - please increase njmax to 76
nefc overflow - please increase njmax to 76
nefc overflow - please increase njmax to 76
nefc overflow - please increase njmax to 76
nefc overflow - please increase njmax to 76
nefc overflow - please increase njmax to 76
nefc overflow - please increase njmax to 76
nefc overflow - please increase njmax to 76
nefc overflow - please increase njmax to 76
nefc overflow - please increase njmax to 76
nefc overflow - please increase njmax to 76
nefc overflow - please increase njmax to 76
nefc overflow - please increase njmax to 76
nefc overflow - please increase njmax to 76
nefc overflow - please increase njmax to 76
nefc overflow - please increase njmax to 76
nefc overflow - please increase njmax to 76
nefc overflow - please increase njmax to 76
nefc overflow - please increase njmax to 76
nefc overflow - please increase njmax to 76
nefc overflow - please increase njmax to 76
nefc overflow - please increase njmax to 76
nefc overflow - please increase njmax to 76
nefc overflow - please increase njmax to 76
nefc overflow - please increase njmax to 76
nefc overflow - please increase njmax to 76
nefc overflow - please increase njmax to 76
nefc overflow - please increase njmax to 76
nefc overflow - please increase njmax to 76
nefc overflow - please increase njmax to 76
nefc overflow - please increase njmax to 76
nefc overflow - please increase njmax to 76
nefc overflow - please increase njmax to 76
nefc overflow - please increase njmax to 76
nefc overflow - please increase njmax to 76
nefc overflow - please increase njmax to 76
nefc overflow - please increase njmax to 76
nefc overflow - please increase njmax to 76
nefc overflow - please increase njmax to 76
nefc overflow - please increase njmax to 76
nefc overflow - please increase njmax to 76
nefc overflow - please increase njmax to 76
nefc overflow - please increase njmax to 76
nefc overflow - please increase njmax to 76
nefc overflow - please increase njmax to 76
nefc overflow - please increase njmax to 76
nefc overflow - please increase njmax to 76
nefc overflow - please increase njmax to 76
nefc overflow - please increase njmax to 76
nefc overflow - please increase njmax to 76
nefc overflow - please increase njmax to 76
nefc overflow - please increase njmax to 76
nefc overflow - please increase njmax to 76
nefc overflow - please increase njmax to 76
nefc overflow - please increase njmax to 76
nefc overflow - please increase njmax to 76
nefc overflow - please increase njmax to 76
nefc overflow - please increase njmax to 76
nefc overflow - please increase njmax to 76
nefc overflow - please increase njmax to 76
nefc overflow - please increase njmax to 76
nefc overflow - please increase njmax to 76
nefc overflow - please increase njmax to 76
nefc overflow - please increase njmax to 76
nefc overflow - please increase njmax to 76
nefc overflow - please increase njmax to 76
nefc overflow - please increase njmax to 76
nefc overflow - please increase njmax to 76
nefc overflow - please increase njmax to 76
nefc overflow - please increase njmax to 76
nefc overflow - please increase njmax to 76
nefc overflow - please increase njmax to 76
nefc overflow - please increase njmax to 76
nefc overflow - please increase njmax to 76
nefc overflow - please increase njmax to 76
nefc overflow - please increase njmax to 76
nefc overflow - please increase njmax to 76
nefc overflow - please increase njmax to 76
nefc overflow - please increase njmax to 76
nefc overflow - please increase njmax to 76
nefc overflow - please increase njmax to 76
nefc overflow - please increase njmax to 76
nefc overflow - please increase njmax to 76
nefc overflow - please increase njmax to 76
nefc overflow - please increase njmax to 76
nefc overflow - please increase njmax to 76
nefc overflow - please increase njmax to 76
nefc overflow - please increase njmax to 76
nefc overflow - please increase njmax to 76
nefc overflow - please increase njmax to 76
nefc overflow - please increase njmax to 76
nefc overflow - please increase njmax to 76
nefc overflow - please increase njmax to 76
nefc overflow - please increase njmax to 76
nefc overflow - please increase njmax to 76
nefc overflow - please increase njmax to 76
nefc overflow - please increase njmax to 76
nefc overflow - please increase njmax to 76
nefc overflow - please increase njmax to 76
nefc overflow - please increase njmax to 76
nefc overflow - please increase njmax to 76
nefc overflow - please increase njmax to 76
nefc overflow - please increase njmax to 76
nefc overflow - please increase njmax to 76
nefc overflow - please increase njmax to 76
nefc overflow - please increase njmax to 76
nefc overflow - please increase njmax to 76
nefc overflow - please increase njmax to 76
nefc overflow - please increase njmax to 76
nefc overflow - please increase njmax to 76
nefc overflow - please increase njmax to 76
nefc overflow - please increase njmax to 76
nefc overflow - please increase njmax to 76
nefc overflow - please increase njmax to 76
nefc overflow - please increase njmax to 76
nefc overflow - please increase njmax to 76
nefc overflow - please increase njmax to 76
nefc overflow - please increase njmax to 76
nefc overflow - please increase njmax to 76
nefc overflow - please increase njmax to 76
nefc overflow - please increase njmax to 76
nefc overflow - please increase njmax to 76
nefc overflow - please increase njmax to 76
nefc overflow - please increase njmax to 76
nefc overflow - please increase njmax to 76
nefc overflow - please increase njmax to 76
nefc overflow - please increase njmax to 76
nefc overflow - please increase njmax to 76
nefc overflow - please increase njmax to 76
nefc overflow - please increase njmax to 76
nefc overflow - please increase njmax to 76
nefc overflow - please increase njmax to 76
nefc overflow - please increase njmax to 76
nefc overflow - please increase njmax to 76
nefc overflow - please increase njmax to 76
nefc overflow - please increase njmax to 76
nefc overflow - please increase njmax to 76
nefc overflow - please increase njmax to 76
nefc overflow - please increase njmax to 76
nefc overflow - please increase njmax to 76
nefc overflow - please increase njmax to 76
nefc overflow - please increase njmax to 76
nefc overflow - please increase njmax to 76
nefc overflow - please increase njmax to 76
nefc overflow - please increase njmax to 76
nefc overflow - please increase njmax to 76
nefc overflow - please increase njmax to 76
nefc overflow - please increase njmax to 76
nefc overflow - please increase njmax to 76
nefc overflow - please increase njmax to 76
nefc overflow - please increase njmax to 76
nefc overflow - please increase njmax to 76
nefc overflow - please increase njmax to 76
nefc overflow - please increase njmax to 76
nefc overflow - please increase njmax to 76
nefc overflow - please increase njmax to 76
nefc overflow - please increase njmax to 76
nefc overflow - please increase njmax to 76
nefc overflow - please increase njmax to 76
nefc overflow - please increase njmax to 76
nefc overflow - please increase njmax to 76
nefc overflow - please increase njmax to 76
nefc overflow - please increase njmax to 76
nefc overflow - please increase njmax to 76
nefc overflow - please increase njmax to 76
nefc overflow - please increase njmax to 76
nefc overflow - please increase njmax to 76
nefc overflow - please increase njmax to 76
nefc overflow - please increase njmax to 76
nefc overflow - please increase njmax to 76
nefc overflow - please increase njmax to 76
nefc overflow - please increase njmax to 76
nefc overflow - please increase njmax to 76
nefc overflow - please increase njmax to 76
nefc overflow - please increase njmax to 76
nefc overflow - please increase njmax to 76
nefc overflow - please increase njmax to 76
nefc overflow - please increase njmax to 76
nefc overflow - please increase njmax to 76
nefc overflow - please increase njmax to 76
nefc overflow - please increase njmax to 76
nefc overflow - please increase njmax to 76
nefc overflow - please increase njmax to 76
nefc overflow - please increase njmax to 76
nefc overflow - please increase njmax to 76
nefc overflow - please increase njmax to 76
nefc overflow - please increase njmax to 76
nefc overflow - please increase njmax to 76
nefc overflow - please increase njmax to 76
nefc overflow - please increase njmax to 76
nefc overflow - please increase njmax to 76
nefc overflow - please increase njmax to 76
nefc overflow - please increase njmax to 76
nefc overflow - please increase njmax to 76
nefc overflow - please increase njmax to 76
nefc overflow - please increase njmax to 76
nefc overflow - please increase njmax to 76
nefc overflow - please increase njmax to 76
nefc overflow - please increase njmax to 76
nefc overflow - please increase njmax to 76
nefc overflow - please increase njmax to 76
nefc overflow - please increase njmax to 76
nefc overflow - please increase njmax to 76
nefc overflow - please increase njmax to 76
nefc overflow - please increase njmax to 76
nefc overflow - please increase njmax to 76
nefc overflow - please increase njmax to 76
nefc overflow - please increase njmax to 76
nefc overflow - please increase njmax to 76
nefc overflow - please increase njmax to 76
nefc overflow - please increase njmax to 76
nefc overflow - please increase njmax to 76
nefc overflow - please increase njmax to 76
nefc overflow - please increase njmax to 76
nefc overflow - please increase njmax to 76
nefc overflow - please increase njmax to 76
nefc overflow - please increase njmax to 76
nefc overflow - please increase njmax to 76
nefc overflow - please increase njmax to 76
nefc overflow - please increase njmax to 76
nefc overflow - please increase njmax to 76
nefc overflow - please increase njmax to 76
nefc overflow - please increase njmax to 76
nefc overflow - please increase njmax to 76
nefc overflow - please increase njmax to 76
nefc overflow - please increase njmax to 76
nefc overflow - please increase njmax to 76
nefc overflow - please increase njmax to 76
nefc overflow - please increase njmax to 76
nefc overflow - please increase njmax to 76
nefc overflow - please increase njmax to 76
nefc overflow - please increase njmax to 76
nefc overflow - please increase njmax to 76
nefc overflow - please increase njmax to 76
nefc overflow - please increase njmax to 76
nefc overflow - please increase njmax to 76
nefc overflow - please increase njmax to 76
nefc overflow - please increase njmax to 76
nefc overflow - please increase njmax to 76
nefc overflow - please increase njmax to 76
nefc overflow - please increase njmax to 76
nefc overflow - please increase njmax to 76
nefc overflow - please increase njmax to 76
nefc overflow - please increase njmax to 76
nefc overflow - please increase njmax to 76
nefc overflow - please increase njmax to 76
nefc overflow - please increase njmax to 76
nefc overflow - please increase njmax to 76
nefc overflow - please increase njmax to 76
nefc overflow - please increase njmax to 76
nefc overflow - please increase njmax to 76
nefc overflow - please increase njmax to 76
nefc overflow - please increase njmax to 76
nefc overflow - please increase njmax to 76
nefc overflow - please increase njmax to 76
nefc overflow - please increase njmax to 76
nefc overflow - please increase njmax to 76
nefc overflow - please increase njmax to 76
nefc overflow - please increase njmax to 76
nefc overflow - please increase njmax to 76
nefc overflow - please increase njmax to 76
nefc overflow - please increase njmax to 76
nefc overflow - please increase njmax to 76
nefc overflow - please increase njmax to 76
nefc overflow - please increase njmax to 76
nefc overflow - please increase njmax to 76
nefc overflow - please increase njmax to 76
nefc overflow - please increase njmax to 76
nefc overflow - please increase njmax to 76
nefc overflow - please increase njmax to 76
nefc overflow - please increase njmax to 76
nefc overflow - please increase njmax to 76
nefc overflow - please increase njmax to 76
nefc overflow - please increase njmax to 76
nefc overflow - please increase njmax to 76
nefc overflow - please increase njmax to 76
nefc overflow - please increase njmax to 76
nefc overflow - please increase njmax to 76
nefc overflow - please increase njmax to 76
nefc overflow - please increase njmax to 76
nefc overflow - please increase njmax to 76
nefc overflow - please increase njmax to 76
nefc overflow - please increase njmax to 76
nefc overflow - please increase njmax to 76
nefc overflow - please increase njmax to 76
nefc overflow - please increase njmax to 76
nefc overflow - please increase njmax to 76
nefc overflow - please increase njmax to 76
nefc overflow - please increase njmax to 76
nefc overflow - please increase njmax to 76
nefc overflow - please increase njmax to 76
nefc overflow - please increase njmax to 76
nefc overflow - please increase njmax to 76
nefc overflow - please increase njmax to 76
nefc overflow - please increase njmax to 76
nefc overflow - please increase njmax to 76
nefc overflow - please increase njmax to 76
nefc overflow - please increase njmax to 76
nefc overflow - please increase njmax to 76
nefc overflow - please increase njmax to 76
nefc overflow - please increase njmax to 76
nefc overflow - please increase njmax to 76
nefc overflow - please increase njmax to 76
nefc overflow - please increase njmax to 76
nefc overflow - please increase njmax to 76
nefc overflow - please increase njmax to 76
nefc overflow - please increase njmax to 76
nefc overflow - please increase njmax to 76
nefc overflow - please increase njmax to 76
nefc overflow - please increase njmax to 76
nefc overflow - please increase njmax to 76
nefc overflow - please increase njmax to 76
nefc overflow - please increase njmax to 76
nefc overflow - please increase njmax to 76
nefc overflow - please increase njmax to 76
nefc overflow - please increase njmax to 76
nefc overflow - please increase njmax to 76
nefc overflow - please increase njmax to 76
nefc overflow - please increase njmax to 76
nefc overflow - please increase njmax to 76
nefc overflow - please increase njmax to 76
nefc overflow - please increase njmax to 76
nefc overflow - please increase njmax to 76
nefc overflow - please increase njmax to 76
nefc overflow - please increase njmax to 76
nefc overflow - please increase njmax to 76
nefc overflow - please increase njmax to 76
nefc overflow - please increase njmax to 76
nefc overflow - please increase njmax to 76
nefc overflow - please increase njmax to 76
nefc overflow - please increase njmax to 76
nefc overflow - please increase njmax to 76
nefc overflow - please increase njmax to 76
nefc overflow - please increase njmax to 76
nefc overflow - please increase njmax to 76
nefc overflow - please increase njmax to 76
nefc overflow - please increase njmax to 76
nefc overflow - please increase njmax to 76
nefc overflow - please increase njmax to 76
nefc overflow - please increase njmax to 76
nefc overflow - please increase njmax to 76
nefc overflow - please increase njmax to 76
nefc overflow - please increase njmax to 76
nefc overflow - please increase njmax to 76
nefc overflow - please increase njmax to 76
nefc overflow - please increase njmax to 76
nefc overflow - please increase njmax to 76
nefc overflow - please increase njmax to 76
nefc overflow - please increase njmax to 76
nefc overflow - please increase njmax to 76
nefc overflow - please increase njmax to 76
nefc overflow - please increase njmax to 76
nefc overflow - please increase njmax to 76
nefc overflow - please increase njmax to 76
nefc overflow - please increase njmax to 76
nefc overflow - please increase njmax to 76
nefc overflow - please increase njmax to 76
nefc overflow - please increase njmax to 76
nefc overflow - please increase njmax to 76
nefc overflow - please increase njmax to 76
nefc overflow - please increase njmax to 76
nefc overflow - please increase njmax to 76
nefc overflow - please increase njmax to 76
nefc overflow - please increase njmax to 76
nefc overflow - please increase njmax to 76
nefc overflow - please increase njmax to 76
nefc overflow - please increase njmax to 76
nefc overflow - please increase njmax to 76
nefc overflow - please increase njmax to 76
nefc overflow - please increase njmax to 76
nefc overflow - please increase njmax to 76
nefc overflow - please increase njmax to 76
nefc overflow - please increase njmax to 76
nefc overflow - please increase njmax to 76
nefc overflow - please increase njmax to 76
nefc overflow - please increase njmax to 76
nefc overflow - please increase njmax to 76
nefc overflow - please increase njmax to 76
nefc overflow - please increase njmax to 76
nefc overflow - please increase njmax to 76
nefc overflow - please increase njmax to 76
nefc overflow - please increase njmax to 76
nefc overflow - please increase njmax to 76
nefc overflow - please increase njmax to 76
nefc overflow - please increase njmax to 76
nefc overflow - please increase njmax to 76
nefc overflow - please increase njmax to 76
nefc overflow - please increase njmax to 76
nefc overflow - please increase njmax to 76
nefc overflow - please increase njmax to 76
nefc overflow - please increase njmax to 76
nefc overflow - please increase njmax to 76
nefc overflow - please increase njmax to 76
nefc overflow - please increase njmax to 76
nefc overflow - please increase njmax to 76
nefc overflow - please increase njmax to 76
nefc overflow - please increase njmax to 76
nefc overflow - please increase njmax to 76
nefc overflow - please increase njmax to 76
nefc overflow - please increase njmax to 76
nefc overflow - please increase njmax to 76
nefc overflow - please increase njmax to 76
nefc overflow - please increase njmax to 76
nefc overflow - please increase njmax to 76
nefc overflow - please increase njmax to 76
nefc overflow - please increase njmax to 76
nefc overflow - please increase njmax to 76
nefc overflow - please increase njmax to 76
nefc overflow - please increase njmax to 76
nefc overflow - please increase njmax to 76
nefc overflow - please increase njmax to 76
nefc overflow - please increase njmax to 76
nefc overflow - please increase njmax to 76
nefc overflow - please increase njmax to 76
nefc overflow - please increase njmax to 76
nefc overflow - please increase njmax to 76
nefc overflow - please increase njmax to 76
nefc overflow - please increase njmax to 76
nefc overflow - please increase njmax to 76
nefc overflow - please increase njmax to 76
nefc overflow - please increase njmax to 76
nefc overflow - please increase njmax to 76
nefc overflow - please increase njmax to 76
nefc overflow - please increase njmax to 76
nefc overflow - please increase njmax to 76
nefc overflow - please increase njmax to 76
nefc overflow - please increase njmax to 76
nefc overflow - please increase njmax to 76
nefc overflow - please increase njmax to 76
nefc overflow - please increase njmax to 76
nefc overflow - please increase njmax to 76
nefc overflow - please increase njmax to 76
nefc overflow - please increase njmax to 76
nefc overflow - please increase njmax to 76
nefc overflow - please increase njmax to 76
nefc overflow - please increase njmax to 76
nefc overflow - please increase njmax to 76
nefc overflow - please increase njmax to 76
nefc overflow - please increase njmax to 76
nefc overflow - please increase njmax to 76
nefc overflow - please increase njmax to 76
nefc overflow - please increase njmax to 76
nefc overflow - please increase njmax to 76
nefc overflow - please increase njmax to 76
nefc overflow - please increase njmax to 76
nefc overflow - please increase njmax to 76
nefc overflow - please increase njmax to 76
nefc overflow - please increase njmax to 76
nefc overflow - please increase njmax to 76
nefc overflow - please increase njmax to 76
nefc overflow - please increase njmax to 76
nefc overflow - please increase njmax to 76
nefc overflow - please increase njmax to 76
nefc overflow - please increase njmax to 76
nefc overflow - please increase njmax to 76
nefc overflow - please increase njmax to 76
nefc overflow - please increase njmax to 76
nefc overflow - please increase njmax to 76
nefc overflow - please increase njmax to 76
nefc overflow - please increase njmax to 76
nefc overflow - please increase njmax to 76
nefc overflow - please increase njmax to 76
nefc overflow - please increase njmax to 76
nefc overflow - please increase njmax to 76
nefc overflow - please increase njmax to 76
nefc overflow - please increase njmax to 76
nefc overflow - please increase njmax to 76
nefc overflow - please increase njmax to 76
nefc overflow - please increase njmax to 76
nefc overflow - please increase njmax to 76
nefc overflow - please increase njmax to 76
nefc overflow - please increase njmax to 76
nefc overflow - please increase njmax to 76
nefc overflow - please increase njmax to 76
nefc overflow - please increase njmax to 76
nefc overflow - please increase njmax to 76
nefc overflow - please increase njmax to 76
nefc overflow - please increase njmax to 76
nefc overflow - please increase njmax to 76
nefc overflow - please increase njmax to 76
nefc overflow - please increase njmax to 76
nefc overflow - please increase njmax to 76
nefc overflow - please increase njmax to 76
nefc overflow - please increase njmax to 76
nefc overflow - please increase njmax to 76
nefc overflow - please increase njmax to 76
nefc overflow - please increase njmax to 76
nefc overflow - please increase njmax to 76
nefc overflow - please increase njmax to 68
nefc overflow - please increase njmax to 68
nefc overflow - please increase njmax to 68
nefc overflow - please increase njmax to 68
nefc overflow - please increase njmax to 68
nefc overflow - please increase njmax to 68
nefc overflow - please increase njmax to 68
nefc overflow - please increase njmax to 68
nefc overflow - please increase njmax to 68
nefc overflow - please increase njmax to 68
nefc overflow - please increase njmax to 68
nefc overflow - please increase njmax to 68
nefc overflow - please increase njmax to 68
nefc overflow - please increase njmax to 68
nefc overflow - please increase njmax to 68
nefc overflow - please increase njmax to 68
nefc overflow - please increase njmax to 72
nefc overflow - please increase njmax to 76
nefc overflow - please increase njmax to 76
nefc overflow - please increase njmax to 76
nefc overflow - please increase njmax to 76
nefc overflow - please increase njmax to 76
nefc overflow - please increase njmax to 76
nefc overflow - please increase njmax to 80
nefc overflow - please increase njmax to 80
nefc overflow - please increase njmax to 80
nefc overflow - please increase njmax to 80
nefc overflow - please increase njmax to 80
nefc overflow - please increase njmax to 80
nefc overflow - please increase njmax to 80
nefc overflow - please increase njmax to 80
nefc overflow - please increase njmax to 80
nefc overflow - please increase njmax to 80
nefc overflow - please increase njmax to 80
nefc overflow - please increase njmax to 80
nefc overflow - please increase njmax to 80
nefc overflow - please increase njmax to 80
nefc overflow - please increase njmax to 80
nefc overflow - please increase njmax to 80
nefc overflow - please increase njmax to 80
nefc overflow - please increase njmax to 80
nefc overflow - please increase njmax to 80
nefc overflow - please increase njmax to 80
nefc overflow - please increase njmax to 76
nefc overflow - please increase njmax to 76
nefc overflow - please increase njmax to 76
nefc overflow - please increase njmax to 76
nefc overflow - please increase njmax to 76
nefc overflow - please increase njmax to 76
nefc overflow - please increase njmax to 76
nefc overflow - please increase njmax to 76
nefc overflow - please increase njmax to 76
nefc overflow - please increase njmax to 76
nefc overflow - please increase njmax to 76
nefc overflow - please increase njmax to 72
nefc overflow - please increase njmax to 72
nefc overflow - please increase njmax to 72
nefc overflow - please increase njmax to 72
nefc overflow - please increase njmax to 72
nefc overflow - please increase njmax to 72
nefc overflow - please increase njmax to 72
nefc overflow - please increase njmax to 72
nefc overflow - please increase njmax to 72
nefc overflow - please increase njmax to 72
nefc overflow - please increase njmax to 72
nefc overflow - please increase njmax to 72
nefc overflow - please increase njmax to 72
nefc overflow - please increase njmax to 72
nefc overflow - please increase njmax to 72
nefc overflow - please increase njmax to 72
nefc overflow - please increase njmax to 72
nefc overflow - please increase njmax to 72
nefc overflow - please increase njmax to 72
nefc overflow - please increase njmax to 72
nefc overflow - please increase njmax to 72
nefc overflow - please increase njmax to 72
nefc overflow - please increase njmax to 72
nefc overflow - please increase njmax to 68
nefc overflow - please increase njmax to 68
nefc overflow - please increase njmax to 68
nefc overflow - please increase njmax to 68
nefc overflow - please increase njmax to 68
nefc overflow - please increase njmax to 68
nefc overflow - please increase njmax to 68
nefc overflow - please increase njmax to 68
nefc overflow - please increase njmax to 68
nefc overflow - please increase njmax to 68
nefc overflow - please increase njmax to 68
nefc overflow - please increase njmax to 68
nefc overflow - please increase njmax to 68
nefc overflow - please increase njmax to 68
nefc overflow - please increase njmax to 68
nefc overflow - please increase njmax to 68
nefc overflow - please increase njmax to 68
nefc overflow - please increase njmax to 68
nefc overflow - please increase njmax to 68
nefc overflow - please increase njmax to 68
nefc overflow - please increase njmax to 68
nefc overflow - please increase njmax to 68
nefc overflow - please increase njmax to 68
nefc overflow - please increase njmax to 68
nefc overflow - please increase njmax to 68
nefc overflow - please increase njmax to 68
nefc overflow - please increase njmax to 68
nefc overflow - please increase njmax to 68
nefc overflow - please increase njmax to 68
nefc overflow - please increase njmax to 68
nefc overflow - please increase njmax to 68
nefc overflow - please increase njmax to 68
nefc overflow - please increase njmax to 68
nefc overflow - please increase njmax to 68
nefc overflow - please increase njmax to 68
nefc overflow - please increase njmax to 68
nefc overflow - please increase njmax to 68
nefc overflow - please increase njmax to 68
nefc overflow - please increase njmax to 68
nefc overflow - please increase njmax to 68
nefc overflow - please increase njmax to 68
nefc overflow - please increase njmax to 68
nefc overflow - please increase njmax to 68
nefc overflow - please increase njmax to 68
nefc overflow - please increase njmax to 68
nefc overflow - please increase njmax to 68
nefc overflow - please increase njmax to 68
nefc overflow - please increase njmax to 68
nefc overflow - please increase njmax to 68
nefc overflow - please increase njmax to 68
nefc overflow - please increase njmax to 68
nefc overflow - please increase njmax to 68
nefc overflow - please increase njmax to 68
nefc overflow - please increase njmax to 68
nefc overflow - please increase njmax to 68
nefc overflow - please increase njmax to 68
nefc overflow - please increase njmax to 68
nefc overflow - please increase njmax to 68
nefc overflow - please increase njmax to 68
nefc overflow - please increase njmax to 68
nefc overflow - please increase njmax to 68
nefc overflow - please increase njmax to 68
nefc overflow - please increase njmax to 68
nefc overflow - please increase njmax to 68
nefc overflow - please increase njmax to 68
nefc overflow - please increase njmax to 68
nefc overflow - please increase njmax to 68
nefc overflow - please increase njmax to 68
nefc overflow - please increase njmax to 68
nefc overflow - please increase njmax to 68
nefc overflow - please increase njmax to 68
nefc overflow - please increase njmax to 68
nefc overflow - please increase njmax to 68
nefc overflow - please increase njmax to 68
nefc overflow - please increase njmax to 68
nefc overflow - please increase njmax to 68
nefc overflow - please increase njmax to 68
nefc overflow - please increase njmax to 68
nefc overflow - please increase njmax to 68
nefc overflow - please increase njmax to 68
nefc overflow - please increase njmax to 68
nefc overflow - please increase njmax to 68
nefc overflow - please increase njmax to 68
nefc overflow - please increase njmax to 68
nefc overflow - please increase njmax to 68
nefc overflow - please increase njmax to 68
nefc overflow - please increase njmax to 68
nefc overflow - please increase njmax to 68
nefc overflow - please increase njmax to 68
nefc overflow - please increase njmax to 68
nefc overflow - please increase njmax to 68
nefc overflow - please increase njmax to 68
nefc overflow - please increase njmax to 68
nefc overflow - please increase njmax to 68
nefc overflow - please increase njmax to 68
nefc overflow - please increase njmax to 68
nefc overflow - please increase njmax to 68
nefc overflow - please increase njmax to 68
nefc overflow - please increase njmax to 68
nefc overflow - please increase njmax to 68
nefc overflow - please increase njmax to 68
nefc overflow - please increase njmax to 68
nefc overflow - please increase njmax to 68
nefc overflow - please increase njmax to 68
nefc overflow - please increase njmax to 68
nefc overflow - please increase njmax to 68
nefc overflow - please increase njmax to 68
nefc overflow - please increase njmax to 68
nefc overflow - please increase njmax to 68
nefc overflow - please increase njmax to 68
nefc overflow - please increase njmax to 68
nefc overflow - please increase njmax to 68
nefc overflow - please increase njmax to 68
nefc overflow - please increase njmax to 68
nefc overflow - please increase njmax to 68
nefc overflow - please increase njmax to 68
nefc overflow - please increase njmax to 68
nefc overflow - please increase njmax to 68
nefc overflow - please increase njmax to 68
nefc overflow - please increase njmax to 68
nefc overflow - please increase njmax to 68
nefc overflow - please increase njmax to 68
nefc overflow - please increase njmax to 68
nefc overflow - please increase njmax to 68
nefc overflow - please increase njmax to 68
nefc overflow - please increase njmax to 68
nefc overflow - please increase njmax to 68
nefc overflow - please increase njmax to 68
nefc overflow - please increase njmax to 68
nefc overflow - please increase njmax to 68
nefc overflow - please increase njmax to 68
nefc overflow - please increase njmax to 68
nefc overflow - please increase njmax to 68
nefc overflow - please increase njmax to 68
nefc overflow - please increase njmax to 68
nefc overflow - please increase njmax to 68
nefc overflow - please increase njmax to 68
nefc overflow - please increase njmax to 68
nefc overflow - please increase njmax to 68
nefc overflow - please increase njmax to 68
nefc overflow - please increase njmax to 68
nefc overflow - please increase njmax to 68
nefc overflow - please increase njmax to 68
nefc overflow - please increase njmax to 68
nefc overflow - please increase njmax to 68
nefc overflow - please increase njmax to 68
nefc overflow - please increase njmax to 68
nefc overflow - please increase njmax to 68
nefc overflow - please increase njmax to 68
nefc overflow - please increase njmax to 68
nefc overflow - please increase njmax to 68
nefc overflow - please increase njmax to 68
nefc overflow - please increase njmax to 68
nefc overflow - please increase njmax to 68
nefc overflow - please increase njmax to 72
nefc overflow - please increase njmax to 72
nefc overflow - please increase njmax to 68
nefc overflow - please increase njmax to 68
nefc overflow - please increase njmax to 68
nefc overflow - please increase njmax to 68
nefc overflow - please increase njmax to 68
nefc overflow - please increase njmax to 68
nefc overflow - please increase njmax to 68
nefc overflow - please increase njmax to 68
nefc overflow - please increase njmax to 68
nefc overflow - please increase njmax to 68
nefc overflow - please increase njmax to 68
nefc overflow - please increase njmax to 68
nefc overflow - please increase njmax to 68
nefc overflow - please increase njmax to 68
nefc overflow - please increase njmax to 68
nefc overflow - please increase njmax to 68
nefc overflow - please increase njmax to 68
nefc overflow - please increase njmax to 68
nefc overflow - please increase njmax to 68
nefc overflow - please increase njmax to 68
nefc overflow - please increase njmax to 68
nefc overflow - please increase njmax to 68
nefc overflow - please increase njmax to 68
nefc overflow - please increase njmax to 68
nefc overflow - please increase njmax to 68
nefc overflow - please increase njmax to 68
nefc overflow - please increase njmax to 68
nefc overflow - please increase njmax to 68
nefc overflow - please increase njmax to 68
nefc overflow - please increase njmax to 68
nefc overflow - please increase njmax to 68
nefc overflow - please increase njmax to 68
nefc overflow - please increase njmax to 68
nefc overflow - please increase njmax to 68
nefc overflow - please increase njmax to 68
nefc overflow - please increase njmax to 68
nefc overflow - please increase njmax to 68
nefc overflow - please increase njmax to 68
nefc overflow - please increase njmax to 68
nefc overflow - please increase njmax to 68
nefc overflow - please increase njmax to 68
nefc overflow - please increase njmax to 68
nefc overflow - please increase njmax to 68
nefc overflow - please increase njmax to 68
nefc overflow - please increase njmax to 68
nefc overflow - please increase njmax to 68
nefc overflow - please increase njmax to 68
nefc overflow - please increase njmax to 68
nefc overflow - please increase njmax to 68
nefc overflow - please increase njmax to 68
nefc overflow - please increase njmax to 68
nefc overflow - please increase njmax to 68
nefc overflow - please increase njmax to 68
nefc overflow - please increase njmax to 68
nefc overflow - please increase njmax to 68
nefc overflow - please increase njmax to 68
nefc overflow - please increase njmax to 68
nefc overflow - please increase njmax to 68
nefc overflow - please increase njmax to 68
nefc overflow - please increase njmax to 68
nefc overflow - please increase njmax to 68
nefc overflow - please increase njmax to 68
nefc overflow - please increase njmax to 68
nefc overflow - please increase njmax to 68
nefc overflow - please increase njmax to 68
nefc overflow - please increase njmax to 68
nefc overflow - please increase njmax to 68
nefc overflow - please increase njmax to 68
nefc overflow - please increase njmax to 68
nefc overflow - please increase njmax to 68
nefc overflow - please increase njmax to 68
nefc overflow - please increase njmax to 68
nefc overflow - please increase njmax to 68
nefc overflow - please increase njmax to 68
nefc overflow - please increase njmax to 68
nefc overflow - please increase njmax to 68
nefc overflow - please increase njmax to 68
nefc overflow - please increase njmax to 68
nefc overflow - please increase njmax to 68
nefc overflow - please increase njmax to 68
nefc overflow - please increase njmax to 68
nefc overflow - please increase njmax to 68
nefc overflow - please increase njmax to 68
nefc overflow - please increase njmax to 68
nefc overflow - please increase njmax to 68
nefc overflow - please increase njmax to 68
nefc overflow - please increase njmax to 68
nefc overflow - please increase njmax to 68
nefc overflow - please increase njmax to 68
nefc overflow - please increase njmax to 68
nefc overflow - please increase njmax to 68
nefc overflow - please increase njmax to 68
nefc overflow - please increase njmax to 68
nefc overflow - please increase njmax to 68
nefc overflow - please increase njmax to 68
nefc overflow - please increase njmax to 68
nefc overflow - please increase njmax to 68
nefc overflow - please increase njmax to 68
nefc overflow - please increase njmax to 68
nefc overflow - please increase njmax to 68
nefc overflow - please increase njmax to 72
nefc overflow - please increase njmax to 72
nefc overflow - please increase njmax to 72
nefc overflow - please increase njmax to 72
nefc overflow - please increase njmax to 68
nefc overflow - please increase njmax to 68
nefc overflow - please increase njmax to 68
nefc overflow - please increase njmax to 68
nefc overflow - please increase njmax to 68
nefc overflow - please increase njmax to 68
nefc overflow - please increase njmax to 68
nefc overflow - please increase njmax to 68
nefc overflow - please increase njmax to 72
nefc overflow - please increase njmax to 72
nefc overflow - please increase njmax to 72
nefc overflow - please increase njmax to 72
nefc overflow - please increase njmax to 72
nefc overflow - please increase njmax to 72
nefc overflow - please increase njmax to 72
nefc overflow - please increase njmax to 72
nefc overflow - please increase njmax to 72
nefc overflow - please increase njmax to 72
nefc overflow - please increase njmax to 72
nefc overflow - please increase njmax to 72
nefc overflow - please increase njmax to 72
nefc overflow - please increase njmax to 72
nefc overflow - please increase njmax to 72
nefc overflow - please increase njmax to 72
nefc overflow - please increase njmax to 72
nefc overflow - please increase njmax to 72
nefc overflow - please increase njmax to 72
nefc overflow - please increase njmax to 72
nefc overflow - please increase njmax to 72
nefc overflow - please increase njmax to 72
nefc overflow - please increase njmax to 72
nefc overflow - please increase njmax to 72
nefc overflow - please increase njmax to 72
nefc overflow - please increase njmax to 72
nefc overflow - please increase njmax to 72
nefc overflow - please increase njmax to 72
nefc overflow - please increase njmax to 72
nefc overflow - please increase njmax to 72
nefc overflow - please increase njmax to 72
nefc overflow - please increase njmax to 72
nefc overflow - please increase njmax to 72
nefc overflow - please increase njmax to 72
nefc overflow - please increase njmax to 72
nefc overflow - please increase njmax to 72
nefc overflow - please increase njmax to 72
nefc overflow - please increase njmax to 72
nefc overflow - please increase njmax to 72
nefc overflow - please increase njmax to 72
nefc overflow - please increase njmax to 72
nefc overflow - please increase njmax to 72
nefc overflow - please increase njmax to 72
nefc overflow - please increase njmax to 72
nefc overflow - please increase njmax to 72
nefc overflow - please increase njmax to 72
nefc overflow - please increase njmax to 72
nefc overflow - please increase njmax to 72
nefc overflow - please increase njmax to 72
nefc overflow - please increase njmax to 72
nefc overflow - please increase njmax to 72
nefc overflow - please increase njmax to 72
nefc overflow - please increase njmax to 72
nefc overflow - please increase njmax to 72
nefc overflow - please increase njmax to 72
nefc overflow - please increase njmax to 72
nefc overflow - please increase njmax to 72
nefc overflow - please increase njmax to 72
nefc overflow - please increase njmax to 72
nefc overflow - please increase njmax to 72
nefc overflow - please increase njmax to 72
nefc overflow - please increase njmax to 72
nefc overflow - please increase njmax to 72
nefc overflow - please increase njmax to 72
nefc overflow - please increase njmax to 72
nefc overflow - please increase njmax to 72
nefc overflow - please increase njmax to 72
nefc overflow - please increase njmax to 72
nefc overflow - please increase njmax to 72
nefc overflow - please increase njmax to 72
nefc overflow - please increase njmax to 72
nefc overflow - please increase njmax to 72
nefc overflow - please increase njmax to 72
nefc overflow - please increase njmax to 72
nefc overflow - please increase njmax to 72
nefc overflow - please increase njmax to 72
nefc overflow - please increase njmax to 72
nefc overflow - please increase njmax to 72
nefc overflow - please increase njmax to 72
nefc overflow - please increase njmax to 72
nefc overflow - please increase njmax to 72
nefc overflow - please increase njmax to 72
nefc overflow - please increase njmax to 72
nefc overflow - please increase njmax to 72
nefc overflow - please increase njmax to 72
nefc overflow - please increase njmax to 72
nefc overflow - please increase njmax to 72
nefc overflow - please increase njmax to 72
nefc overflow - please increase njmax to 72
nefc overflow - please increase njmax to 72
nefc overflow - please increase njmax to 72
nefc overflow - please increase njmax to 72
nefc overflow - please increase njmax to 72
nefc overflow - please increase njmax to 72
nefc overflow - please increase njmax to 72
nefc overflow - please increase njmax to 72
nefc overflow - please increase njmax to 68
nefc overflow - please increase njmax to 68
nefc overflow - please increase njmax to 68
nefc overflow - please increase njmax to 68
nefc overflow - please increase njmax to 68
nefc overflow - please increase njmax to 68
nefc overflow - please increase njmax to 68
nefc overflow - please increase njmax to 68
nefc overflow - please increase njmax to 68
nefc overflow - please increase njmax to 68
nefc overflow - please increase njmax to 68
nefc overflow - please increase njmax to 68
nefc overflow - please increase njmax to 68
nefc overflow - please increase njmax to 68
nefc overflow - please increase njmax to 68
nefc overflow - please increase njmax to 72
nefc overflow - please increase njmax to 72
nefc overflow - please increase njmax to 72
nefc overflow - please increase njmax to 72
nefc overflow - please increase njmax to 72
nefc overflow - please increase njmax to 72
nefc overflow - please increase njmax to 72
nefc overflow - please increase njmax to 68
nefc overflow - please increase njmax to 68
nefc overflow - please increase njmax to 68
nefc overflow - please increase njmax to 68
nefc overflow - please increase njmax to 68
nefc overflow - please increase njmax to 72
nefc overflow - please increase njmax to 72
nefc overflow - please increase njmax to 72
nefc overflow - please increase njmax to 72
nefc overflow - please increase njmax to 72
nefc overflow - please increase njmax to 68
nefc overflow - please increase njmax to 68
nefc overflow - please increase njmax to 68
nefc overflow - please increase njmax to 68
nefc overflow - please increase njmax to 68
nefc overflow - please increase njmax to 68
nefc overflow - please increase njmax to 68
nefc overflow - please increase njmax to 68
nefc overflow - please increase njmax to 68
nefc overflow - please increase njmax to 68
nefc overflow - please increase njmax to 68
nefc overflow - please increase njmax to 68
nefc overflow - please increase njmax to 68
nefc overflow - please increase njmax to 68
nefc overflow - please increase njmax to 68
nefc overflow - please increase njmax to 68
nefc overflow - please increase njmax to 68
nefc overflow - please increase njmax to 68
nefc overflow - please increase njmax to 68
nefc overflow - please increase njmax to 68
nefc overflow - please increase njmax to 68
nefc overflow - please increase njmax to 68
nefc overflow - please increase njmax to 68
nefc overflow - please increase njmax to 68
nefc overflow - please increase njmax to 68
nefc overflow - please increase njmax to 68
nefc overflow - please increase njmax to 68
nefc overflow - please increase njmax to 68
nefc overflow - please increase njmax to 68
nefc overflow - please increase njmax to 68
nefc overflow - please increase njmax to 68
nefc overflow - please increase njmax to 68
nefc overflow - please increase njmax to 68
nefc overflow - please increase njmax to 68
nefc overflow - please increase njmax to 68
nefc overflow - please increase njmax to 68
nefc overflow - please increase njmax to 68
nefc overflow - please increase njmax to 68
nefc overflow - please increase njmax to 68
nefc overflow - please increase njmax to 68
nefc overflow - please increase njmax to 68
nefc overflow - please increase njmax to 68
nefc overflow - please increase njmax to 68
nefc overflow - please increase njmax to 68
nefc overflow - please increase njmax to 68
nefc overflow - please increase njmax to 68
nefc overflow - please increase njmax to 68
nefc overflow - please increase njmax to 68
nefc overflow - please increase njmax to 68
nefc overflow - please increase njmax to 68
nefc overflow - please increase njmax to 68
    c|jax      base_pos=3.964e-05+-2.1e-05  base_rot=1.725e-04+-7.2e-05  (n=10)
    c|warp     base_pos=1.893e-04+-1.0e-04  base_rot=1.012e-03+-4.4e-04  (n=10)
    jax|warp   base_pos=2.137e-04+-9.9e-05  base_rot=9.908e-04+-4.5e-04  (n=10)
[8/14] timestep=0.004 ...
    !! WARNING: 'timestep=0.004' left the MuJoCo-C trajectory bit-identical to baseline -- the perturbation is a NO-OP. Treat this condition as invalid, not as a null result.
nefc overflow - please increase njmax to 68
nefc overflow - please increase njmax to 68
nefc overflow - please increase njmax to 68
nefc overflow - please increase njmax to 68
nefc overflow - please increase njmax to 68
nefc overflow - please increase njmax to 68
nefc overflow - please increase njmax to 68
nefc overflow - please increase njmax to 68
nefc overflow - please increase njmax to 68
nefc overflow - please increase njmax to 68
nefc overflow - please increase njmax to 68
nefc overflow - please increase njmax to 68
nefc overflow - please increase njmax to 68
nefc overflow - please increase njmax to 68
nefc overflow - please increase njmax to 68
nefc overflow - please increase njmax to 68
nefc overflow - please increase njmax to 68
nefc overflow - please increase njmax to 68
nefc overflow - please increase njmax to 68
nefc overflow - please increase njmax to 68
nefc overflow - please increase njmax to 84
nefc overflow - please increase njmax to 84
nefc overflow - please increase njmax to 84
nefc overflow - please increase njmax to 84
nefc overflow - please increase njmax to 84
nefc overflow - please increase njmax to 84
nefc overflow - please increase njmax to 84
nefc overflow - please increase njmax to 80
nefc overflow - please increase njmax to 80
nefc overflow - please increase njmax to 76
nefc overflow - please increase njmax to 76
nefc overflow - please increase njmax to 76
nefc overflow - please increase njmax to 76
nefc overflow - please increase njmax to 76
nefc overflow - please increase njmax to 80
nefc overflow - please increase njmax to 80
nefc overflow - please increase njmax to 80
nefc overflow - please increase njmax to 84
nefc overflow - please increase njmax to 84
nefc overflow - please increase njmax to 84
nefc overflow - please increase njmax to 80
nefc overflow - please increase njmax to 80
nefc overflow - please increase njmax to 80
nefc overflow - please increase njmax to 76
nefc overflow - please increase njmax to 76
nefc overflow - please increase njmax to 76
nefc overflow - please increase njmax to 76
nefc overflow - please increase njmax to 76
nefc overflow - please increase njmax to 76
nefc overflow - please increase njmax to 76
nefc overflow - please increase njmax to 76
nefc overflow - please increase njmax to 76
nefc overflow - please increase njmax to 76
nefc overflow - please increase njmax to 76
nefc overflow - please increase njmax to 76
nefc overflow - please increase njmax to 76
nefc overflow - please increase njmax to 76
nefc overflow - please increase njmax to 76
nefc overflow - please increase njmax to 76
nefc overflow - please increase njmax to 76
nefc overflow - please increase njmax to 76
nefc overflow - please increase njmax to 76
nefc overflow - please increase njmax to 76
nefc overflow - please increase njmax to 80
nefc overflow - please increase njmax to 80
nefc overflow - please increase njmax to 80
nefc overflow - please increase njmax to 76
nefc overflow - please increase njmax to 76
nefc overflow - please increase njmax to 76
nefc overflow - please increase njmax to 76
nefc overflow - please increase njmax to 76
nefc overflow - please increase njmax to 76
nefc overflow - please increase njmax to 76
nefc overflow - please increase njmax to 76
nefc overflow - please increase njmax to 76
nefc overflow - please increase njmax to 76
nefc overflow - please increase njmax to 76
nefc overflow - please increase njmax to 76
nefc overflow - please increase njmax to 76
nefc overflow - please increase njmax to 76
nefc overflow - please increase njmax to 76
nefc overflow - please increase njmax to 76
nefc overflow - please increase njmax to 76
nefc overflow - please increase njmax to 76
nefc overflow - please increase njmax to 76
nefc overflow - please increase njmax to 76
nefc overflow - please increase njmax to 76
nefc overflow - please increase njmax to 76
nefc overflow - please increase njmax to 76
nefc overflow - please increase njmax to 76
nefc overflow - please increase njmax to 76
nefc overflow - please increase njmax to 76
nefc overflow - please increase njmax to 76
nefc overflow - please increase njmax to 76
nefc overflow - please increase njmax to 76
nefc overflow - please increase njmax to 76
nefc overflow - please increase njmax to 76
nefc overflow - please increase njmax to 76
nefc overflow - please increase njmax to 76
nefc overflow - please increase njmax to 76
nefc overflow - please increase njmax to 76
nefc overflow - please increase njmax to 76
nefc overflow - please increase njmax to 76
nefc overflow - please increase njmax to 76
nefc overflow - please increase njmax to 76
nefc overflow - please increase njmax to 76
nefc overflow - please increase njmax to 76
nefc overflow - please increase njmax to 76
nefc overflow - please increase njmax to 76
nefc overflow - please increase njmax to 76
nefc overflow - please increase njmax to 76
nefc overflow - please increase njmax to 76
nefc overflow - please increase njmax to 76
nefc overflow - please increase njmax to 76
nefc overflow - please increase njmax to 76
nefc overflow - please increase njmax to 76
nefc overflow - please increase njmax to 76
nefc overflow - please increase njmax to 76
nefc overflow - please increase njmax to 76
nefc overflow - please increase njmax to 76
nefc overflow - please increase njmax to 76
nefc overflow - please increase njmax to 76
nefc overflow - please increase njmax to 76
nefc overflow - please increase njmax to 76
nefc overflow - please increase njmax to 76
nefc overflow - please increase njmax to 76
nefc overflow - please increase njmax to 76
nefc overflow - please increase njmax to 76
nefc overflow - please increase njmax to 76
nefc overflow - please increase njmax to 76
nefc overflow - please increase njmax to 76
nefc overflow - please increase njmax to 76
nefc overflow - please increase njmax to 76
nefc overflow - please increase njmax to 76
nefc overflow - please increase njmax to 76
nefc overflow - please increase njmax to 76
nefc overflow - please increase njmax to 76
nefc overflow - please increase njmax to 76
nefc overflow - please increase njmax to 76
nefc overflow - please increase njmax to 76
nefc overflow - please increase njmax to 76
nefc overflow - please increase njmax to 76
nefc overflow - please increase njmax to 76
nefc overflow - please increase njmax to 76
nefc overflow - please increase njmax to 76
nefc overflow - please increase njmax to 76
nefc overflow - please increase njmax to 76
nefc overflow - please increase njmax to 76
nefc overflow - please increase njmax to 76
nefc overflow - please increase njmax to 76
nefc overflow - please increase njmax to 76
nefc overflow - please increase njmax to 76
nefc overflow - please increase njmax to 76
nefc overflow - please increase njmax to 76
nefc overflow - please increase njmax to 76
nefc overflow - please increase njmax to 76
nefc overflow - please increase njmax to 76
nefc overflow - please increase njmax to 76
nefc overflow - please increase njmax to 76
nefc overflow - please increase njmax to 76
nefc overflow - please increase njmax to 76
nefc overflow - please increase njmax to 76
nefc overflow - please increase njmax to 76
nefc overflow - please increase njmax to 76
nefc overflow - please increase njmax to 76
nefc overflow - please increase njmax to 76
nefc overflow - please increase njmax to 76
nefc overflow - please increase njmax to 76
nefc overflow - please increase njmax to 76
nefc overflow - please increase njmax to 76
nefc overflow - please increase njmax to 76
nefc overflow - please increase njmax to 76
nefc overflow - please increase njmax to 76
nefc overflow - please increase njmax to 76
nefc overflow - please increase njmax to 76
nefc overflow - please increase njmax to 76
nefc overflow - please increase njmax to 76
nefc overflow - please increase njmax to 76
nefc overflow - please increase njmax to 76
nefc overflow - please increase njmax to 76
nefc overflow - please increase njmax to 76
nefc overflow - please increase njmax to 76
nefc overflow - please increase njmax to 76
nefc overflow - please increase njmax to 76
nefc overflow - please increase njmax to 76
nefc overflow - please increase njmax to 76
nefc overflow - please increase njmax to 76
nefc overflow - please increase njmax to 76
nefc overflow - please increase njmax to 76
nefc overflow - please increase njmax to 76
nefc overflow - please increase njmax to 76
nefc overflow - please increase njmax to 76
nefc overflow - please increase njmax to 76
nefc overflow - please increase njmax to 76
nefc overflow - please increase njmax to 76
nefc overflow - please increase njmax to 76
nefc overflow - please increase njmax to 76
nefc overflow - please increase njmax to 76
nefc overflow - please increase njmax to 76
nefc overflow - please increase njmax to 76
nefc overflow - please increase njmax to 76
nefc overflow - please increase njmax to 76
nefc overflow - please increase njmax to 76
nefc overflow - please increase njmax to 76
nefc overflow - please increase njmax to 76
nefc overflow - please increase njmax to 76
nefc overflow - please increase njmax to 76
nefc overflow - please increase njmax to 76
nefc overflow - please increase njmax to 76
nefc overflow - please increase njmax to 76
nefc overflow - please increase njmax to 76
nefc overflow - please increase njmax to 76
nefc overflow - please increase njmax to 76
nefc overflow - please increase njmax to 76
nefc overflow - please increase njmax to 76
nefc overflow - please increase njmax to 76
nefc overflow - please increase njmax to 76
nefc overflow - please increase njmax to 76
nefc overflow - please increase njmax to 76
nefc overflow - please increase njmax to 76
nefc overflow - please increase njmax to 76
nefc overflow - please increase njmax to 76
nefc overflow - please increase njmax to 76
nefc overflow - please increase njmax to 76
nefc overflow - please increase njmax to 76
nefc overflow - please increase njmax to 76
nefc overflow - please increase njmax to 76
nefc overflow - please increase njmax to 76
nefc overflow - please increase njmax to 76
nefc overflow - please increase njmax to 76
nefc overflow - please increase njmax to 80
nefc overflow - please increase njmax to 84
nefc overflow - please increase njmax to 84
nefc overflow - please increase njmax to 84
nefc overflow - please increase njmax to 84
nefc overflow - please increase njmax to 84
nefc overflow - please increase njmax to 84
nefc overflow - please increase njmax to 84
nefc overflow - please increase njmax to 84
nefc overflow - please increase njmax to 84
nefc overflow - please increase njmax to 72
nefc overflow - please increase njmax to 68
nefc overflow - please increase njmax to 76
nefc overflow - please increase njmax to 76
nefc overflow - please increase njmax to 76
nefc overflow - please increase njmax to 76
nefc overflow - please increase njmax to 76
nefc overflow - please increase njmax to 76
nefc overflow - please increase njmax to 76
nefc overflow - please increase njmax to 76
nefc overflow - please increase njmax to 76
nefc overflow - please increase njmax to 76
nefc overflow - please increase njmax to 76
nefc overflow - please increase njmax to 76
nefc overflow - please increase njmax to 76
nefc overflow - please increase njmax to 76
nefc overflow - please increase njmax to 80
nefc overflow - please increase njmax to 84
nefc overflow - please increase njmax to 84
nefc overflow - please increase njmax to 84
nefc overflow - please increase njmax to 84
nefc overflow - please increase njmax to 84
nefc overflow - please increase njmax to 80
nefc overflow - please increase njmax to 76
nefc overflow - please increase njmax to 76
nefc overflow - please increase njmax to 76
nefc overflow - please increase njmax to 76
nefc overflow - please increase njmax to 76
nefc overflow - please increase njmax to 76
nefc overflow - please increase njmax to 76
nefc overflow - please increase njmax to 76
nefc overflow - please increase njmax to 76
nefc overflow - please increase njmax to 76
nefc overflow - please increase njmax to 76
nefc overflow - please increase njmax to 76
nefc overflow - please increase njmax to 76
nefc overflow - please increase njmax to 76
nefc overflow - please increase njmax to 76
nefc overflow - please increase njmax to 76
nefc overflow - please increase njmax to 76
nefc overflow - please increase njmax to 76
nefc overflow - please increase njmax to 76
nefc overflow - please increase njmax to 76
nefc overflow - please increase njmax to 76
nefc overflow - please increase njmax to 76
nefc overflow - please increase njmax to 76
nefc overflow - please increase njmax to 76
nefc overflow - please increase njmax to 76
nefc overflow - please increase njmax to 76
nefc overflow - please increase njmax to 76
nefc overflow - please increase njmax to 76
nefc overflow - please increase njmax to 76
nefc overflow - please increase njmax to 76
nefc overflow - please increase njmax to 76
nefc overflow - please increase njmax to 76
nefc overflow - please increase njmax to 76
nefc overflow - please increase njmax to 76
nefc overflow - please increase njmax to 76
nefc overflow - please increase njmax to 76
nefc overflow - please increase njmax to 76
nefc overflow - please increase njmax to 76
nefc overflow - please increase njmax to 76
nefc overflow - please increase njmax to 76
nefc overflow - please increase njmax to 76
nefc overflow - please increase njmax to 76
nefc overflow - please increase njmax to 76
nefc overflow - please increase njmax to 76
nefc overflow - please increase njmax to 76
nefc overflow - please increase njmax to 76
nefc overflow - please increase njmax to 76
nefc overflow - please increase njmax to 76
nefc overflow - please increase njmax to 76
nefc overflow - please increase njmax to 76
nefc overflow - please increase njmax to 76
nefc overflow - please increase njmax to 76
nefc overflow - please increase njmax to 76
nefc overflow - please increase njmax to 76
nefc overflow - please increase njmax to 76
nefc overflow - please increase njmax to 76
nefc overflow - please increase njmax to 76
nefc overflow - please increase njmax to 76
nefc overflow - please increase njmax to 76
nefc overflow - please increase njmax to 76
nefc overflow - please increase njmax to 76
nefc overflow - please increase njmax to 76
nefc overflow - please increase njmax to 76
nefc overflow - please increase njmax to 76
nefc overflow - please increase njmax to 76
nefc overflow - please increase njmax to 76
nefc overflow - please increase njmax to 76
nefc overflow - please increase njmax to 76
nefc overflow - please increase njmax to 76
nefc overflow - please increase njmax to 76
nefc overflow - please increase njmax to 76
nefc overflow - please increase njmax to 76
nefc overflow - please increase njmax to 76
nefc overflow - please increase njmax to 76
nefc overflow - please increase njmax to 76
nefc overflow - please increase njmax to 76
nefc overflow - please increase njmax to 76
nefc overflow - please increase njmax to 76
nefc overflow - please increase njmax to 76
nefc overflow - please increase njmax to 76
nefc overflow - please increase njmax to 76
nefc overflow - please increase njmax to 76
nefc overflow - please increase njmax to 76
nefc overflow - please increase njmax to 76
nefc overflow - please increase njmax to 76
nefc overflow - please increase njmax to 76
nefc overflow - please increase njmax to 76
nefc overflow - please increase njmax to 76
nefc overflow - please increase njmax to 76
nefc overflow - please increase njmax to 76
nefc overflow - please increase njmax to 76
nefc overflow - please increase njmax to 76
nefc overflow - please increase njmax to 76
nefc overflow - please increase njmax to 76
nefc overflow - please increase njmax to 76
nefc overflow - please increase njmax to 76
nefc overflow - please increase njmax to 76
nefc overflow - please increase njmax to 76
nefc overflow - please increase njmax to 76
nefc overflow - please increase njmax to 76
nefc overflow - please increase njmax to 76
nefc overflow - please increase njmax to 76
nefc overflow - please increase njmax to 76
nefc overflow - please increase njmax to 76
nefc overflow - please increase njmax to 76
nefc overflow - please increase njmax to 76
nefc overflow - please increase njmax to 76
nefc overflow - please increase njmax to 76
nefc overflow - please increase njmax to 76
nefc overflow - please increase njmax to 76
nefc overflow - please increase njmax to 76
nefc overflow - please increase njmax to 76
nefc overflow - please increase njmax to 76
nefc overflow - please increase njmax to 76
nefc overflow - please increase njmax to 76
nefc overflow - please increase njmax to 76
nefc overflow - please increase njmax to 76
nefc overflow - please increase njmax to 76
nefc overflow - please increase njmax to 76
nefc overflow - please increase njmax to 76
nefc overflow - please increase njmax to 76
nefc overflow - please increase njmax to 76
nefc overflow - please increase njmax to 76
nefc overflow - please increase njmax to 76
nefc overflow - please increase njmax to 76
nefc overflow - please increase njmax to 76
nefc overflow - please increase njmax to 76
nefc overflow - please increase njmax to 76
nefc overflow - please increase njmax to 76
nefc overflow - please increase njmax to 76
nefc overflow - please increase njmax to 76
nefc overflow - please increase njmax to 76
nefc overflow - please increase njmax to 76
nefc overflow - please increase njmax to 76
nefc overflow - please increase njmax to 76
nefc overflow - please increase njmax to 76
nefc overflow - please increase njmax to 76
nefc overflow - please increase njmax to 76
nefc overflow - please increase njmax to 76
nefc overflow - please increase njmax to 76
nefc overflow - please increase njmax to 76
nefc overflow - please increase njmax to 76
nefc overflow - please increase njmax to 76
nefc overflow - please increase njmax to 76
nefc overflow - please increase njmax to 76
nefc overflow - please increase njmax to 76
nefc overflow - please increase njmax to 76
nefc overflow - please increase njmax to 76
nefc overflow - please increase njmax to 76
nefc overflow - please increase njmax to 76
nefc overflow - please increase njmax to 76
nefc overflow - please increase njmax to 76
nefc overflow - please increase njmax to 76
nefc overflow - please increase njmax to 76
nefc overflow - please increase njmax to 76
nefc overflow - please increase njmax to 76
nefc overflow - please increase njmax to 76
nefc overflow - please increase njmax to 76
nefc overflow - please increase njmax to 76
nefc overflow - please increase njmax to 76
nefc overflow - please increase njmax to 76
nefc overflow - please increase njmax to 76
nefc overflow - please increase njmax to 76
nefc overflow - please increase njmax to 76
nefc overflow - please increase njmax to 76
nefc overflow - please increase njmax to 76
nefc overflow - please increase njmax to 76
nefc overflow - please increase njmax to 76
nefc overflow - please increase njmax to 76
nefc overflow - please increase njmax to 76
nefc overflow - please increase njmax to 76
nefc overflow - please increase njmax to 76
nefc overflow - please increase njmax to 76
nefc overflow - please increase njmax to 76
nefc overflow - please increase njmax to 76
nefc overflow - please increase njmax to 76
nefc overflow - please increase njmax to 76
nefc overflow - please increase njmax to 76
nefc overflow - please increase njmax to 76
nefc overflow - please increase njmax to 76
nefc overflow - please increase njmax to 76
nefc overflow - please increase njmax to 76
nefc overflow - please increase njmax to 76
nefc overflow - please increase njmax to 76
nefc overflow - please increase njmax to 76
nefc overflow - please increase njmax to 76
nefc overflow - please increase njmax to 76
nefc overflow - please increase njmax to 76
nefc overflow - please increase njmax to 76
nefc overflow - please increase njmax to 76
nefc overflow - please increase njmax to 76
nefc overflow - please increase njmax to 76
nefc overflow - please increase njmax to 76
nefc overflow - please increase njmax to 76
nefc overflow - please increase njmax to 76
nefc overflow - please increase njmax to 76
nefc overflow - please increase njmax to 76
nefc overflow - please increase njmax to 76
nefc overflow - please increase njmax to 76
nefc overflow - please increase njmax to 76
nefc overflow - please increase njmax to 76
nefc overflow - please increase njmax to 76
nefc overflow - please increase njmax to 76
nefc overflow - please increase njmax to 76
nefc overflow - please increase njmax to 76
nefc overflow - please increase njmax to 76
nefc overflow - please increase njmax to 76
nefc overflow - please increase njmax to 76
nefc overflow - please increase njmax to 68
nefc overflow - please increase njmax to 68
nefc overflow - please increase njmax to 68
nefc overflow - please increase njmax to 68
nefc overflow - please increase njmax to 68
nefc overflow - please increase njmax to 68
nefc overflow - please increase njmax to 68
nefc overflow - please increase njmax to 68
nefc overflow - please increase njmax to 68
nefc overflow - please increase njmax to 68
nefc overflow - please increase njmax to 68
nefc overflow - please increase njmax to 68
nefc overflow - please increase njmax to 68
nefc overflow - please increase njmax to 68
nefc overflow - please increase njmax to 68
nefc overflow - please increase njmax to 68
nefc overflow - please increase njmax to 68
nefc overflow - please increase njmax to 68
nefc overflow - please increase njmax to 68
nefc overflow - please increase njmax to 68
nefc overflow - please increase njmax to 68
nefc overflow - please increase njmax to 68
nefc overflow - please increase njmax to 68
nefc overflow - please increase njmax to 68
nefc overflow - please increase njmax to 68
nefc overflow - please increase njmax to 68
nefc overflow - please increase njmax to 68
nefc overflow - please increase njmax to 68
nefc overflow - please increase njmax to 68
nefc overflow - please increase njmax to 68
nefc overflow - please increase njmax to 68
nefc overflow - please increase njmax to 68
nefc overflow - please increase njmax to 68
nefc overflow - please increase njmax to 68
nefc overflow - please increase njmax to 68
nefc overflow - please increase njmax to 68
nefc overflow - please increase njmax to 68
nefc overflow - please increase njmax to 68
nefc overflow - please increase njmax to 68
nefc overflow - please increase njmax to 68
nefc overflow - please increase njmax to 68
nefc overflow - please increase njmax to 68
nefc overflow - please increase njmax to 68
nefc overflow - please increase njmax to 68
nefc overflow - please increase njmax to 68
nefc overflow - please increase njmax to 68
nefc overflow - please increase njmax to 68
nefc overflow - please increase njmax to 68
nefc overflow - please increase njmax to 68
    c|jax      base_pos=3.774e-04+-2.7e-04  base_rot=1.533e-03+-9.5e-04  (n=10)
    c|warp     base_pos=4.474e-04+-1.4e-04  base_rot=1.689e-03+-5.8e-04  (n=10)
    jax|warp   base_pos=4.462e-04+-1.5e-04  base_rot=1.780e-03+-5.8e-04  (n=10)
[9/14] friction_scale=0.5 ...
nefc overflow - please increase njmax to 68
nefc overflow - please increase njmax to 76
nefc overflow - please increase njmax to 76
nefc overflow - please increase njmax to 76
nefc overflow - please increase njmax to 76
nefc overflow - please increase njmax to 76
nefc overflow - please increase njmax to 68
nefc overflow - please increase njmax to 68
nefc overflow - please increase njmax to 68
nefc overflow - please increase njmax to 68
nefc overflow - please increase njmax to 68
nefc overflow - please increase njmax to 68
nefc overflow - please increase njmax to 68
nefc overflow - please increase njmax to 68
nefc overflow - please increase njmax to 68
nefc overflow - please increase njmax to 80
nefc overflow - please increase njmax to 84
nefc overflow - please increase njmax to 84
nefc overflow - please increase njmax to 84
nefc overflow - please increase njmax to 84
nefc overflow - please increase njmax to 84
nefc overflow - please increase njmax to 84
nefc overflow - please increase njmax to 84
nefc overflow - please increase njmax to 84
nefc overflow - please increase njmax to 84
nefc overflow - please increase njmax to 84
nefc overflow - please increase njmax to 84
nefc overflow - please increase njmax to 84
nefc overflow - please increase njmax to 84
nefc overflow - please increase njmax to 80
nefc overflow - please increase njmax to 68
nefc overflow - please increase njmax to 68
nefc overflow - please increase njmax to 68
nefc overflow - please increase njmax to 68
nefc overflow - please increase njmax to 68
nefc overflow - please increase njmax to 72
nefc overflow - please increase njmax to 80
nefc overflow - please increase njmax to 84
nefc overflow - please increase njmax to 84
nefc overflow - please increase njmax to 72
nefc overflow - please increase njmax to 72
nefc overflow - please increase njmax to 72
nefc overflow - please increase njmax to 76
nefc overflow - please increase njmax to 76
nefc overflow - please increase njmax to 76
nefc overflow - please increase njmax to 76
nefc overflow - please increase njmax to 76
nefc overflow - please increase njmax to 76
nefc overflow - please increase njmax to 76
nefc overflow - please increase njmax to 76
nefc overflow - please increase njmax to 76
nefc overflow - please increase njmax to 76
nefc overflow - please increase njmax to 76
nefc overflow - please increase njmax to 76
nefc overflow - please increase njmax to 76
nefc overflow - please increase njmax to 76
nefc overflow - please increase njmax to 76
nefc overflow - please increase njmax to 76
nefc overflow - please increase njmax to 76
nefc overflow - please increase njmax to 76
nefc overflow - please increase njmax to 76
nefc overflow - please increase njmax to 76
nefc overflow - please increase njmax to 76
nefc overflow - please increase njmax to 76
nefc overflow - please increase njmax to 76
nefc overflow - please increase njmax to 76
nefc overflow - please increase njmax to 76
nefc overflow - please increase njmax to 76
nefc overflow - please increase njmax to 76
nefc overflow - please increase njmax to 76
nefc overflow - please increase njmax to 76
nefc overflow - please increase njmax to 76
nefc overflow - please increase njmax to 76
nefc overflow - please increase njmax to 76
nefc overflow - please increase njmax to 76
nefc overflow - please increase njmax to 76
nefc overflow - please increase njmax to 76
nefc overflow - please increase njmax to 76
nefc overflow - please increase njmax to 76
nefc overflow - please increase njmax to 76
nefc overflow - please increase njmax to 76
nefc overflow - please increase njmax to 76
nefc overflow - please increase njmax to 76
nefc overflow - please increase njmax to 76
nefc overflow - please increase njmax to 76
nefc overflow - please increase njmax to 76
nefc overflow - please increase njmax to 76
nefc overflow - please increase njmax to 76
nefc overflow - please increase njmax to 76
nefc overflow - please increase njmax to 76
nefc overflow - please increase njmax to 76
nefc overflow - please increase njmax to 76
nefc overflow - please increase njmax to 76
nefc overflow - please increase njmax to 76
nefc overflow - please increase njmax to 76
nefc overflow - please increase njmax to 76
nefc overflow - please increase njmax to 76
nefc overflow - please increase njmax to 76
nefc overflow - please increase njmax to 76
nefc overflow - please increase njmax to 76
nefc overflow - please increase njmax to 76
nefc overflow - please increase njmax to 76
nefc overflow - please increase njmax to 76
nefc overflow - please increase njmax to 76
nefc overflow - please increase njmax to 76
nefc overflow - please increase njmax to 76
nefc overflow - please increase njmax to 76
nefc overflow - please increase njmax to 76
nefc overflow - please increase njmax to 76
nefc overflow - please increase njmax to 76
nefc overflow - please increase njmax to 76
nefc overflow - please increase njmax to 76
nefc overflow - please increase njmax to 76
nefc overflow - please increase njmax to 76
nefc overflow - please increase njmax to 76
nefc overflow - please increase njmax to 76
nefc overflow - please increase njmax to 76
nefc overflow - please increase njmax to 76
nefc overflow - please increase njmax to 76
nefc overflow - please increase njmax to 76
nefc overflow - please increase njmax to 76
nefc overflow - please increase njmax to 76
nefc overflow - please increase njmax to 76
nefc overflow - please increase njmax to 76
nefc overflow - please increase njmax to 76
nefc overflow - please increase njmax to 76
nefc overflow - please increase njmax to 76
nefc overflow - please increase njmax to 76
nefc overflow - please increase njmax to 76
nefc overflow - please increase njmax to 76
nefc overflow - please increase njmax to 76
nefc overflow - please increase njmax to 76
nefc overflow - please increase njmax to 76
nefc overflow - please increase njmax to 76
nefc overflow - please increase njmax to 76
nefc overflow - please increase njmax to 76
nefc overflow - please increase njmax to 76
nefc overflow - please increase njmax to 76
nefc overflow - please increase njmax to 76
nefc overflow - please increase njmax to 76
nefc overflow - please increase njmax to 76
nefc overflow - please increase njmax to 76
nefc overflow - please increase njmax to 76
nefc overflow - please increase njmax to 76
nefc overflow - please increase njmax to 76
nefc overflow - please increase njmax to 76
nefc overflow - please increase njmax to 76
nefc overflow - please increase njmax to 76
nefc overflow - please increase njmax to 76
nefc overflow - please increase njmax to 76
nefc overflow - please increase njmax to 76
nefc overflow - please increase njmax to 76
nefc overflow - please increase njmax to 76
nefc overflow - please increase njmax to 76
nefc overflow - please increase njmax to 76
nefc overflow - please increase njmax to 76
nefc overflow - please increase njmax to 76
nefc overflow - please increase njmax to 76
nefc overflow - please increase njmax to 76
nefc overflow - please increase njmax to 76
nefc overflow - please increase njmax to 76
nefc overflow - please increase njmax to 76
nefc overflow - please increase njmax to 76
nefc overflow - please increase njmax to 76
nefc overflow - please increase njmax to 76
nefc overflow - please increase njmax to 76
nefc overflow - please increase njmax to 76
nefc overflow - please increase njmax to 76
nefc overflow - please increase njmax to 76
nefc overflow - please increase njmax to 76
nefc overflow - please increase njmax to 76
nefc overflow - please increase njmax to 76
nefc overflow - please increase njmax to 76
nefc overflow - please increase njmax to 76
nefc overflow - please increase njmax to 76
nefc overflow - please increase njmax to 76
nefc overflow - please increase njmax to 76
nefc overflow - please increase njmax to 76
nefc overflow - please increase njmax to 76
nefc overflow - please increase njmax to 76
nefc overflow - please increase njmax to 76
nefc overflow - please increase njmax to 76
nefc overflow - please increase njmax to 76
nefc overflow - please increase njmax to 76
nefc overflow - please increase njmax to 76
nefc overflow - please increase njmax to 76
nefc overflow - please increase njmax to 76
nefc overflow - please increase njmax to 76
nefc overflow - please increase njmax to 76
nefc overflow - please increase njmax to 76
nefc overflow - please increase njmax to 76
nefc overflow - please increase njmax to 76
nefc overflow - please increase njmax to 76
nefc overflow - please increase njmax to 76
nefc overflow - please increase njmax to 76
nefc overflow - please increase njmax to 76
nefc overflow - please increase njmax to 76
nefc overflow - please increase njmax to 76
nefc overflow - please increase njmax to 76
nefc overflow - please increase njmax to 76
nefc overflow - please increase njmax to 76
nefc overflow - please increase njmax to 76
nefc overflow - please increase njmax to 76
nefc overflow - please increase njmax to 76
nefc overflow - please increase njmax to 76
nefc overflow - please increase njmax to 76
nefc overflow - please increase njmax to 76
nefc overflow - please increase njmax to 76
nefc overflow - please increase njmax to 76
nefc overflow - please increase njmax to 76
nefc overflow - please increase njmax to 76
nefc overflow - please increase njmax to 76
nefc overflow - please increase njmax to 76
nefc overflow - please increase njmax to 76
nefc overflow - please increase njmax to 76
nefc overflow - please increase njmax to 76
nefc overflow - please increase njmax to 76
nefc overflow - please increase njmax to 76
nefc overflow - please increase njmax to 76
nefc overflow - please increase njmax to 76
nefc overflow - please increase njmax to 76
nefc overflow - please increase njmax to 76
nefc overflow - please increase njmax to 76
nefc overflow - please increase njmax to 76
nefc overflow - please increase njmax to 76
nefc overflow - please increase njmax to 76
nefc overflow - please increase njmax to 76
nefc overflow - please increase njmax to 76
nefc overflow - please increase njmax to 76
nefc overflow - please increase njmax to 76
nefc overflow - please increase njmax to 76
nefc overflow - please increase njmax to 76
nefc overflow - please increase njmax to 76
nefc overflow - please increase njmax to 80
nefc overflow - please increase njmax to 84
nefc overflow - please increase njmax to 84
nefc overflow - please increase njmax to 84
nefc overflow - please increase njmax to 84
nefc overflow - please increase njmax to 84
nefc overflow - please increase njmax to 84
nefc overflow - please increase njmax to 68
nefc overflow - please increase njmax to 68
nefc overflow - please increase njmax to 68
nefc overflow - please increase njmax to 68
nefc overflow - please increase njmax to 68
nefc overflow - please increase njmax to 68
nefc overflow - please increase njmax to 68
nefc overflow - please increase njmax to 68
nefc overflow - please increase njmax to 68
nefc overflow - please increase njmax to 68
nefc overflow - please increase njmax to 68
nefc overflow - please increase njmax to 68
nefc overflow - please increase njmax to 76
nefc overflow - please increase njmax to 84
nefc overflow - please increase njmax to 84
nefc overflow - please increase njmax to 84
nefc overflow - please increase njmax to 84
nefc overflow - please increase njmax to 84
nefc overflow - please increase njmax to 84
nefc overflow - please increase njmax to 84
nefc overflow - please increase njmax to 84
nefc overflow - please increase njmax to 84
nefc overflow - please increase njmax to 76
nefc overflow - please increase njmax to 76
nefc overflow - please increase njmax to 76
nefc overflow - please increase njmax to 76
nefc overflow - please increase njmax to 76
nefc overflow - please increase njmax to 76
nefc overflow - please increase njmax to 76
nefc overflow - please increase njmax to 76
nefc overflow - please increase njmax to 76
nefc overflow - please increase njmax to 76
nefc overflow - please increase njmax to 76
nefc overflow - please increase njmax to 76
nefc overflow - please increase njmax to 76
nefc overflow - please increase njmax to 76
nefc overflow - please increase njmax to 76
nefc overflow - please increase njmax to 76
nefc overflow - please increase njmax to 76
nefc overflow - please increase njmax to 76
nefc overflow - please increase njmax to 76
nefc overflow - please increase njmax to 76
nefc overflow - please increase njmax to 76
nefc overflow - please increase njmax to 76
nefc overflow - please increase njmax to 76
nefc overflow - please increase njmax to 76
nefc overflow - please increase njmax to 72
nefc overflow - please increase njmax to 72
nefc overflow - please increase njmax to 72
nefc overflow - please increase njmax to 72
nefc overflow - please increase njmax to 72
nefc overflow - please increase njmax to 72
nefc overflow - please increase njmax to 72
nefc overflow - please increase njmax to 72
nefc overflow - please increase njmax to 72
nefc overflow - please increase njmax to 76
nefc overflow - please increase njmax to 72
nefc overflow - please increase njmax to 72
nefc overflow - please increase njmax to 72
nefc overflow - please increase njmax to 72
nefc overflow - please increase njmax to 72
nefc overflow - please increase njmax to 72
nefc overflow - please increase njmax to 72
nefc overflow - please increase njmax to 72
nefc overflow - please increase njmax to 72
nefc overflow - please increase njmax to 72
nefc overflow - please increase njmax to 72
nefc overflow - please increase njmax to 72
nefc overflow - please increase njmax to 72
nefc overflow - please increase njmax to 72
nefc overflow - please increase njmax to 72
nefc overflow - please increase njmax to 72
nefc overflow - please increase njmax to 68
nefc overflow - please increase njmax to 72
nefc overflow - please increase njmax to 72
nefc overflow - please increase njmax to 72
nefc overflow - please increase njmax to 72
nefc overflow - please increase njmax to 76
nefc overflow - please increase njmax to 76
nefc overflow - please increase njmax to 76
nefc overflow - please increase njmax to 72
nefc overflow - please increase njmax to 72
nefc overflow - please increase njmax to 72
nefc overflow - please increase njmax to 72
nefc overflow - please increase njmax to 72
nefc overflow - please increase njmax to 72
nefc overflow - please increase njmax to 72
nefc overflow - please increase njmax to 72
nefc overflow - please increase njmax to 72
nefc overflow - please increase njmax to 72
nefc overflow - please increase njmax to 72
nefc overflow - please increase njmax to 72
nefc overflow - please increase njmax to 72
nefc overflow - please increase njmax to 68
nefc overflow - please increase njmax to 68
nefc overflow - please increase njmax to 68
nefc overflow - please increase njmax to 76
nefc overflow - please increase njmax to 76
nefc overflow - please increase njmax to 76
nefc overflow - please increase njmax to 76
nefc overflow - please increase njmax to 76
nefc overflow - please increase njmax to 76
nefc overflow - please increase njmax to 76
nefc overflow - please increase njmax to 76
nefc overflow - please increase njmax to 76
nefc overflow - please increase njmax to 76
nefc overflow - please increase njmax to 76
nefc overflow - please increase njmax to 76
nefc overflow - please increase njmax to 76
nefc overflow - please increase njmax to 76
nefc overflow - please increase njmax to 76
nefc overflow - please increase njmax to 72
nefc overflow - please increase njmax to 72
nefc overflow - please increase njmax to 72
nefc overflow - please increase njmax to 72
nefc overflow - please increase njmax to 72
nefc overflow - please increase njmax to 72
nefc overflow - please increase njmax to 72
nefc overflow - please increase njmax to 72
nefc overflow - please increase njmax to 72
nefc overflow - please increase njmax to 72
nefc overflow - please increase njmax to 72
nefc overflow - please increase njmax to 72
nefc overflow - please increase njmax to 72
nefc overflow - please increase njmax to 68
nefc overflow - please increase njmax to 68
nefc overflow - please increase njmax to 72
nefc overflow - please increase njmax to 72
nefc overflow - please increase njmax to 72
nefc overflow - please increase njmax to 76
nefc overflow - please increase njmax to 76
nefc overflow - please increase njmax to 76
nefc overflow - please increase njmax to 76
nefc overflow - please increase njmax to 76
nefc overflow - please increase njmax to 76
nefc overflow - please increase njmax to 76
nefc overflow - please increase njmax to 76
nefc overflow - please increase njmax to 76
nefc overflow - please increase njmax to 76
nefc overflow - please increase njmax to 76
nefc overflow - please increase njmax to 72
nefc overflow - please increase njmax to 72
nefc overflow - please increase njmax to 72
nefc overflow - please increase njmax to 72
nefc overflow - please increase njmax to 72
nefc overflow - please increase njmax to 72
nefc overflow - please increase njmax to 72
nefc overflow - please increase njmax to 72
nefc overflow - please increase njmax to 68
nefc overflow - please increase njmax to 68
nefc overflow - please increase njmax to 72
nefc overflow - please increase njmax to 72
nefc overflow - please increase njmax to 72
nefc overflow - please increase njmax to 76
nefc overflow - please increase njmax to 76
nefc overflow - please increase njmax to 76
nefc overflow - please increase njmax to 76
nefc overflow - please increase njmax to 76
nefc overflow - please increase njmax to 76
nefc overflow - please increase njmax to 76
nefc overflow - please increase njmax to 76
nefc overflow - please increase njmax to 76
nefc overflow - please increase njmax to 76
nefc overflow - please increase njmax to 76
nefc overflow - please increase njmax to 72
nefc overflow - please increase njmax to 72
nefc overflow - please increase njmax to 72
nefc overflow - please increase njmax to 72
nefc overflow - please increase njmax to 72
nefc overflow - please increase njmax to 72
nefc overflow - please increase njmax to 72
nefc overflow - please increase njmax to 68
nefc overflow - please increase njmax to 68
nefc overflow - please increase njmax to 72
nefc overflow - please increase njmax to 72
nefc overflow - please increase njmax to 72
nefc overflow - please increase njmax to 76
nefc overflow - please increase njmax to 76
nefc overflow - please increase njmax to 76
nefc overflow - please increase njmax to 76
nefc overflow - please increase njmax to 76
nefc overflow - please increase njmax to 76
nefc overflow - please increase njmax to 76
nefc overflow - please increase njmax to 76
nefc overflow - please increase njmax to 76
nefc overflow - please increase njmax to 76
nefc overflow - please increase njmax to 76
nefc overflow - please increase njmax to 72
nefc overflow - please increase njmax to 72
nefc overflow - please increase njmax to 72
nefc overflow - please increase njmax to 72
nefc overflow - please increase njmax to 72
nefc overflow - please increase njmax to 72
nefc overflow - please increase njmax to 68
nefc overflow - please increase njmax to 68
nefc overflow - please increase njmax to 72
nefc overflow - please increase njmax to 72
nefc overflow - please increase njmax to 72
nefc overflow - please increase njmax to 72
nefc overflow - please increase njmax to 72
nefc overflow - please increase njmax to 76
nefc overflow - please increase njmax to 76
nefc overflow - please increase njmax to 76
nefc overflow - please increase njmax to 76
nefc overflow - please increase njmax to 76
nefc overflow - please increase njmax to 72
nefc overflow - please increase njmax to 72
nefc overflow - please increase njmax to 72
nefc overflow - please increase njmax to 72
nefc overflow - please increase njmax to 72
nefc overflow - please increase njmax to 72
nefc overflow - please increase njmax to 72
nefc overflow - please increase njmax to 68
nefc overflow - please increase njmax to 68
nefc overflow - please increase njmax to 72
nefc overflow - please increase njmax to 72
nefc overflow - please increase njmax to 72
nefc overflow - please increase njmax to 76
nefc overflow - please increase njmax to 76
nefc overflow - please increase njmax to 76
nefc overflow - please increase njmax to 76
nefc overflow - please increase njmax to 76
nefc overflow - please increase njmax to 76
nefc overflow - please increase njmax to 76
nefc overflow - please increase njmax to 76
nefc overflow - please increase njmax to 72
nefc overflow - please increase njmax to 76
nefc overflow - please increase njmax to 84
nefc overflow - please increase njmax to 84
nefc overflow - please increase njmax to 80
nefc overflow - please increase njmax to 76
nefc overflow - please increase njmax to 76
nefc overflow - please increase njmax to 76
nefc overflow - please increase njmax to 76
nefc overflow - please increase njmax to 76
nefc overflow - please increase njmax to 76
nefc overflow - please increase njmax to 76
nefc overflow - please increase njmax to 76
nefc overflow - please increase njmax to 72
nefc overflow - please increase njmax to 68
nefc overflow - please increase njmax to 68
nefc overflow - please increase njmax to 68
nefc overflow - please increase njmax to 68
nefc overflow - please increase njmax to 68
nefc overflow - please increase njmax to 68
nefc overflow - please increase njmax to 68
nefc overflow - please increase njmax to 68
nefc overflow - please increase njmax to 68
nefc overflow - please increase njmax to 68
nefc overflow - please increase njmax to 68
nefc overflow - please increase njmax to 68
nefc overflow - please increase njmax to 68
nefc overflow - please increase njmax to 68
nefc overflow - please increase njmax to 68
nefc overflow - please increase njmax to 68
nefc overflow - please increase njmax to 68
nefc overflow - please increase njmax to 68
nefc overflow - please increase njmax to 68
nefc overflow - please increase njmax to 68
nefc overflow - please increase njmax to 68
nefc overflow - please increase njmax to 76
nefc overflow - please increase njmax to 84
nefc overflow - please increase njmax to 80
nefc overflow - please increase njmax to 80
nefc overflow - please increase njmax to 80
nefc overflow - please increase njmax to 76
nefc overflow - please increase njmax to 76
nefc overflow - please increase njmax to 68
nefc overflow - please increase njmax to 68
nefc overflow - please increase njmax to 68
nefc overflow - please increase njmax to 68
nefc overflow - please increase njmax to 68
nefc overflow - please increase njmax to 68
nefc overflow - please increase njmax to 68
nefc overflow - please increase njmax to 68
nefc overflow - please increase njmax to 68
nefc overflow - please increase njmax to 68
nefc overflow - please increase njmax to 68
nefc overflow - please increase njmax to 68
nefc overflow - please increase njmax to 68
nefc overflow - please increase njmax to 68
nefc overflow - please increase njmax to 68
nefc overflow - please increase njmax to 68
nefc overflow - please increase njmax to 68
nefc overflow - please increase njmax to 68
nefc overflow - please increase njmax to 68
nefc overflow - please increase njmax to 68
nefc overflow - please increase njmax to 68
nefc overflow - please increase njmax to 68
nefc overflow - please increase njmax to 68
nefc overflow - please increase njmax to 68
nefc overflow - please increase njmax to 68
nefc overflow - please increase njmax to 68
nefc overflow - please increase njmax to 68
nefc overflow - please increase njmax to 68
nefc overflow - please increase njmax to 68
nefc overflow - please increase njmax to 68
nefc overflow - please increase njmax to 68
nefc overflow - please increase njmax to 68
nefc overflow - please increase njmax to 68
nefc overflow - please increase njmax to 68
nefc overflow - please increase njmax to 68
nefc overflow - please increase njmax to 68
nefc overflow - please increase njmax to 68
nefc overflow - please increase njmax to 68
nefc overflow - please increase njmax to 68
nefc overflow - please increase njmax to 68
nefc overflow - please increase njmax to 68
nefc overflow - please increase njmax to 68
nefc overflow - please increase njmax to 68
nefc overflow - please increase njmax to 68
nefc overflow - please increase njmax to 68
nefc overflow - please increase njmax to 68
nefc overflow - please increase njmax to 68
nefc overflow - please increase njmax to 68
nefc overflow - please increase njmax to 68
nefc overflow - please increase njmax to 68
nefc overflow - please increase njmax to 68
nefc overflow - please increase njmax to 68
nefc overflow - please increase njmax to 68
nefc overflow - please increase njmax to 68
nefc overflow - please increase njmax to 68
nefc overflow - please increase njmax to 68
nefc overflow - please increase njmax to 68
nefc overflow - please increase njmax to 72
nefc overflow - please increase njmax to 68
nefc overflow - please increase njmax to 68
nefc overflow - please increase njmax to 68
nefc overflow - please increase njmax to 68
nefc overflow - please increase njmax to 68
nefc overflow - please increase njmax to 68
nefc overflow - please increase njmax to 68
nefc overflow - please increase njmax to 68
nefc overflow - please increase njmax to 68
nefc overflow - please increase njmax to 68
nefc overflow - please increase njmax to 68
nefc overflow - please increase njmax to 68
nefc overflow - please increase njmax to 72
nefc overflow - please increase njmax to 68
nefc overflow - please increase njmax to 68
nefc overflow - please increase njmax to 68
nefc overflow - please increase njmax to 68
nefc overflow - please increase njmax to 68
nefc overflow - please increase njmax to 68
nefc overflow - please increase njmax to 68
nefc overflow - please increase njmax to 68
nefc overflow - please increase njmax to 68
nefc overflow - please increase njmax to 68
nefc overflow - please increase njmax to 68
nefc overflow - please increase njmax to 68
nefc overflow - please increase njmax to 68
nefc overflow - please increase njmax to 68
nefc overflow - please increase njmax to 72
nefc overflow - please increase njmax to 68
nefc overflow - please increase njmax to 68
nefc overflow - please increase njmax to 68
nefc overflow - please increase njmax to 68
nefc overflow - please increase njmax to 68
nefc overflow - please increase njmax to 68
nefc overflow - please increase njmax to 68
nefc overflow - please increase njmax to 68
nefc overflow - please increase njmax to 68
nefc overflow - please increase njmax to 68
nefc overflow - please increase njmax to 68
nefc overflow - please increase njmax to 68
nefc overflow - please increase njmax to 68
nefc overflow - please increase njmax to 68
nefc overflow - please increase njmax to 68
nefc overflow - please increase njmax to 68
    c|jax      base_pos=4.203e-04+-1.8e-04  base_rot=2.441e-03+-9.2e-04  (n=10)
    c|warp     base_pos=7.153e-04+-2.6e-04  base_rot=4.535e-03+-1.5e-03  (n=10)
    jax|warp   base_pos=6.456e-04+-2.3e-04  base_rot=3.329e-03+-1.6e-03  (n=10)
[10/14] friction_scale=2.0 ...
nefc overflow - please increase njmax to 68
nefc overflow - please increase njmax to 68
nefc overflow - please increase njmax to 68
nefc overflow - please increase njmax to 68
nefc overflow - please increase njmax to 68
nefc overflow - please increase njmax to 72
nefc overflow - please increase njmax to 72
nefc overflow - please increase njmax to 72
nefc overflow - please increase njmax to 72
nefc overflow - please increase njmax to 72
nefc overflow - please increase njmax to 72
nefc overflow - please increase njmax to 72
nefc overflow - please increase njmax to 72
nefc overflow - please increase njmax to 72
nefc overflow - please increase njmax to 72
nefc overflow - please increase njmax to 72
nefc overflow - please increase njmax to 72
nefc overflow - please increase njmax to 72
nefc overflow - please increase njmax to 72
nefc overflow - please increase njmax to 72
nefc overflow - please increase njmax to 72
nefc overflow - please increase njmax to 72
nefc overflow - please increase njmax to 72
nefc overflow - please increase njmax to 72
nefc overflow - please increase njmax to 72
nefc overflow - please increase njmax to 72
nefc overflow - please increase njmax to 72
nefc overflow - please increase njmax to 76
nefc overflow - please increase njmax to 76
nefc overflow - please increase njmax to 76
nefc overflow - please increase njmax to 76
nefc overflow - please increase njmax to 76
nefc overflow - please increase njmax to 76
nefc overflow - please increase njmax to 76
nefc overflow - please increase njmax to 76
nefc overflow - please increase njmax to 76
nefc overflow - please increase njmax to 76
nefc overflow - please increase njmax to 76
nefc overflow - please increase njmax to 76
nefc overflow - please increase njmax to 76
nefc overflow - please increase njmax to 76
nefc overflow - please increase njmax to 76
nefc overflow - please increase njmax to 76
nefc overflow - please increase njmax to 76
nefc overflow - please increase njmax to 76
nefc overflow - please increase njmax to 76
nefc overflow - please increase njmax to 76
nefc overflow - please increase njmax to 76
nefc overflow - please increase njmax to 76
nefc overflow - please increase njmax to 76
nefc overflow - please increase njmax to 76
nefc overflow - please increase njmax to 76
nefc overflow - please increase njmax to 76
nefc overflow - please increase njmax to 76
nefc overflow - please increase njmax to 76
nefc overflow - please increase njmax to 76
nefc overflow - please increase njmax to 76
nefc overflow - please increase njmax to 76
nefc overflow - please increase njmax to 76
nefc overflow - please increase njmax to 76
nefc overflow - please increase njmax to 76
nefc overflow - please increase njmax to 76
nefc overflow - please increase njmax to 76
nefc overflow - please increase njmax to 76
nefc overflow - please increase njmax to 76
nefc overflow - please increase njmax to 76
nefc overflow - please increase njmax to 76
nefc overflow - please increase njmax to 76
nefc overflow - please increase njmax to 76
nefc overflow - please increase njmax to 76
nefc overflow - please increase njmax to 76
nefc overflow - please increase njmax to 76
nefc overflow - please increase njmax to 76
nefc overflow - please increase njmax to 76
nefc overflow - please increase njmax to 76
nefc overflow - please increase njmax to 76
nefc overflow - please increase njmax to 76
nefc overflow - please increase njmax to 76
nefc overflow - please increase njmax to 76
nefc overflow - please increase njmax to 76
nefc overflow - please increase njmax to 76
nefc overflow - please increase njmax to 76
nefc overflow - please increase njmax to 76
nefc overflow - please increase njmax to 76
nefc overflow - please increase njmax to 76
nefc overflow - please increase njmax to 76
nefc overflow - please increase njmax to 76
nefc overflow - please increase njmax to 76
nefc overflow - please increase njmax to 76
nefc overflow - please increase njmax to 76
nefc overflow - please increase njmax to 76
nefc overflow - please increase njmax to 76
nefc overflow - please increase njmax to 76
nefc overflow - please increase njmax to 76
nefc overflow - please increase njmax to 76
nefc overflow - please increase njmax to 76
nefc overflow - please increase njmax to 76
nefc overflow - please increase njmax to 76
nefc overflow - please increase njmax to 76
nefc overflow - please increase njmax to 76
nefc overflow - please increase njmax to 76
nefc overflow - please increase njmax to 76
nefc overflow - please increase njmax to 76
nefc overflow - please increase njmax to 76
nefc overflow - please increase njmax to 76
nefc overflow - please increase njmax to 76
nefc overflow - please increase njmax to 76
nefc overflow - please increase njmax to 76
nefc overflow - please increase njmax to 76
nefc overflow - please increase njmax to 76
nefc overflow - please increase njmax to 76
nefc overflow - please increase njmax to 76
nefc overflow - please increase njmax to 76
nefc overflow - please increase njmax to 76
nefc overflow - please increase njmax to 76
nefc overflow - please increase njmax to 76
nefc overflow - please increase njmax to 76
nefc overflow - please increase njmax to 76
nefc overflow - please increase njmax to 76
nefc overflow - please increase njmax to 76
nefc overflow - please increase njmax to 76
nefc overflow - please increase njmax to 76
nefc overflow - please increase njmax to 76
nefc overflow - please increase njmax to 76
nefc overflow - please increase njmax to 76
nefc overflow - please increase njmax to 76
nefc overflow - please increase njmax to 76
nefc overflow - please increase njmax to 76
nefc overflow - please increase njmax to 76
nefc overflow - please increase njmax to 76
nefc overflow - please increase njmax to 76
nefc overflow - please increase njmax to 76
nefc overflow - please increase njmax to 76
nefc overflow - please increase njmax to 76
nefc overflow - please increase njmax to 76
nefc overflow - please increase njmax to 76
nefc overflow - please increase njmax to 76
nefc overflow - please increase njmax to 76
nefc overflow - please increase njmax to 76
nefc overflow - please increase njmax to 76
nefc overflow - please increase njmax to 76
nefc overflow - please increase njmax to 76
nefc overflow - please increase njmax to 76
nefc overflow - please increase njmax to 76
nefc overflow - please increase njmax to 76
nefc overflow - please increase njmax to 76
nefc overflow - please increase njmax to 76
nefc overflow - please increase njmax to 76
nefc overflow - please increase njmax to 76
nefc overflow - please increase njmax to 76
nefc overflow - please increase njmax to 76
nefc overflow - please increase njmax to 76
nefc overflow - please increase njmax to 76
nefc overflow - please increase njmax to 76
nefc overflow - please increase njmax to 76
nefc overflow - please increase njmax to 76
nefc overflow - please increase njmax to 76
nefc overflow - please increase njmax to 76
nefc overflow - please increase njmax to 76
nefc overflow - please increase njmax to 76
nefc overflow - please increase njmax to 76
nefc overflow - please increase njmax to 76
nefc overflow - please increase njmax to 76
nefc overflow - please increase njmax to 76
nefc overflow - please increase njmax to 76
nefc overflow - please increase njmax to 76
nefc overflow - please increase njmax to 76
nefc overflow - please increase njmax to 76
nefc overflow - please increase njmax to 76
nefc overflow - please increase njmax to 76
nefc overflow - please increase njmax to 76
nefc overflow - please increase njmax to 76
nefc overflow - please increase njmax to 76
nefc overflow - please increase njmax to 76
nefc overflow - please increase njmax to 76
nefc overflow - please increase njmax to 76
nefc overflow - please increase njmax to 76
nefc overflow - please increase njmax to 76
nefc overflow - please increase njmax to 76
nefc overflow - please increase njmax to 76
nefc overflow - please increase njmax to 76
nefc overflow - please increase njmax to 76
nefc overflow - please increase njmax to 76
nefc overflow - please increase njmax to 76
nefc overflow - please increase njmax to 76
nefc overflow - please increase njmax to 76
nefc overflow - please increase njmax to 76
nefc overflow - please increase njmax to 76
nefc overflow - please increase njmax to 76
nefc overflow - please increase njmax to 76
nefc overflow - please increase njmax to 76
nefc overflow - please increase njmax to 76
nefc overflow - please increase njmax to 76
nefc overflow - please increase njmax to 76
nefc overflow - please increase njmax to 76
nefc overflow - please increase njmax to 76
nefc overflow - please increase njmax to 76
nefc overflow - please increase njmax to 76
nefc overflow - please increase njmax to 76
nefc overflow - please increase njmax to 76
nefc overflow - please increase njmax to 76
nefc overflow - please increase njmax to 76
nefc overflow - please increase njmax to 76
nefc overflow - please increase njmax to 76
nefc overflow - please increase njmax to 76
nefc overflow - please increase njmax to 76
nefc overflow - please increase njmax to 76
nefc overflow - please increase njmax to 76
nefc overflow - please increase njmax to 76
nefc overflow - please increase njmax to 76
nefc overflow - please increase njmax to 76
nefc overflow - please increase njmax to 76
nefc overflow - please increase njmax to 76
nefc overflow - please increase njmax to 76
nefc overflow - please increase njmax to 76
nefc overflow - please increase njmax to 76
nefc overflow - please increase njmax to 76
nefc overflow - please increase njmax to 76
nefc overflow - please increase njmax to 68
nefc overflow - please increase njmax to 68
nefc overflow - please increase njmax to 68
nefc overflow - please increase njmax to 68
nefc overflow - please increase njmax to 68
nefc overflow - please increase njmax to 68
nefc overflow - please increase njmax to 68
nefc overflow - please increase njmax to 68
nefc overflow - please increase njmax to 68
nefc overflow - please increase njmax to 68
nefc overflow - please increase njmax to 68
nefc overflow - please increase njmax to 68
nefc overflow - please increase njmax to 68
nefc overflow - please increase njmax to 68
nefc overflow - please increase njmax to 68
nefc overflow - please increase njmax to 68
nefc overflow - please increase njmax to 68
nefc overflow - please increase njmax to 68
nefc overflow - please increase njmax to 68
nefc overflow - please increase njmax to 68
nefc overflow - please increase njmax to 68
nefc overflow - please increase njmax to 68
nefc overflow - please increase njmax to 68
nefc overflow - please increase njmax to 68
nefc overflow - please increase njmax to 68
nefc overflow - please increase njmax to 68
nefc overflow - please increase njmax to 68
nefc overflow - please increase njmax to 68
nefc overflow - please increase njmax to 68
nefc overflow - please increase njmax to 68
nefc overflow - please increase njmax to 68
nefc overflow - please increase njmax to 68
nefc overflow - please increase njmax to 68
nefc overflow - please increase njmax to 68
nefc overflow - please increase njmax to 68
nefc overflow - please increase njmax to 68
nefc overflow - please increase njmax to 68
nefc overflow - please increase njmax to 68
nefc overflow - please increase njmax to 72
nefc overflow - please increase njmax to 72
nefc overflow - please increase njmax to 76
nefc overflow - please increase njmax to 72
nefc overflow - please increase njmax to 72
nefc overflow - please increase njmax to 72
nefc overflow - please increase njmax to 72
nefc overflow - please increase njmax to 72
nefc overflow - please increase njmax to 72
nefc overflow - please increase njmax to 72
nefc overflow - please increase njmax to 72
nefc overflow - please increase njmax to 72
nefc overflow - please increase njmax to 72
nefc overflow - please increase njmax to 72
nefc overflow - please increase njmax to 72
nefc overflow - please increase njmax to 72
nefc overflow - please increase njmax to 72
nefc overflow - please increase njmax to 72
nefc overflow - please increase njmax to 72
nefc overflow - please increase njmax to 72
nefc overflow - please increase njmax to 72
nefc overflow - please increase njmax to 72
nefc overflow - please increase njmax to 72
nefc overflow - please increase njmax to 72
nefc overflow - please increase njmax to 72
nefc overflow - please increase njmax to 72
nefc overflow - please increase njmax to 72
nefc overflow - please increase njmax to 72
nefc overflow - please increase njmax to 72
nefc overflow - please increase njmax to 72
nefc overflow - please increase njmax to 76
nefc overflow - please increase njmax to 76
nefc overflow - please increase njmax to 76
nefc overflow - please increase njmax to 76
nefc overflow - please increase njmax to 76
nefc overflow - please increase njmax to 76
nefc overflow - please increase njmax to 76
nefc overflow - please increase njmax to 76
nefc overflow - please increase njmax to 76
nefc overflow - please increase njmax to 76
nefc overflow - please increase njmax to 76
nefc overflow - please increase njmax to 76
nefc overflow - please increase njmax to 76
nefc overflow - please increase njmax to 76
nefc overflow - please increase njmax to 76
nefc overflow - please increase njmax to 76
nefc overflow - please increase njmax to 76
nefc overflow - please increase njmax to 76
nefc overflow - please increase njmax to 76
nefc overflow - please increase njmax to 76
nefc overflow - please increase njmax to 76
nefc overflow - please increase njmax to 76
nefc overflow - please increase njmax to 76
nefc overflow - please increase njmax to 76
nefc overflow - please increase njmax to 76
nefc overflow - please increase njmax to 76
nefc overflow - please increase njmax to 76
nefc overflow - please increase njmax to 76
nefc overflow - please increase njmax to 76
nefc overflow - please increase njmax to 76
nefc overflow - please increase njmax to 76
nefc overflow - please increase njmax to 76
nefc overflow - please increase njmax to 76
nefc overflow - please increase njmax to 76
nefc overflow - please increase njmax to 76
nefc overflow - please increase njmax to 76
nefc overflow - please increase njmax to 68
nefc overflow - please increase njmax to 80
nefc overflow - please increase njmax to 80
nefc overflow - please increase njmax to 84
nefc overflow - please increase njmax to 84
nefc overflow - please increase njmax to 84
nefc overflow - please increase njmax to 84
nefc overflow - please increase njmax to 84
nefc overflow - please increase njmax to 84
nefc overflow - please increase njmax to 84
nefc overflow - please increase njmax to 84
nefc overflow - please increase njmax to 84
nefc overflow - please increase njmax to 84
nefc overflow - please increase njmax to 80
nefc overflow - please increase njmax to 80
nefc overflow - please increase njmax to 80
nefc overflow - please increase njmax to 80
nefc overflow - please increase njmax to 80
nefc overflow - please increase njmax to 72
nefc overflow - please increase njmax to 72
nefc overflow - please increase njmax to 68
nefc overflow - please increase njmax to 68
nefc overflow - please increase njmax to 68
nefc overflow - please increase njmax to 68
nefc overflow - please increase njmax to 68
nefc overflow - please increase njmax to 68
nefc overflow - please increase njmax to 68
nefc overflow - please increase njmax to 84
nefc overflow - please increase njmax to 84
nefc overflow - please increase njmax to 84
nefc overflow - please increase njmax to 84
nefc overflow - please increase njmax to 84
nefc overflow - please increase njmax to 84
nefc overflow - please increase njmax to 84
nefc overflow - please increase njmax to 84
nefc overflow - please increase njmax to 84
nefc overflow - please increase njmax to 84
nefc overflow - please increase njmax to 84
nefc overflow - please increase njmax to 84
nefc overflow - please increase njmax to 84
nefc overflow - please increase njmax to 84
nefc overflow - please increase njmax to 84
nefc overflow - please increase njmax to 84
nefc overflow - please increase njmax to 84
nefc overflow - please increase njmax to 84
nefc overflow - please increase njmax to 84
nefc overflow - please increase njmax to 84
nefc overflow - please increase njmax to 84
nefc overflow - please increase njmax to 84
nefc overflow - please increase njmax to 84
nefc overflow - please increase njmax to 84
nefc overflow - please increase njmax to 84
nefc overflow - please increase njmax to 84
nefc overflow - please increase njmax to 84
nefc overflow - please increase njmax to 84
nefc overflow - please increase njmax to 84
nefc overflow - please increase njmax to 84
nefc overflow - please increase njmax to 84
nefc overflow - please increase njmax to 84
nefc overflow - please increase njmax to 84
nefc overflow - please increase njmax to 84
nefc overflow - please increase njmax to 84
nefc overflow - please increase njmax to 84
nefc overflow - please increase njmax to 84
nefc overflow - please increase njmax to 84
nefc overflow - please increase njmax to 84
nefc overflow - please increase njmax to 84
nefc overflow - please increase njmax to 84
nefc overflow - please increase njmax to 84
nefc overflow - please increase njmax to 84
nefc overflow - please increase njmax to 84
nefc overflow - please increase njmax to 84
nefc overflow - please increase njmax to 84
nefc overflow - please increase njmax to 84
nefc overflow - please increase njmax to 84
nefc overflow - please increase njmax to 84
nefc overflow - please increase njmax to 84
nefc overflow - please increase njmax to 84
nefc overflow - please increase njmax to 84
nefc overflow - please increase njmax to 84
nefc overflow - please increase njmax to 84
nefc overflow - please increase njmax to 84
nefc overflow - please increase njmax to 84
nefc overflow - please increase njmax to 84
nefc overflow - please increase njmax to 84
nefc overflow - please increase njmax to 84
nefc overflow - please increase njmax to 84
nefc overflow - please increase njmax to 84
nefc overflow - please increase njmax to 84
nefc overflow - please increase njmax to 84
nefc overflow - please increase njmax to 84
nefc overflow - please increase njmax to 84
nefc overflow - please increase njmax to 84
nefc overflow - please increase njmax to 84
nefc overflow - please increase njmax to 84
nefc overflow - please increase njmax to 84
nefc overflow - please increase njmax to 84
nefc overflow - please increase njmax to 84
nefc overflow - please increase njmax to 84
nefc overflow - please increase njmax to 84
nefc overflow - please increase njmax to 84
nefc overflow - please increase njmax to 84
nefc overflow - please increase njmax to 84
nefc overflow - please increase njmax to 84
nefc overflow - please increase njmax to 84
nefc overflow - please increase njmax to 84
nefc overflow - please increase njmax to 84
nefc overflow - please increase njmax to 84
nefc overflow - please increase njmax to 84
nefc overflow - please increase njmax to 84
nefc overflow - please increase njmax to 84
nefc overflow - please increase njmax to 84
nefc overflow - please increase njmax to 84
nefc overflow - please increase njmax to 84
nefc overflow - please increase njmax to 84
nefc overflow - please increase njmax to 84
nefc overflow - please increase njmax to 84
nefc overflow - please increase njmax to 84
nefc overflow - please increase njmax to 84
nefc overflow - please increase njmax to 84
nefc overflow - please increase njmax to 84
nefc overflow - please increase njmax to 84
nefc overflow - please increase njmax to 84
nefc overflow - please increase njmax to 84
nefc overflow - please increase njmax to 84
nefc overflow - please increase njmax to 84
nefc overflow - please increase njmax to 84
nefc overflow - please increase njmax to 84
nefc overflow - please increase njmax to 84
nefc overflow - please increase njmax to 84
nefc overflow - please increase njmax to 84
nefc overflow - please increase njmax to 84
nefc overflow - please increase njmax to 84
nefc overflow - please increase njmax to 84
nefc overflow - please increase njmax to 84
nefc overflow - please increase njmax to 84
nefc overflow - please increase njmax to 84
nefc overflow - please increase njmax to 84
nefc overflow - please increase njmax to 84
nefc overflow - please increase njmax to 84
nefc overflow - please increase njmax to 84
nefc overflow - please increase njmax to 84
nefc overflow - please increase njmax to 84
nefc overflow - please increase njmax to 84
nefc overflow - please increase njmax to 84
nefc overflow - please increase njmax to 84
nefc overflow - please increase njmax to 84
nefc overflow - please increase njmax to 84
nefc overflow - please increase njmax to 84
nefc overflow - please increase njmax to 84
nefc overflow - please increase njmax to 84
nefc overflow - please increase njmax to 84
nefc overflow - please increase njmax to 84
nefc overflow - please increase njmax to 84
nefc overflow - please increase njmax to 84
nefc overflow - please increase njmax to 84
nefc overflow - please increase njmax to 84
nefc overflow - please increase njmax to 84
nefc overflow - please increase njmax to 84
nefc overflow - please increase njmax to 84
nefc overflow - please increase njmax to 84
nefc overflow - please increase njmax to 84
nefc overflow - please increase njmax to 84
nefc overflow - please increase njmax to 84
nefc overflow - please increase njmax to 84
nefc overflow - please increase njmax to 84
nefc overflow - please increase njmax to 84
nefc overflow - please increase njmax to 84
nefc overflow - please increase njmax to 84
nefc overflow - please increase njmax to 84
nefc overflow - please increase njmax to 84
nefc overflow - please increase njmax to 84
nefc overflow - please increase njmax to 84
nefc overflow - please increase njmax to 84
nefc overflow - please increase njmax to 84
nefc overflow - please increase njmax to 84
nefc overflow - please increase njmax to 84
nefc overflow - please increase njmax to 84
nefc overflow - please increase njmax to 84
nefc overflow - please increase njmax to 84
nefc overflow - please increase njmax to 84
nefc overflow - please increase njmax to 84
nefc overflow - please increase njmax to 84
nefc overflow - please increase njmax to 84
nefc overflow - please increase njmax to 84
nefc overflow - please increase njmax to 84
nefc overflow - please increase njmax to 84
nefc overflow - please increase njmax to 84
nefc overflow - please increase njmax to 84
nefc overflow - please increase njmax to 84
nefc overflow - please increase njmax to 84
nefc overflow - please increase njmax to 84
nefc overflow - please increase njmax to 84
nefc overflow - please increase njmax to 84
nefc overflow - please increase njmax to 84
nefc overflow - please increase njmax to 84
nefc overflow - please increase njmax to 84
nefc overflow - please increase njmax to 84
nefc overflow - please increase njmax to 84
nefc overflow - please increase njmax to 84
nefc overflow - please increase njmax to 84
nefc overflow - please increase njmax to 84
nefc overflow - please increase njmax to 84
nefc overflow - please increase njmax to 84
nefc overflow - please increase njmax to 84
nefc overflow - please increase njmax to 84
nefc overflow - please increase njmax to 84
nefc overflow - please increase njmax to 84
nefc overflow - please increase njmax to 84
nefc overflow - please increase njmax to 84
nefc overflow - please increase njmax to 84
nefc overflow - please increase njmax to 84
nefc overflow - please increase njmax to 84
nefc overflow - please increase njmax to 84
nefc overflow - please increase njmax to 84
nefc overflow - please increase njmax to 84
nefc overflow - please increase njmax to 84
nefc overflow - please increase njmax to 84
nefc overflow - please increase njmax to 84
nefc overflow - please increase njmax to 84
nefc overflow - please increase njmax to 84
nefc overflow - please increase njmax to 84
nefc overflow - please increase njmax to 84
nefc overflow - please increase njmax to 84
nefc overflow - please increase njmax to 84
nefc overflow - please increase njmax to 84
nefc overflow - please increase njmax to 84
nefc overflow - please increase njmax to 84
nefc overflow - please increase njmax to 84
nefc overflow - please increase njmax to 84
nefc overflow - please increase njmax to 84
nefc overflow - please increase njmax to 84
nefc overflow - please increase njmax to 84
nefc overflow - please increase njmax to 84
nefc overflow - please increase njmax to 84
nefc overflow - please increase njmax to 84
nefc overflow - please increase njmax to 84
nefc overflow - please increase njmax to 84
nefc overflow - please increase njmax to 84
nefc overflow - please increase njmax to 84
nefc overflow - please increase njmax to 84
nefc overflow - please increase njmax to 84
nefc overflow - please increase njmax to 84
nefc overflow - please increase njmax to 84
nefc overflow - please increase njmax to 84
nefc overflow - please increase njmax to 84
nefc overflow - please increase njmax to 84
nefc overflow - please increase njmax to 84
nefc overflow - please increase njmax to 84
nefc overflow - please increase njmax to 84
nefc overflow - please increase njmax to 84
nefc overflow - please increase njmax to 84
nefc overflow - please increase njmax to 84
nefc overflow - please increase njmax to 84
nefc overflow - please increase njmax to 84
nefc overflow - please increase njmax to 84
nefc overflow - please increase njmax to 84
nefc overflow - please increase njmax to 84
nefc overflow - please increase njmax to 84
nefc overflow - please increase njmax to 84
nefc overflow - please increase njmax to 84
nefc overflow - please increase njmax to 68
nefc overflow - please increase njmax to 68
nefc overflow - please increase njmax to 68
nefc overflow - please increase njmax to 68
nefc overflow - please increase njmax to 68
nefc overflow - please increase njmax to 68
nefc overflow - please increase njmax to 68
nefc overflow - please increase njmax to 68
nefc overflow - please increase njmax to 68
nefc overflow - please increase njmax to 68
nefc overflow - please increase njmax to 68
nefc overflow - please increase njmax to 68
nefc overflow - please increase njmax to 84
nefc overflow - please increase njmax to 84
nefc overflow - please increase njmax to 84
nefc overflow - please increase njmax to 84
nefc overflow - please increase njmax to 84
nefc overflow - please increase njmax to 84
nefc overflow - please increase njmax to 84
nefc overflow - please increase njmax to 84
nefc overflow - please increase njmax to 84
nefc overflow - please increase njmax to 84
nefc overflow - please increase njmax to 84
nefc overflow - please increase njmax to 84
nefc overflow - please increase njmax to 84
nefc overflow - please increase njmax to 84
nefc overflow - please increase njmax to 84
nefc overflow - please increase njmax to 84
nefc overflow - please increase njmax to 84
nefc overflow - please increase njmax to 84
nefc overflow - please increase njmax to 84
nefc overflow - please increase njmax to 84
nefc overflow - please increase njmax to 84
nefc overflow - please increase njmax to 84
nefc overflow - please increase njmax to 84
nefc overflow - please increase njmax to 84
nefc overflow - please increase njmax to 84
nefc overflow - please increase njmax to 84
nefc overflow - please increase njmax to 84
nefc overflow - please increase njmax to 84
nefc overflow - please increase njmax to 84
nefc overflow - please increase njmax to 84
nefc overflow - please increase njmax to 84
nefc overflow - please increase njmax to 84
nefc overflow - please increase njmax to 84
nefc overflow - please increase njmax to 84
nefc overflow - please increase njmax to 84
nefc overflow - please increase njmax to 84
nefc overflow - please increase njmax to 84
nefc overflow - please increase njmax to 84
nefc overflow - please increase njmax to 84
nefc overflow - please increase njmax to 84
nefc overflow - please increase njmax to 84
nefc overflow - please increase njmax to 84
nefc overflow - please increase njmax to 84
nefc overflow - please increase njmax to 84
nefc overflow - please increase njmax to 84
nefc overflow - please increase njmax to 84
nefc overflow - please increase njmax to 84
nefc overflow - please increase njmax to 84
nefc overflow - please increase njmax to 84
nefc overflow - please increase njmax to 84
nefc overflow - please increase njmax to 84
nefc overflow - please increase njmax to 84
nefc overflow - please increase njmax to 84
nefc overflow - please increase njmax to 84
nefc overflow - please increase njmax to 84
nefc overflow - please increase njmax to 84
nefc overflow - please increase njmax to 84
nefc overflow - please increase njmax to 84
nefc overflow - please increase njmax to 84
nefc overflow - please increase njmax to 84
nefc overflow - please increase njmax to 84
nefc overflow - please increase njmax to 84
nefc overflow - please increase njmax to 84
nefc overflow - please increase njmax to 84
nefc overflow - please increase njmax to 84
nefc overflow - please increase njmax to 84
nefc overflow - please increase njmax to 84
nefc overflow - please increase njmax to 84
nefc overflow - please increase njmax to 84
nefc overflow - please increase njmax to 84
nefc overflow - please increase njmax to 84
nefc overflow - please increase njmax to 84
nefc overflow - please increase njmax to 84
nefc overflow - please increase njmax to 84
nefc overflow - please increase njmax to 84
nefc overflow - please increase njmax to 84
nefc overflow - please increase njmax to 84
nefc overflow - please increase njmax to 84
nefc overflow - please increase njmax to 84
nefc overflow - please increase njmax to 84
nefc overflow - please increase njmax to 84
nefc overflow - please increase njmax to 84
nefc overflow - please increase njmax to 84
nefc overflow - please increase njmax to 84
nefc overflow - please increase njmax to 84
nefc overflow - please increase njmax to 84
nefc overflow - please increase njmax to 84
nefc overflow - please increase njmax to 84
nefc overflow - please increase njmax to 84
nefc overflow - please increase njmax to 84
nefc overflow - please increase njmax to 84
nefc overflow - please increase njmax to 84
nefc overflow - please increase njmax to 84
nefc overflow - please increase njmax to 84
nefc overflow - please increase njmax to 84
nefc overflow - please increase njmax to 84
nefc overflow - please increase njmax to 84
nefc overflow - please increase njmax to 84
nefc overflow - please increase njmax to 84
nefc overflow - please increase njmax to 84
nefc overflow - please increase njmax to 84
nefc overflow - please increase njmax to 84
nefc overflow - please increase njmax to 84
nefc overflow - please increase njmax to 84
nefc overflow - please increase njmax to 84
nefc overflow - please increase njmax to 84
nefc overflow - please increase njmax to 84
nefc overflow - please increase njmax to 84
nefc overflow - please increase njmax to 84
nefc overflow - please increase njmax to 84
nefc overflow - please increase njmax to 84
nefc overflow - please increase njmax to 84
nefc overflow - please increase njmax to 84
nefc overflow - please increase njmax to 84
nefc overflow - please increase njmax to 84
nefc overflow - please increase njmax to 84
nefc overflow - please increase njmax to 84
nefc overflow - please increase njmax to 84
nefc overflow - please increase njmax to 84
nefc overflow - please increase njmax to 84
nefc overflow - please increase njmax to 84
nefc overflow - please increase njmax to 84
nefc overflow - please increase njmax to 84
nefc overflow - please increase njmax to 84
nefc overflow - please increase njmax to 84
nefc overflow - please increase njmax to 84
nefc overflow - please increase njmax to 84
nefc overflow - please increase njmax to 84
nefc overflow - please increase njmax to 84
nefc overflow - please increase njmax to 80
nefc overflow - please increase njmax to 80
nefc overflow - please increase njmax to 80
nefc overflow - please increase njmax to 80
nefc overflow - please increase njmax to 80
nefc overflow - please increase njmax to 80
nefc overflow - please increase njmax to 76
nefc overflow - please increase njmax to 76
nefc overflow - please increase njmax to 76
nefc overflow - please increase njmax to 76
nefc overflow - please increase njmax to 76
nefc overflow - please increase njmax to 76
nefc overflow - please increase njmax to 76
nefc overflow - please increase njmax to 76
nefc overflow - please increase njmax to 76
nefc overflow - please increase njmax to 76
nefc overflow - please increase njmax to 76
nefc overflow - please increase njmax to 76
nefc overflow - please increase njmax to 76
nefc overflow - please increase njmax to 76
nefc overflow - please increase njmax to 76
nefc overflow - please increase njmax to 76
nefc overflow - please increase njmax to 76
nefc overflow - please increase njmax to 76
nefc overflow - please increase njmax to 76
nefc overflow - please increase njmax to 76
nefc overflow - please increase njmax to 76
nefc overflow - please increase njmax to 76
nefc overflow - please increase njmax to 80
nefc overflow - please increase njmax to 80
nefc overflow - please increase njmax to 80
nefc overflow - please increase njmax to 80
nefc overflow - please increase njmax to 80
nefc overflow - please increase njmax to 80
nefc overflow - please increase njmax to 80
nefc overflow - please increase njmax to 80
nefc overflow - please increase njmax to 76
nefc overflow - please increase njmax to 76
nefc overflow - please increase njmax to 76
nefc overflow - please increase njmax to 76
nefc overflow - please increase njmax to 76
nefc overflow - please increase njmax to 76
nefc overflow - please increase njmax to 76
nefc overflow - please increase njmax to 76
nefc overflow - please increase njmax to 76
nefc overflow - please increase njmax to 76
nefc overflow - please increase njmax to 76
nefc overflow - please increase njmax to 76
nefc overflow - please increase njmax to 76
nefc overflow - please increase njmax to 76
nefc overflow - please increase njmax to 76
nefc overflow - please increase njmax to 76
nefc overflow - please increase njmax to 76
nefc overflow - please increase njmax to 76
nefc overflow - please increase njmax to 76
nefc overflow - please increase njmax to 76
nefc overflow - please increase njmax to 76
nefc overflow - please increase njmax to 76
nefc overflow - please increase njmax to 76
nefc overflow - please increase njmax to 76
nefc overflow - please increase njmax to 76
nefc overflow - please increase njmax to 76
nefc overflow - please increase njmax to 76
nefc overflow - please increase njmax to 76
nefc overflow - please increase njmax to 80
nefc overflow - please increase njmax to 80
nefc overflow - please increase njmax to 80
nefc overflow - please increase njmax to 80
nefc overflow - please increase njmax to 80
nefc overflow - please increase njmax to 80
nefc overflow - please increase njmax to 76
nefc overflow - please increase njmax to 76
nefc overflow - please increase njmax to 76
nefc overflow - please increase njmax to 76
nefc overflow - please increase njmax to 76
nefc overflow - please increase njmax to 76
nefc overflow - please increase njmax to 76
nefc overflow - please increase njmax to 76
nefc overflow - please increase njmax to 76
nefc overflow - please increase njmax to 76
nefc overflow - please increase njmax to 76
nefc overflow - please increase njmax to 76
nefc overflow - please increase njmax to 76
nefc overflow - please increase njmax to 76
nefc overflow - please increase njmax to 76
nefc overflow - please increase njmax to 76
nefc overflow - please increase njmax to 76
nefc overflow - please increase njmax to 76
nefc overflow - please increase njmax to 76
nefc overflow - please increase njmax to 76
nefc overflow - please increase njmax to 76
nefc overflow - please increase njmax to 76
nefc overflow - please increase njmax to 76
nefc overflow - please increase njmax to 76
nefc overflow - please increase njmax to 76
nefc overflow - please increase njmax to 76
nefc overflow - please increase njmax to 76
nefc overflow - please increase njmax to 76
nefc overflow - please increase njmax to 76
nefc overflow - please increase njmax to 76
nefc overflow - please increase njmax to 76
nefc overflow - please increase njmax to 76
nefc overflow - please increase njmax to 76
nefc overflow - please increase njmax to 76
nefc overflow - please increase njmax to 76
nefc overflow - please increase njmax to 76
nefc overflow - please increase njmax to 76
nefc overflow - please increase njmax to 76
nefc overflow - please increase njmax to 76
nefc overflow - please increase njmax to 76
nefc overflow - please increase njmax to 76
nefc overflow - please increase njmax to 76
nefc overflow - please increase njmax to 68
nefc overflow - please increase njmax to 68
nefc overflow - please increase njmax to 68
nefc overflow - please increase njmax to 68
nefc overflow - please increase njmax to 68
nefc overflow - please increase njmax to 68
nefc overflow - please increase njmax to 68
nefc overflow - please increase njmax to 68
nefc overflow - please increase njmax to 68
nefc overflow - please increase njmax to 68
nefc overflow - please increase njmax to 68
nefc overflow - please increase njmax to 68
nefc overflow - please increase njmax to 68
nefc overflow - please increase njmax to 68
nefc overflow - please increase njmax to 68
nefc overflow - please increase njmax to 68
nefc overflow - please increase njmax to 68
nefc overflow - please increase njmax to 68
nefc overflow - please increase njmax to 68
nefc overflow - please increase njmax to 68
nefc overflow - please increase njmax to 68
nefc overflow - please increase njmax to 68
nefc overflow - please increase njmax to 68
nefc overflow - please increase njmax to 68
nefc overflow - please increase njmax to 68
nefc overflow - please increase njmax to 68
nefc overflow - please increase njmax to 68
nefc overflow - please increase njmax to 68
nefc overflow - please increase njmax to 68
nefc overflow - please increase njmax to 68
nefc overflow - please increase njmax to 68
nefc overflow - please increase njmax to 68
nefc overflow - please increase njmax to 68
nefc overflow - please increase njmax to 68
nefc overflow - please increase njmax to 68
nefc overflow - please increase njmax to 68
nefc overflow - please increase njmax to 76
nefc overflow - please increase njmax to 76
nefc overflow - please increase njmax to 80
nefc overflow - please increase njmax to 80
nefc overflow - please increase njmax to 80
nefc overflow - please increase njmax to 80
nefc overflow - please increase njmax to 76
nefc overflow - please increase njmax to 76
nefc overflow - please increase njmax to 76
nefc overflow - please increase njmax to 76
nefc overflow - please increase njmax to 76
nefc overflow - please increase njmax to 76
nefc overflow - please increase njmax to 76
nefc overflow - please increase njmax to 76
nefc overflow - please increase njmax to 76
nefc overflow - please increase njmax to 76
nefc overflow - please increase njmax to 76
nefc overflow - please increase njmax to 76
nefc overflow - please increase njmax to 76
nefc overflow - please increase njmax to 76
nefc overflow - please increase njmax to 76
nefc overflow - please increase njmax to 76
nefc overflow - please increase njmax to 76
nefc overflow - please increase njmax to 68
nefc overflow - please increase njmax to 68
nefc overflow - please increase njmax to 68
nefc overflow - please increase njmax to 68
nefc overflow - please increase njmax to 68
nefc overflow - please increase njmax to 68
nefc overflow - please increase njmax to 68
nefc overflow - please increase njmax to 68
nefc overflow - please increase njmax to 68
nefc overflow - please increase njmax to 68
nefc overflow - please increase njmax to 68
nefc overflow - please increase njmax to 68
nefc overflow - please increase njmax to 68
nefc overflow - please increase njmax to 68
nefc overflow - please increase njmax to 68
nefc overflow - please increase njmax to 68
nefc overflow - please increase njmax to 68
nefc overflow - please increase njmax to 68
nefc overflow - please increase njmax to 68
nefc overflow - please increase njmax to 68
nefc overflow - please increase njmax to 68
nefc overflow - please increase njmax to 68
nefc overflow - please increase njmax to 68
nefc overflow - please increase njmax to 68
nefc overflow - please increase njmax to 68
nefc overflow - please increase njmax to 68
nefc overflow - please increase njmax to 72
nefc overflow - please increase njmax to 72
nefc overflow - please increase njmax to 76
nefc overflow - please increase njmax to 76
nefc overflow - please increase njmax to 80
nefc overflow - please increase njmax to 80
nefc overflow - please increase njmax to 80
nefc overflow - please increase njmax to 84
nefc overflow - please increase njmax to 80
nefc overflow - please increase njmax to 80
nefc overflow - please increase njmax to 80
nefc overflow - please increase njmax to 76
nefc overflow - please increase njmax to 76
nefc overflow - please increase njmax to 76
nefc overflow - please increase njmax to 76
nefc overflow - please increase njmax to 72
nefc overflow - please increase njmax to 72
nefc overflow - please increase njmax to 72
nefc overflow - please increase njmax to 72
nefc overflow - please increase njmax to 68
nefc overflow - please increase njmax to 68
nefc overflow - please increase njmax to 68
nefc overflow - please increase njmax to 68
nefc overflow - please increase njmax to 68
nefc overflow - please increase njmax to 68
nefc overflow - please increase njmax to 68
nefc overflow - please increase njmax to 68
nefc overflow - please increase njmax to 68
nefc overflow - please increase njmax to 68
nefc overflow - please increase njmax to 68
nefc overflow - please increase njmax to 68
nefc overflow - please increase njmax to 68
nefc overflow - please increase njmax to 68
nefc overflow - please increase njmax to 72
nefc overflow - please increase njmax to 72
nefc overflow - please increase njmax to 72
nefc overflow - please increase njmax to 76
nefc overflow - please increase njmax to 76
nefc overflow - please increase njmax to 80
nefc overflow - please increase njmax to 80
nefc overflow - please increase njmax to 76
nefc overflow - please increase njmax to 76
nefc overflow - please increase njmax to 76
nefc overflow - please increase njmax to 76
nefc overflow - please increase njmax to 76
nefc overflow - please increase njmax to 76
nefc overflow - please increase njmax to 76
nefc overflow - please increase njmax to 76
nefc overflow - please increase njmax to 76
nefc overflow - please increase njmax to 76
nefc overflow - please increase njmax to 76
nefc overflow - please increase njmax to 76
nefc overflow - please increase njmax to 76
nefc overflow - please increase njmax to 76
nefc overflow - please increase njmax to 76
nefc overflow - please increase njmax to 76
nefc overflow - please increase njmax to 76
nefc overflow - please increase njmax to 76
nefc overflow - please increase njmax to 76
nefc overflow - please increase njmax to 76
nefc overflow - please increase njmax to 76
nefc overflow - please increase njmax to 76
nefc overflow - please increase njmax to 76
nefc overflow - please increase njmax to 76
nefc overflow - please increase njmax to 76
nefc overflow - please increase njmax to 76
nefc overflow - please increase njmax to 76
nefc overflow - please increase njmax to 76
nefc overflow - please increase njmax to 76
nefc overflow - please increase njmax to 76
nefc overflow - please increase njmax to 76
nefc overflow - please increase njmax to 76
nefc overflow - please increase njmax to 76
nefc overflow - please increase njmax to 76
nefc overflow - please increase njmax to 76
nefc overflow - please increase njmax to 76
nefc overflow - please increase njmax to 76
nefc overflow - please increase njmax to 76
nefc overflow - please increase njmax to 76
nefc overflow - please increase njmax to 76
nefc overflow - please increase njmax to 76
nefc overflow - please increase njmax to 76
nefc overflow - please increase njmax to 76
nefc overflow - please increase njmax to 76
nefc overflow - please increase njmax to 76
nefc overflow - please increase njmax to 76
nefc overflow - please increase njmax to 76
nefc overflow - please increase njmax to 76
nefc overflow - please increase njmax to 76
nefc overflow - please increase njmax to 76
nefc overflow - please increase njmax to 76
nefc overflow - please increase njmax to 76
nefc overflow - please increase njmax to 76
nefc overflow - please increase njmax to 76
nefc overflow - please increase njmax to 76
nefc overflow - please increase njmax to 76
nefc overflow - please increase njmax to 76
nefc overflow - please increase njmax to 76
nefc overflow - please increase njmax to 76
nefc overflow - please increase njmax to 76
nefc overflow - please increase njmax to 76
nefc overflow - please increase njmax to 76
nefc overflow - please increase njmax to 76
nefc overflow - please increase njmax to 76
nefc overflow - please increase njmax to 76
nefc overflow - please increase njmax to 76
nefc overflow - please increase njmax to 76
nefc overflow - please increase njmax to 76
nefc overflow - please increase njmax to 76
nefc overflow - please increase njmax to 76
nefc overflow - please increase njmax to 76
nefc overflow - please increase njmax to 76
nefc overflow - please increase njmax to 76
nefc overflow - please increase njmax to 76
nefc overflow - please increase njmax to 76
nefc overflow - please increase njmax to 76
nefc overflow - please increase njmax to 76
nefc overflow - please increase njmax to 76
nefc overflow - please increase njmax to 76
nefc overflow - please increase njmax to 76
nefc overflow - please increase njmax to 76
nefc overflow - please increase njmax to 76
nefc overflow - please increase njmax to 76
nefc overflow - please increase njmax to 76
nefc overflow - please increase njmax to 76
nefc overflow - please increase njmax to 76
nefc overflow - please increase njmax to 76
nefc overflow - please increase njmax to 76
nefc overflow - please increase njmax to 76
nefc overflow - please increase njmax to 76
nefc overflow - please increase njmax to 76
nefc overflow - please increase njmax to 76
nefc overflow - please increase njmax to 76
nefc overflow - please increase njmax to 76
nefc overflow - please increase njmax to 76
nefc overflow - please increase njmax to 76
nefc overflow - please increase njmax to 76
nefc overflow - please increase njmax to 76
nefc overflow - please increase njmax to 76
nefc overflow - please increase njmax to 76
nefc overflow - please increase njmax to 76
nefc overflow - please increase njmax to 76
nefc overflow - please increase njmax to 76
nefc overflow - please increase njmax to 76
nefc overflow - please increase njmax to 76
nefc overflow - please increase njmax to 76
nefc overflow - please increase njmax to 76
nefc overflow - please increase njmax to 76
nefc overflow - please increase njmax to 76
nefc overflow - please increase njmax to 76
nefc overflow - please increase njmax to 76
nefc overflow - please increase njmax to 76
nefc overflow - please increase njmax to 76
nefc overflow - please increase njmax to 76
nefc overflow - please increase njmax to 76
nefc overflow - please increase njmax to 76
nefc overflow - please increase njmax to 76
nefc overflow - please increase njmax to 76
nefc overflow - please increase njmax to 76
nefc overflow - please increase njmax to 76
nefc overflow - please increase njmax to 76
nefc overflow - please increase njmax to 76
nefc overflow - please increase njmax to 76
nefc overflow - please increase njmax to 76
nefc overflow - please increase njmax to 76
nefc overflow - please increase njmax to 76
nefc overflow - please increase njmax to 76
nefc overflow - please increase njmax to 76
nefc overflow - please increase njmax to 76
nefc overflow - please increase njmax to 76
nefc overflow - please increase njmax to 76
nefc overflow - please increase njmax to 76
nefc overflow - please increase njmax to 76
nefc overflow - please increase njmax to 76
nefc overflow - please increase njmax to 76
nefc overflow - please increase njmax to 76
nefc overflow - please increase njmax to 76
nefc overflow - please increase njmax to 76
nefc overflow - please increase njmax to 76
nefc overflow - please increase njmax to 76
nefc overflow - please increase njmax to 76
nefc overflow - please increase njmax to 76
nefc overflow - please increase njmax to 76
nefc overflow - please increase njmax to 76
nefc overflow - please increase njmax to 76
nefc overflow - please increase njmax to 76
nefc overflow - please increase njmax to 76
nefc overflow - please increase njmax to 76
nefc overflow - please increase njmax to 76
nefc overflow - please increase njmax to 76
nefc overflow - please increase njmax to 76
nefc overflow - please increase njmax to 76
nefc overflow - please increase njmax to 76
nefc overflow - please increase njmax to 76
nefc overflow - please increase njmax to 76
nefc overflow - please increase njmax to 76
nefc overflow - please increase njmax to 76
nefc overflow - please increase njmax to 76
nefc overflow - please increase njmax to 76
nefc overflow - please increase njmax to 76
nefc overflow - please increase njmax to 76
nefc overflow - please increase njmax to 76
nefc overflow - please increase njmax to 76
nefc overflow - please increase njmax to 76
nefc overflow - please increase njmax to 76
nefc overflow - please increase njmax to 76
nefc overflow - please increase njmax to 76
nefc overflow - please increase njmax to 76
nefc overflow - please increase njmax to 76
nefc overflow - please increase njmax to 76
nefc overflow - please increase njmax to 76
nefc overflow - please increase njmax to 76
nefc overflow - please increase njmax to 76
nefc overflow - please increase njmax to 76
nefc overflow - please increase njmax to 68
nefc overflow - please increase njmax to 68
nefc overflow - please increase njmax to 68
nefc overflow - please increase njmax to 68
nefc overflow - please increase njmax to 68
    c|jax      base_pos=9.386e-05+-2.4e-05  base_rot=3.753e-04+-1.0e-04  (n=10)
    c|warp     base_pos=1.080e-03+-3.4e-04  base_rot=4.819e-03+-1.5e-03  (n=10)
    jax|warp   base_pos=1.041e-03+-3.4e-04  base_rot=4.839e-03+-1.5e-03  (n=10)
[11/14] solref_scale=0.5 ...
nefc overflow - please increase njmax to 68
nefc overflow - please increase njmax to 76
nefc overflow - please increase njmax to 84
nefc overflow - please increase njmax to 84
nefc overflow - please increase njmax to 68
nefc overflow - please increase njmax to 68
nefc overflow - please increase njmax to 68
nefc overflow - please increase njmax to 68
nefc overflow - please increase njmax to 68
nefc overflow - please increase njmax to 68
nefc overflow - please increase njmax to 68
nefc overflow - please increase njmax to 68
nefc overflow - please increase njmax to 68
nefc overflow - please increase njmax to 68
nefc overflow - please increase njmax to 68
nefc overflow - please increase njmax to 68
nefc overflow - please increase njmax to 68
nefc overflow - please increase njmax to 76
nefc overflow - please increase njmax to 76
nefc overflow - please increase njmax to 76
nefc overflow - please increase njmax to 76
nefc overflow - please increase njmax to 76
nefc overflow - please increase njmax to 72
nefc overflow - please increase njmax to 68
nefc overflow - please increase njmax to 68
nefc overflow - please increase njmax to 68
nefc overflow - please increase njmax to 68
nefc overflow - please increase njmax to 68
nefc overflow - please increase njmax to 68
nefc overflow - please increase njmax to 84
nefc overflow - please increase njmax to 84
nefc overflow - please increase njmax to 80
nefc overflow - please increase njmax to 76
nefc overflow - please increase njmax to 76
nefc overflow - please increase njmax to 68
nefc overflow - please increase njmax to 72
nefc overflow - please increase njmax to 72
nefc overflow - please increase njmax to 72
nefc overflow - please increase njmax to 68
nefc overflow - please increase njmax to 68
nefc overflow - please increase njmax to 72
nefc overflow - please increase njmax to 84
nefc overflow - please increase njmax to 84
nefc overflow - please increase njmax to 84
nefc overflow - please increase njmax to 76
nefc overflow - please increase njmax to 76
nefc overflow - please increase njmax to 68
nefc overflow - please increase njmax to 84
nefc overflow - please increase njmax to 84
nefc overflow - please increase njmax to 84
nefc overflow - please increase njmax to 76
nefc overflow - please increase njmax to 72
nefc overflow - please increase njmax to 72
nefc overflow - please increase njmax to 68
nefc overflow - please increase njmax to 68
nefc overflow - please increase njmax to 84
nefc overflow - please increase njmax to 84
nefc overflow - please increase njmax to 80
nefc overflow - please increase njmax to 76
nefc overflow - please increase njmax to 76
nefc overflow - please increase njmax to 68
nefc overflow - please increase njmax to 72
nefc overflow - please increase njmax to 72
nefc overflow - please increase njmax to 72
nefc overflow - please increase njmax to 68
nefc overflow - please increase njmax to 68
nefc overflow - please increase njmax to 68
nefc overflow - please increase njmax to 84
nefc overflow - please increase njmax to 84
nefc overflow - please increase njmax to 80
nefc overflow - please increase njmax to 76
nefc overflow - please increase njmax to 76
nefc overflow - please increase njmax to 68
nefc overflow - please increase njmax to 68
nefc overflow - please increase njmax to 68
nefc overflow - please increase njmax to 84
nefc overflow - please increase njmax to 84
nefc overflow - please increase njmax to 80
nefc overflow - please increase njmax to 76
nefc overflow - please increase njmax to 76
nefc overflow - please increase njmax to 68
nefc overflow - please increase njmax to 68
nefc overflow - please increase njmax to 68
nefc overflow - please increase njmax to 68
nefc overflow - please increase njmax to 68
nefc overflow - please increase njmax to 68
nefc overflow - please increase njmax to 68
nefc overflow - please increase njmax to 72
nefc overflow - please increase njmax to 84
nefc overflow - please increase njmax to 84
nefc overflow - please increase njmax to 76
nefc overflow - please increase njmax to 76
nefc overflow - please increase njmax to 76
nefc overflow - please increase njmax to 76
nefc overflow - please increase njmax to 68
nefc overflow - please increase njmax to 68
nefc overflow - please increase njmax to 68
nefc overflow - please increase njmax to 84
nefc overflow - please increase njmax to 84
nefc overflow - please increase njmax to 80
nefc overflow - please increase njmax to 76
nefc overflow - please increase njmax to 76
nefc overflow - please increase njmax to 76
nefc overflow - please increase njmax to 68
nefc overflow - please increase njmax to 84
nefc overflow - please increase njmax to 84
nefc overflow - please increase njmax to 84
nefc overflow - please increase njmax to 76
nefc overflow - please increase njmax to 76
nefc overflow - please increase njmax to 68
nefc overflow - please increase njmax to 72
nefc overflow - please increase njmax to 72
nefc overflow - please increase njmax to 68
nefc overflow - please increase njmax to 84
nefc overflow - please increase njmax to 84
nefc overflow - please increase njmax to 84
nefc overflow - please increase njmax to 76
nefc overflow - please increase njmax to 76
nefc overflow - please increase njmax to 68
nefc overflow - please increase njmax to 72
nefc overflow - please increase njmax to 72
nefc overflow - please increase njmax to 68
nefc overflow - please increase njmax to 68
nefc overflow - please increase njmax to 76
nefc overflow - please increase njmax to 84
nefc overflow - please increase njmax to 84
nefc overflow - please increase njmax to 80
nefc overflow - please increase njmax to 76
nefc overflow - please increase njmax to 72
nefc overflow - please increase njmax to 68
nefc overflow - please increase njmax to 68
nefc overflow - please increase njmax to 68
nefc overflow - please increase njmax to 68
nefc overflow - please increase njmax to 68
nefc overflow - please increase njmax to 84
nefc overflow - please increase njmax to 72
nefc overflow - please increase njmax to 68
nefc overflow - please increase njmax to 72
nefc overflow - please increase njmax to 84
nefc overflow - please increase njmax to 84
nefc overflow - please increase njmax to 84
nefc overflow - please increase njmax to 76
nefc overflow - please increase njmax to 68
nefc overflow - please increase njmax to 84
nefc overflow - please increase njmax to 84
nefc overflow - please increase njmax to 84
nefc overflow - please increase njmax to 80
nefc overflow - please increase njmax to 68
nefc overflow - please increase njmax to 68
nefc overflow - please increase njmax to 84
nefc overflow - please increase njmax to 84
nefc overflow - please increase njmax to 84
nefc overflow - please increase njmax to 76
nefc overflow - please increase njmax to 76
nefc overflow - please increase njmax to 76
nefc overflow - please increase njmax to 76
nefc overflow - please increase njmax to 76
nefc overflow - please increase njmax to 76
nefc overflow - please increase njmax to 72
nefc overflow - please increase njmax to 72
nefc overflow - please increase njmax to 72
nefc overflow - please increase njmax to 72
nefc overflow - please increase njmax to 68
nefc overflow - please increase njmax to 68
nefc overflow - please increase njmax to 68
nefc overflow - please increase njmax to 68
nefc overflow - please increase njmax to 68
nefc overflow - please increase njmax to 68
nefc overflow - please increase njmax to 72
nefc overflow - please increase njmax to 84
nefc overflow - please increase njmax to 84
nefc overflow - please increase njmax to 76
nefc overflow - please increase njmax to 76
nefc overflow - please increase njmax to 76
nefc overflow - please increase njmax to 72
nefc overflow - please increase njmax to 72
nefc overflow - please increase njmax to 68
nefc overflow - please increase njmax to 68
nefc overflow - please increase njmax to 68
nefc overflow - please increase njmax to 72
nefc overflow - please increase njmax to 76
nefc overflow - please increase njmax to 84
nefc overflow - please increase njmax to 76
nefc overflow - please increase njmax to 68
nefc overflow - please increase njmax to 68
nefc overflow - please increase njmax to 72
nefc overflow - please increase njmax to 76
nefc overflow - please increase njmax to 76
nefc overflow - please increase njmax to 76
nefc overflow - please increase njmax to 76
nefc overflow - please increase njmax to 76
nefc overflow - please increase njmax to 76
nefc overflow - please increase njmax to 76
nefc overflow - please increase njmax to 76
nefc overflow - please increase njmax to 76
nefc overflow - please increase njmax to 76
nefc overflow - please increase njmax to 76
nefc overflow - please increase njmax to 76
nefc overflow - please increase njmax to 76
nefc overflow - please increase njmax to 76
nefc overflow - please increase njmax to 76
nefc overflow - please increase njmax to 76
nefc overflow - please increase njmax to 76
nefc overflow - please increase njmax to 76
nefc overflow - please increase njmax to 76
nefc overflow - please increase njmax to 76
nefc overflow - please increase njmax to 76
nefc overflow - please increase njmax to 76
nefc overflow - please increase njmax to 76
nefc overflow - please increase njmax to 76
nefc overflow - please increase njmax to 76
nefc overflow - please increase njmax to 76
nefc overflow - please increase njmax to 76
nefc overflow - please increase njmax to 76
nefc overflow - please increase njmax to 76
nefc overflow - please increase njmax to 76
nefc overflow - please increase njmax to 76
nefc overflow - please increase njmax to 76
nefc overflow - please increase njmax to 76
nefc overflow - please increase njmax to 76
nefc overflow - please increase njmax to 76
nefc overflow - please increase njmax to 76
nefc overflow - please increase njmax to 72
nefc overflow - please increase njmax to 72
nefc overflow - please increase njmax to 76
nefc overflow - please increase njmax to 76
nefc overflow - please increase njmax to 72
nefc overflow - please increase njmax to 72
nefc overflow - please increase njmax to 72
nefc overflow - please increase njmax to 72
nefc overflow - please increase njmax to 72
nefc overflow - please increase njmax to 72
nefc overflow - please increase njmax to 72
nefc overflow - please increase njmax to 72
nefc overflow - please increase njmax to 72
nefc overflow - please increase njmax to 72
nefc overflow - please increase njmax to 72
nefc overflow - please increase njmax to 72
nefc overflow - please increase njmax to 72
nefc overflow - please increase njmax to 72
nefc overflow - please increase njmax to 72
nefc overflow - please increase njmax to 72
nefc overflow - please increase njmax to 72
nefc overflow - please increase njmax to 68
nefc overflow - please increase njmax to 68
nefc overflow - please increase njmax to 84
nefc overflow - please increase njmax to 84
nefc overflow - please increase njmax to 76
nefc overflow - please increase njmax to 68
nefc overflow - please increase njmax to 72
nefc overflow - please increase njmax to 76
nefc overflow - please increase njmax to 72
nefc overflow - please increase njmax to 76
nefc overflow - please increase njmax to 76
nefc overflow - please increase njmax to 76
nefc overflow - please increase njmax to 76
nefc overflow - please increase njmax to 76
nefc overflow - please increase njmax to 76
nefc overflow - please increase njmax to 76
nefc overflow - please increase njmax to 76
nefc overflow - please increase njmax to 76
nefc overflow - please increase njmax to 76
nefc overflow - please increase njmax to 76
nefc overflow - please increase njmax to 76
nefc overflow - please increase njmax to 76
nefc overflow - please increase njmax to 72
nefc overflow - please increase njmax to 72
nefc overflow - please increase njmax to 72
nefc overflow - please increase njmax to 76
nefc overflow - please increase njmax to 76
nefc overflow - please increase njmax to 72
nefc overflow - please increase njmax to 72
nefc overflow - please increase njmax to 72
nefc overflow - please increase njmax to 72
nefc overflow - please increase njmax to 72
nefc overflow - please increase njmax to 72
nefc overflow - please increase njmax to 72
nefc overflow - please increase njmax to 72
nefc overflow - please increase njmax to 68
nefc overflow - please increase njmax to 68
nefc overflow - please increase njmax to 80
nefc overflow - please increase njmax to 84
nefc overflow - please increase njmax to 76
nefc overflow - please increase njmax to 72
nefc overflow - please increase njmax to 76
nefc overflow - please increase njmax to 76
nefc overflow - please increase njmax to 76
nefc overflow - please increase njmax to 76
nefc overflow - please increase njmax to 76
nefc overflow - please increase njmax to 72
nefc overflow - please increase njmax to 72
nefc overflow - please increase njmax to 72
nefc overflow - please increase njmax to 72
nefc overflow - please increase njmax to 72
nefc overflow - please increase njmax to 72
nefc overflow - please increase njmax to 72
nefc overflow - please increase njmax to 72
nefc overflow - please increase njmax to 68
nefc overflow - please increase njmax to 68
nefc overflow - please increase njmax to 68
    c|jax      base_pos=7.073e-04+-2.6e-04  base_rot=3.841e-03+-1.4e-03  (n=10)
    c|warp     base_pos=1.104e-03+-3.3e-04  base_rot=7.398e-03+-2.4e-03  (n=10)
    jax|warp   base_pos=7.068e-04+-2.2e-04  base_rot=5.254e-03+-2.2e-03  (n=10)
[12/14] solref_scale=2.0 ...
nefc overflow - please increase njmax to 68
nefc overflow - please increase njmax to 76
nefc overflow - please increase njmax to 84
nefc overflow - please increase njmax to 84
nefc overflow - please increase njmax to 84
nefc overflow - please increase njmax to 84
nefc overflow - please increase njmax to 84
nefc overflow - please increase njmax to 84
nefc overflow - please increase njmax to 84
nefc overflow - please increase njmax to 84
nefc overflow - please increase njmax to 84
nefc overflow - please increase njmax to 84
nefc overflow - please increase njmax to 84
nefc overflow - please increase njmax to 84
nefc overflow - please increase njmax to 84
nefc overflow - please increase njmax to 84
nefc overflow - please increase njmax to 84
nefc overflow - please increase njmax to 84
nefc overflow - please increase njmax to 84
nefc overflow - please increase njmax to 84
nefc overflow - please increase njmax to 84
nefc overflow - please increase njmax to 84
nefc overflow - please increase njmax to 84
nefc overflow - please increase njmax to 84
nefc overflow - please increase njmax to 84
nefc overflow - please increase njmax to 84
nefc overflow - please increase njmax to 84
nefc overflow - please increase njmax to 84
nefc overflow - please increase njmax to 84
nefc overflow - please increase njmax to 84
nefc overflow - please increase njmax to 84
nefc overflow - please increase njmax to 84
nefc overflow - please increase njmax to 84
nefc overflow - please increase njmax to 80
nefc overflow - please increase njmax to 80
nefc overflow - please increase njmax to 80
nefc overflow - please increase njmax to 80
nefc overflow - please increase njmax to 80
nefc overflow - please increase njmax to 80
nefc overflow - please increase njmax to 80
nefc overflow - please increase njmax to 80
nefc overflow - please increase njmax to 80
nefc overflow - please increase njmax to 76
nefc overflow - please increase njmax to 76
nefc overflow - please increase njmax to 76
nefc overflow - please increase njmax to 76
nefc overflow - please increase njmax to 76
nefc overflow - please increase njmax to 76
nefc overflow - please increase njmax to 76
nefc overflow - please increase njmax to 76
nefc overflow - please increase njmax to 76
nefc overflow - please increase njmax to 76
nefc overflow - please increase njmax to 76
nefc overflow - please increase njmax to 76
nefc overflow - please increase njmax to 76
nefc overflow - please increase njmax to 76
nefc overflow - please increase njmax to 76
nefc overflow - please increase njmax to 76
nefc overflow - please increase njmax to 76
nefc overflow - please increase njmax to 76
nefc overflow - please increase njmax to 76
nefc overflow - please increase njmax to 76
nefc overflow - please increase njmax to 76
nefc overflow - please increase njmax to 76
nefc overflow - please increase njmax to 76
nefc overflow - please increase njmax to 76
nefc overflow - please increase njmax to 76
nefc overflow - please increase njmax to 76
nefc overflow - please increase njmax to 76
nefc overflow - please increase njmax to 76
nefc overflow - please increase njmax to 76
nefc overflow - please increase njmax to 76
nefc overflow - please increase njmax to 76
nefc overflow - please increase njmax to 76
nefc overflow - please increase njmax to 76
nefc overflow - please increase njmax to 76
nefc overflow - please increase njmax to 76
nefc overflow - please increase njmax to 76
nefc overflow - please increase njmax to 76
nefc overflow - please increase njmax to 76
nefc overflow - please increase njmax to 76
nefc overflow - please increase njmax to 76
nefc overflow - please increase njmax to 76
nefc overflow - please increase njmax to 76
nefc overflow - please increase njmax to 76
nefc overflow - please increase njmax to 76
nefc overflow - please increase njmax to 76
nefc overflow - please increase njmax to 76
nefc overflow - please increase njmax to 76
nefc overflow - please increase njmax to 76
nefc overflow - please increase njmax to 76
nefc overflow - please increase njmax to 76
nefc overflow - please increase njmax to 76
nefc overflow - please increase njmax to 76
nefc overflow - please increase njmax to 76
nefc overflow - please increase njmax to 76
nefc overflow - please increase njmax to 76
nefc overflow - please increase njmax to 76
nefc overflow - please increase njmax to 76
nefc overflow - please increase njmax to 76
nefc overflow - please increase njmax to 76
nefc overflow - please increase njmax to 76
nefc overflow - please increase njmax to 76
nefc overflow - please increase njmax to 76
nefc overflow - please increase njmax to 76
nefc overflow - please increase njmax to 76
nefc overflow - please increase njmax to 76
nefc overflow - please increase njmax to 76
nefc overflow - please increase njmax to 76
nefc overflow - please increase njmax to 76
nefc overflow - please increase njmax to 76
nefc overflow - please increase njmax to 76
nefc overflow - please increase njmax to 76
nefc overflow - please increase njmax to 76
nefc overflow - please increase njmax to 76
nefc overflow - please increase njmax to 76
nefc overflow - please increase njmax to 76
nefc overflow - please increase njmax to 76
nefc overflow - please increase njmax to 76
nefc overflow - please increase njmax to 76
nefc overflow - please increase njmax to 76
nefc overflow - please increase njmax to 76
nefc overflow - please increase njmax to 76
nefc overflow - please increase njmax to 76
nefc overflow - please increase njmax to 76
nefc overflow - please increase njmax to 76
nefc overflow - please increase njmax to 76
nefc overflow - please increase njmax to 76
nefc overflow - please increase njmax to 76
nefc overflow - please increase njmax to 76
nefc overflow - please increase njmax to 76
nefc overflow - please increase njmax to 76
nefc overflow - please increase njmax to 76
nefc overflow - please increase njmax to 76
nefc overflow - please increase njmax to 76
nefc overflow - please increase njmax to 76
nefc overflow - please increase njmax to 76
nefc overflow - please increase njmax to 76
nefc overflow - please increase njmax to 76
nefc overflow - please increase njmax to 76
nefc overflow - please increase njmax to 76
nefc overflow - please increase njmax to 76
nefc overflow - please increase njmax to 76
nefc overflow - please increase njmax to 76
nefc overflow - please increase njmax to 76
nefc overflow - please increase njmax to 76
nefc overflow - please increase njmax to 76
nefc overflow - please increase njmax to 76
nefc overflow - please increase njmax to 76
nefc overflow - please increase njmax to 76
nefc overflow - please increase njmax to 76
nefc overflow - please increase njmax to 76
nefc overflow - please increase njmax to 76
nefc overflow - please increase njmax to 76
nefc overflow - please increase njmax to 76
nefc overflow - please increase njmax to 76
nefc overflow - please increase njmax to 76
nefc overflow - please increase njmax to 76
nefc overflow - please increase njmax to 76
nefc overflow - please increase njmax to 76
nefc overflow - please increase njmax to 76
nefc overflow - please increase njmax to 76
nefc overflow - please increase njmax to 76
nefc overflow - please increase njmax to 76
nefc overflow - please increase njmax to 76
nefc overflow - please increase njmax to 76
nefc overflow - please increase njmax to 76
nefc overflow - please increase njmax to 76
nefc overflow - please increase njmax to 76
nefc overflow - please increase njmax to 76
nefc overflow - please increase njmax to 76
nefc overflow - please increase njmax to 76
nefc overflow - please increase njmax to 76
nefc overflow - please increase njmax to 76
nefc overflow - please increase njmax to 76
nefc overflow - please increase njmax to 76
nefc overflow - please increase njmax to 76
nefc overflow - please increase njmax to 76
nefc overflow - please increase njmax to 76
nefc overflow - please increase njmax to 76
nefc overflow - please increase njmax to 76
nefc overflow - please increase njmax to 76
nefc overflow - please increase njmax to 76
nefc overflow - please increase njmax to 76
nefc overflow - please increase njmax to 76
nefc overflow - please increase njmax to 76
nefc overflow - please increase njmax to 76
nefc overflow - please increase njmax to 76
nefc overflow - please increase njmax to 76
nefc overflow - please increase njmax to 76
nefc overflow - please increase njmax to 76
nefc overflow - please increase njmax to 76
nefc overflow - please increase njmax to 76
nefc overflow - please increase njmax to 76
nefc overflow - please increase njmax to 76
nefc overflow - please increase njmax to 76
nefc overflow - please increase njmax to 76
nefc overflow - please increase njmax to 76
nefc overflow - please increase njmax to 76
nefc overflow - please increase njmax to 76
nefc overflow - please increase njmax to 76
nefc overflow - please increase njmax to 76
nefc overflow - please increase njmax to 76
nefc overflow - please increase njmax to 76
nefc overflow - please increase njmax to 76
nefc overflow - please increase njmax to 76
nefc overflow - please increase njmax to 76
nefc overflow - please increase njmax to 76
nefc overflow - please increase njmax to 76
nefc overflow - please increase njmax to 76
nefc overflow - please increase njmax to 76
nefc overflow - please increase njmax to 76
nefc overflow - please increase njmax to 76
nefc overflow - please increase njmax to 76
nefc overflow - please increase njmax to 76
nefc overflow - please increase njmax to 76
nefc overflow - please increase njmax to 76
nefc overflow - please increase njmax to 76
nefc overflow - please increase njmax to 76
nefc overflow - please increase njmax to 76
nefc overflow - please increase njmax to 76
nefc overflow - please increase njmax to 76
nefc overflow - please increase njmax to 76
nefc overflow - please increase njmax to 76
nefc overflow - please increase njmax to 76
nefc overflow - please increase njmax to 76
nefc overflow - please increase njmax to 76
nefc overflow - please increase njmax to 76
nefc overflow - please increase njmax to 76
nefc overflow - please increase njmax to 76
nefc overflow - please increase njmax to 76
nefc overflow - please increase njmax to 76
nefc overflow - please increase njmax to 76
nefc overflow - please increase njmax to 76
nefc overflow - please increase njmax to 76
nefc overflow - please increase njmax to 76
nefc overflow - please increase njmax to 76
nefc overflow - please increase njmax to 76
nefc overflow - please increase njmax to 76
nefc overflow - please increase njmax to 76
nefc overflow - please increase njmax to 76
nefc overflow - please increase njmax to 68
nefc overflow - please increase njmax to 68
nefc overflow - please increase njmax to 68
nefc overflow - please increase njmax to 68
nefc overflow - please increase njmax to 68
nefc overflow - please increase njmax to 68
nefc overflow - please increase njmax to 68
nefc overflow - please increase njmax to 68
nefc overflow - please increase njmax to 68
nefc overflow - please increase njmax to 68
nefc overflow - please increase njmax to 68
nefc overflow - please increase njmax to 72
nefc overflow - please increase njmax to 72
nefc overflow - please increase njmax to 72
nefc overflow - please increase njmax to 72
nefc overflow - please increase njmax to 72
nefc overflow - please increase njmax to 72
nefc overflow - please increase njmax to 72
nefc overflow - please increase njmax to 76
nefc overflow - please increase njmax to 76
nefc overflow - please increase njmax to 76
nefc overflow - please increase njmax to 76
nefc overflow - please increase njmax to 76
nefc overflow - please increase njmax to 76
nefc overflow - please increase njmax to 76
nefc overflow - please increase njmax to 76
nefc overflow - please increase njmax to 76
nefc overflow - please increase njmax to 76
nefc overflow - please increase njmax to 76
nefc overflow - please increase njmax to 76
nefc overflow - please increase njmax to 76
nefc overflow - please increase njmax to 76
nefc overflow - please increase njmax to 76
nefc overflow - please increase njmax to 76
nefc overflow - please increase njmax to 76
nefc overflow - please increase njmax to 76
nefc overflow - please increase njmax to 76
nefc overflow - please increase njmax to 76
nefc overflow - please increase njmax to 76
nefc overflow - please increase njmax to 76
nefc overflow - please increase njmax to 76
nefc overflow - please increase njmax to 76
nefc overflow - please increase njmax to 76
nefc overflow - please increase njmax to 76
nefc overflow - please increase njmax to 76
nefc overflow - please increase njmax to 76
nefc overflow - please increase njmax to 76
nefc overflow - please increase njmax to 76
nefc overflow - please increase njmax to 76
nefc overflow - please increase njmax to 76
nefc overflow - please increase njmax to 76
nefc overflow - please increase njmax to 76
nefc overflow - please increase njmax to 76
nefc overflow - please increase njmax to 76
nefc overflow - please increase njmax to 76
nefc overflow - please increase njmax to 76
nefc overflow - please increase njmax to 76
nefc overflow - please increase njmax to 76
nefc overflow - please increase njmax to 76
nefc overflow - please increase njmax to 76
nefc overflow - please increase njmax to 76
nefc overflow - please increase njmax to 76
nefc overflow - please increase njmax to 76
nefc overflow - please increase njmax to 76
nefc overflow - please increase njmax to 76
nefc overflow - please increase njmax to 76
nefc overflow - please increase njmax to 76
nefc overflow - please increase njmax to 76
nefc overflow - please increase njmax to 76
nefc overflow - please increase njmax to 76
nefc overflow - please increase njmax to 76
nefc overflow - please increase njmax to 76
nefc overflow - please increase njmax to 76
nefc overflow - please increase njmax to 76
nefc overflow - please increase njmax to 76
nefc overflow - please increase njmax to 76
nefc overflow - please increase njmax to 76
nefc overflow - please increase njmax to 76
nefc overflow - please increase njmax to 76
nefc overflow - please increase njmax to 76
nefc overflow - please increase njmax to 76
nefc overflow - please increase njmax to 76
nefc overflow - please increase njmax to 76
nefc overflow - please increase njmax to 76
nefc overflow - please increase njmax to 76
nefc overflow - please increase njmax to 76
nefc overflow - please increase njmax to 76
nefc overflow - please increase njmax to 76
nefc overflow - please increase njmax to 76
nefc overflow - please increase njmax to 76
nefc overflow - please increase njmax to 76
nefc overflow - please increase njmax to 76
nefc overflow - please increase njmax to 76
nefc overflow - please increase njmax to 76
nefc overflow - please increase njmax to 76
nefc overflow - please increase njmax to 76
nefc overflow - please increase njmax to 76
nefc overflow - please increase njmax to 76
nefc overflow - please increase njmax to 76
nefc overflow - please increase njmax to 76
nefc overflow - please increase njmax to 76
nefc overflow - please increase njmax to 76
nefc overflow - please increase njmax to 76
nefc overflow - please increase njmax to 76
nefc overflow - please increase njmax to 76
nefc overflow - please increase njmax to 76
nefc overflow - please increase njmax to 76
nefc overflow - please increase njmax to 76
nefc overflow - please increase njmax to 76
nefc overflow - please increase njmax to 76
nefc overflow - please increase njmax to 76
nefc overflow - please increase njmax to 76
nefc overflow - please increase njmax to 76
nefc overflow - please increase njmax to 76
nefc overflow - please increase njmax to 76
nefc overflow - please increase njmax to 76
nefc overflow - please increase njmax to 76
nefc overflow - please increase njmax to 76
nefc overflow - please increase njmax to 76
nefc overflow - please increase njmax to 76
nefc overflow - please increase njmax to 76
nefc overflow - please increase njmax to 76
nefc overflow - please increase njmax to 76
nefc overflow - please increase njmax to 76
nefc overflow - please increase njmax to 76
nefc overflow - please increase njmax to 76
nefc overflow - please increase njmax to 76
nefc overflow - please increase njmax to 76
nefc overflow - please increase njmax to 76
nefc overflow - please increase njmax to 76
nefc overflow - please increase njmax to 76
nefc overflow - please increase njmax to 76
nefc overflow - please increase njmax to 76
nefc overflow - please increase njmax to 76
nefc overflow - please increase njmax to 76
nefc overflow - please increase njmax to 76
nefc overflow - please increase njmax to 76
nefc overflow - please increase njmax to 76
nefc overflow - please increase njmax to 76
nefc overflow - please increase njmax to 76
nefc overflow - please increase njmax to 76
nefc overflow - please increase njmax to 76
nefc overflow - please increase njmax to 76
nefc overflow - please increase njmax to 76
nefc overflow - please increase njmax to 76
nefc overflow - please increase njmax to 76
nefc overflow - please increase njmax to 76
nefc overflow - please increase njmax to 76
nefc overflow - please increase njmax to 76
nefc overflow - please increase njmax to 76
nefc overflow - please increase njmax to 76
nefc overflow - please increase njmax to 76
nefc overflow - please increase njmax to 76
nefc overflow - please increase njmax to 76
nefc overflow - please increase njmax to 76
nefc overflow - please increase njmax to 76
nefc overflow - please increase njmax to 76
nefc overflow - please increase njmax to 76
nefc overflow - please increase njmax to 76
nefc overflow - please increase njmax to 76
nefc overflow - please increase njmax to 76
nefc overflow - please increase njmax to 76
nefc overflow - please increase njmax to 76
nefc overflow - please increase njmax to 76
nefc overflow - please increase njmax to 76
nefc overflow - please increase njmax to 76
nefc overflow - please increase njmax to 76
nefc overflow - please increase njmax to 76
nefc overflow - please increase njmax to 76
nefc overflow - please increase njmax to 76
nefc overflow - please increase njmax to 76
nefc overflow - please increase njmax to 76
nefc overflow - please increase njmax to 76
nefc overflow - please increase njmax to 76
nefc overflow - please increase njmax to 76
nefc overflow - please increase njmax to 76
nefc overflow - please increase njmax to 76
nefc overflow - please increase njmax to 76
nefc overflow - please increase njmax to 76
nefc overflow - please increase njmax to 76
nefc overflow - please increase njmax to 76
nefc overflow - please increase njmax to 76
nefc overflow - please increase njmax to 76
nefc overflow - please increase njmax to 76
nefc overflow - please increase njmax to 76
nefc overflow - please increase njmax to 76
nefc overflow - please increase njmax to 76
nefc overflow - please increase njmax to 76
nefc overflow - please increase njmax to 76
nefc overflow - please increase njmax to 76
nefc overflow - please increase njmax to 76
nefc overflow - please increase njmax to 76
nefc overflow - please increase njmax to 76
nefc overflow - please increase njmax to 76
nefc overflow - please increase njmax to 76
nefc overflow - please increase njmax to 76
nefc overflow - please increase njmax to 76
nefc overflow - please increase njmax to 76
nefc overflow - please increase njmax to 76
nefc overflow - please increase njmax to 76
nefc overflow - please increase njmax to 76
nefc overflow - please increase njmax to 76
nefc overflow - please increase njmax to 76
nefc overflow - please increase njmax to 76
nefc overflow - please increase njmax to 76
nefc overflow - please increase njmax to 76
nefc overflow - please increase njmax to 76
nefc overflow - please increase njmax to 76
nefc overflow - please increase njmax to 76
nefc overflow - please increase njmax to 76
nefc overflow - please increase njmax to 76
nefc overflow - please increase njmax to 76
nefc overflow - please increase njmax to 76
nefc overflow - please increase njmax to 76
nefc overflow - please increase njmax to 76
nefc overflow - please increase njmax to 76
nefc overflow - please increase njmax to 76
nefc overflow - please increase njmax to 76
nefc overflow - please increase njmax to 76
nefc overflow - please increase njmax to 76
nefc overflow - please increase njmax to 76
nefc overflow - please increase njmax to 76
nefc overflow - please increase njmax to 76
nefc overflow - please increase njmax to 76
nefc overflow - please increase njmax to 76
nefc overflow - please increase njmax to 76
nefc overflow - please increase njmax to 76
nefc overflow - please increase njmax to 76
nefc overflow - please increase njmax to 76
nefc overflow - please increase njmax to 76
nefc overflow - please increase njmax to 76
nefc overflow - please increase njmax to 76
nefc overflow - please increase njmax to 76
nefc overflow - please increase njmax to 76
nefc overflow - please increase njmax to 76
nefc overflow - please increase njmax to 76
nefc overflow - please increase njmax to 76
nefc overflow - please increase njmax to 68
nefc overflow - please increase njmax to 84
nefc overflow - please increase njmax to 84
nefc overflow - please increase njmax to 84
nefc overflow - please increase njmax to 84
nefc overflow - please increase njmax to 84
nefc overflow - please increase njmax to 84
nefc overflow - please increase njmax to 84
nefc overflow - please increase njmax to 84
nefc overflow - please increase njmax to 84
nefc overflow - please increase njmax to 84
nefc overflow - please increase njmax to 84
nefc overflow - please increase njmax to 84
nefc overflow - please increase njmax to 84
nefc overflow - please increase njmax to 84
nefc overflow - please increase njmax to 84
nefc overflow - please increase njmax to 84
nefc overflow - please increase njmax to 84
nefc overflow - please increase njmax to 84
nefc overflow - please increase njmax to 84
nefc overflow - please increase njmax to 84
nefc overflow - please increase njmax to 84
nefc overflow - please increase njmax to 84
nefc overflow - please increase njmax to 84
nefc overflow - please increase njmax to 84
nefc overflow - please increase njmax to 84
nefc overflow - please increase njmax to 84
nefc overflow - please increase njmax to 84
nefc overflow - please increase njmax to 84
nefc overflow - please increase njmax to 84
nefc overflow - please increase njmax to 84
nefc overflow - please increase njmax to 84
nefc overflow - please increase njmax to 84
nefc overflow - please increase njmax to 84
nefc overflow - please increase njmax to 84
nefc overflow - please increase njmax to 84
nefc overflow - please increase njmax to 84
nefc overflow - please increase njmax to 84
nefc overflow - please increase njmax to 84
nefc overflow - please increase njmax to 84
nefc overflow - please increase njmax to 84
nefc overflow - please increase njmax to 84
nefc overflow - please increase njmax to 84
nefc overflow - please increase njmax to 84
nefc overflow - please increase njmax to 84
nefc overflow - please increase njmax to 84
nefc overflow - please increase njmax to 84
nefc overflow - please increase njmax to 84
nefc overflow - please increase njmax to 84
nefc overflow - please increase njmax to 84
nefc overflow - please increase njmax to 84
nefc overflow - please increase njmax to 84
nefc overflow - please increase njmax to 84
nefc overflow - please increase njmax to 84
nefc overflow - please increase njmax to 84
nefc overflow - please increase njmax to 84
nefc overflow - please increase njmax to 84
nefc overflow - please increase njmax to 84
nefc overflow - please increase njmax to 84
nefc overflow - please increase njmax to 84
nefc overflow - please increase njmax to 84
nefc overflow - please increase njmax to 84
nefc overflow - please increase njmax to 84
nefc overflow - please increase njmax to 84
nefc overflow - please increase njmax to 84
nefc overflow - please increase njmax to 84
nefc overflow - please increase njmax to 84
nefc overflow - please increase njmax to 84
nefc overflow - please increase njmax to 84
nefc overflow - please increase njmax to 84
nefc overflow - please increase njmax to 84
nefc overflow - please increase njmax to 84
nefc overflow - please increase njmax to 84
nefc overflow - please increase njmax to 84
nefc overflow - please increase njmax to 84
nefc overflow - please increase njmax to 84
nefc overflow - please increase njmax to 84
nefc overflow - please increase njmax to 84
nefc overflow - please increase njmax to 84
nefc overflow - please increase njmax to 84
nefc overflow - please increase njmax to 84
nefc overflow - please increase njmax to 84
nefc overflow - please increase njmax to 84
nefc overflow - please increase njmax to 84
nefc overflow - please increase njmax to 84
nefc overflow - please increase njmax to 84
nefc overflow - please increase njmax to 84
nefc overflow - please increase njmax to 84
nefc overflow - please increase njmax to 84
nefc overflow - please increase njmax to 84
nefc overflow - please increase njmax to 84
nefc overflow - please increase njmax to 84
nefc overflow - please increase njmax to 84
nefc overflow - please increase njmax to 84
nefc overflow - please increase njmax to 84
nefc overflow - please increase njmax to 84
nefc overflow - please increase njmax to 80
nefc overflow - please increase njmax to 80
nefc overflow - please increase njmax to 80
nefc overflow - please increase njmax to 80
nefc overflow - please increase njmax to 80
nefc overflow - please increase njmax to 80
nefc overflow - please increase njmax to 80
nefc overflow - please increase njmax to 80
nefc overflow - please increase njmax to 80
nefc overflow - please increase njmax to 80
nefc overflow - please increase njmax to 80
nefc overflow - please increase njmax to 80
nefc overflow - please increase njmax to 80
nefc overflow - please increase njmax to 80
nefc overflow - please increase njmax to 80
nefc overflow - please increase njmax to 80
nefc overflow - please increase njmax to 80
nefc overflow - please increase njmax to 80
nefc overflow - please increase njmax to 80
nefc overflow - please increase njmax to 76
nefc overflow - please increase njmax to 76
nefc overflow - please increase njmax to 76
nefc overflow - please increase njmax to 76
nefc overflow - please increase njmax to 76
nefc overflow - please increase njmax to 76
nefc overflow - please increase njmax to 76
nefc overflow - please increase njmax to 76
nefc overflow - please increase njmax to 76
nefc overflow - please increase njmax to 76
nefc overflow - please increase njmax to 76
nefc overflow - please increase njmax to 76
nefc overflow - please increase njmax to 76
nefc overflow - please increase njmax to 76
nefc overflow - please increase njmax to 76
nefc overflow - please increase njmax to 76
nefc overflow - please increase njmax to 76
nefc overflow - please increase njmax to 76
nefc overflow - please increase njmax to 76
nefc overflow - please increase njmax to 76
nefc overflow - please increase njmax to 76
nefc overflow - please increase njmax to 76
nefc overflow - please increase njmax to 76
nefc overflow - please increase njmax to 76
nefc overflow - please increase njmax to 76
nefc overflow - please increase njmax to 76
nefc overflow - please increase njmax to 76
nefc overflow - please increase njmax to 76
nefc overflow - please increase njmax to 76
nefc overflow - please increase njmax to 76
nefc overflow - please increase njmax to 76
nefc overflow - please increase njmax to 76
nefc overflow - please increase njmax to 76
nefc overflow - please increase njmax to 76
nefc overflow - please increase njmax to 76
nefc overflow - please increase njmax to 76
nefc overflow - please increase njmax to 76
nefc overflow - please increase njmax to 76
nefc overflow - please increase njmax to 76
nefc overflow - please increase njmax to 76
nefc overflow - please increase njmax to 76
nefc overflow - please increase njmax to 76
nefc overflow - please increase njmax to 76
nefc overflow - please increase njmax to 76
nefc overflow - please increase njmax to 76
nefc overflow - please increase njmax to 76
nefc overflow - please increase njmax to 76
nefc overflow - please increase njmax to 76
nefc overflow - please increase njmax to 76
nefc overflow - please increase njmax to 76
nefc overflow - please increase njmax to 76
nefc overflow - please increase njmax to 76
nefc overflow - please increase njmax to 76
nefc overflow - please increase njmax to 76
nefc overflow - please increase njmax to 76
nefc overflow - please increase njmax to 76
nefc overflow - please increase njmax to 76
nefc overflow - please increase njmax to 76
nefc overflow - please increase njmax to 76
nefc overflow - please increase njmax to 76
nefc overflow - please increase njmax to 76
nefc overflow - please increase njmax to 76
nefc overflow - please increase njmax to 76
nefc overflow - please increase njmax to 76
nefc overflow - please increase njmax to 76
nefc overflow - please increase njmax to 76
nefc overflow - please increase njmax to 76
nefc overflow - please increase njmax to 76
nefc overflow - please increase njmax to 76
nefc overflow - please increase njmax to 76
nefc overflow - please increase njmax to 76
nefc overflow - please increase njmax to 76
nefc overflow - please increase njmax to 76
nefc overflow - please increase njmax to 76
nefc overflow - please increase njmax to 76
nefc overflow - please increase njmax to 76
nefc overflow - please increase njmax to 76
nefc overflow - please increase njmax to 76
nefc overflow - please increase njmax to 76
nefc overflow - please increase njmax to 76
nefc overflow - please increase njmax to 76
nefc overflow - please increase njmax to 76
nefc overflow - please increase njmax to 76
nefc overflow - please increase njmax to 76
nefc overflow - please increase njmax to 76
nefc overflow - please increase njmax to 76
nefc overflow - please increase njmax to 76
nefc overflow - please increase njmax to 76
nefc overflow - please increase njmax to 76
nefc overflow - please increase njmax to 76
nefc overflow - please increase njmax to 76
nefc overflow - please increase njmax to 76
nefc overflow - please increase njmax to 76
nefc overflow - please increase njmax to 76
nefc overflow - please increase njmax to 76
nefc overflow - please increase njmax to 76
nefc overflow - please increase njmax to 76
nefc overflow - please increase njmax to 76
nefc overflow - please increase njmax to 76
nefc overflow - please increase njmax to 76
nefc overflow - please increase njmax to 76
nefc overflow - please increase njmax to 76
nefc overflow - please increase njmax to 76
nefc overflow - please increase njmax to 76
nefc overflow - please increase njmax to 76
nefc overflow - please increase njmax to 76
nefc overflow - please increase njmax to 76
nefc overflow - please increase njmax to 76
nefc overflow - please increase njmax to 76
nefc overflow - please increase njmax to 76
nefc overflow - please increase njmax to 76
nefc overflow - please increase njmax to 76
nefc overflow - please increase njmax to 76
nefc overflow - please increase njmax to 76
nefc overflow - please increase njmax to 76
nefc overflow - please increase njmax to 76
nefc overflow - please increase njmax to 76
nefc overflow - please increase njmax to 76
nefc overflow - please increase njmax to 76
nefc overflow - please increase njmax to 76
nefc overflow - please increase njmax to 76
nefc overflow - please increase njmax to 76
nefc overflow - please increase njmax to 76
nefc overflow - please increase njmax to 76
nefc overflow - please increase njmax to 76
nefc overflow - please increase njmax to 76
nefc overflow - please increase njmax to 80
nefc overflow - please increase njmax to 84
nefc overflow - please increase njmax to 84
nefc overflow - please increase njmax to 84
nefc overflow - please increase njmax to 84
nefc overflow - please increase njmax to 84
nefc overflow - please increase njmax to 84
nefc overflow - please increase njmax to 84
nefc overflow - please increase njmax to 84
nefc overflow - please increase njmax to 84
nefc overflow - please increase njmax to 84
nefc overflow - please increase njmax to 84
nefc overflow - please increase njmax to 84
nefc overflow - please increase njmax to 84
nefc overflow - please increase njmax to 84
nefc overflow - please increase njmax to 84
nefc overflow - please increase njmax to 84
nefc overflow - please increase njmax to 84
nefc overflow - please increase njmax to 84
nefc overflow - please increase njmax to 84
nefc overflow - please increase njmax to 84
nefc overflow - please increase njmax to 84
nefc overflow - please increase njmax to 84
nefc overflow - please increase njmax to 84
nefc overflow - please increase njmax to 84
nefc overflow - please increase njmax to 84
nefc overflow - please increase njmax to 84
nefc overflow - please increase njmax to 84
nefc overflow - please increase njmax to 84
nefc overflow - please increase njmax to 84
nefc overflow - please increase njmax to 84
nefc overflow - please increase njmax to 84
nefc overflow - please increase njmax to 84
nefc overflow - please increase njmax to 84
nefc overflow - please increase njmax to 84
nefc overflow - please increase njmax to 84
nefc overflow - please increase njmax to 84
nefc overflow - please increase njmax to 84
nefc overflow - please increase njmax to 84
nefc overflow - please increase njmax to 84
nefc overflow - please increase njmax to 84
nefc overflow - please increase njmax to 84
nefc overflow - please increase njmax to 84
nefc overflow - please increase njmax to 84
nefc overflow - please increase njmax to 84
nefc overflow - please increase njmax to 84
nefc overflow - please increase njmax to 84
nefc overflow - please increase njmax to 84
nefc overflow - please increase njmax to 84
nefc overflow - please increase njmax to 84
nefc overflow - please increase njmax to 84
nefc overflow - please increase njmax to 84
nefc overflow - please increase njmax to 84
nefc overflow - please increase njmax to 84
nefc overflow - please increase njmax to 84
nefc overflow - please increase njmax to 84
nefc overflow - please increase njmax to 84
nefc overflow - please increase njmax to 84
nefc overflow - please increase njmax to 84
nefc overflow - please increase njmax to 84
nefc overflow - please increase njmax to 84
nefc overflow - please increase njmax to 84
nefc overflow - please increase njmax to 84
nefc overflow - please increase njmax to 84
nefc overflow - please increase njmax to 84
nefc overflow - please increase njmax to 84
nefc overflow - please increase njmax to 84
nefc overflow - please increase njmax to 84
nefc overflow - please increase njmax to 84
nefc overflow - please increase njmax to 84
nefc overflow - please increase njmax to 84
nefc overflow - please increase njmax to 84
nefc overflow - please increase njmax to 84
nefc overflow - please increase njmax to 84
nefc overflow - please increase njmax to 84
nefc overflow - please increase njmax to 84
nefc overflow - please increase njmax to 84
nefc overflow - please increase njmax to 84
nefc overflow - please increase njmax to 84
nefc overflow - please increase njmax to 84
nefc overflow - please increase njmax to 84
nefc overflow - please increase njmax to 84
nefc overflow - please increase njmax to 84
nefc overflow - please increase njmax to 84
nefc overflow - please increase njmax to 84
nefc overflow - please increase njmax to 84
nefc overflow - please increase njmax to 84
nefc overflow - please increase njmax to 84
nefc overflow - please increase njmax to 84
nefc overflow - please increase njmax to 84
nefc overflow - please increase njmax to 84
nefc overflow - please increase njmax to 84
nefc overflow - please increase njmax to 84
nefc overflow - please increase njmax to 84
nefc overflow - please increase njmax to 84
nefc overflow - please increase njmax to 84
nefc overflow - please increase njmax to 84
nefc overflow - please increase njmax to 84
nefc overflow - please increase njmax to 84
nefc overflow - please increase njmax to 84
nefc overflow - please increase njmax to 84
nefc overflow - please increase njmax to 84
nefc overflow - please increase njmax to 84
nefc overflow - please increase njmax to 84
nefc overflow - please increase njmax to 84
nefc overflow - please increase njmax to 84
nefc overflow - please increase njmax to 84
nefc overflow - please increase njmax to 84
nefc overflow - please increase njmax to 84
nefc overflow - please increase njmax to 84
nefc overflow - please increase njmax to 84
nefc overflow - please increase njmax to 84
nefc overflow - please increase njmax to 84
nefc overflow - please increase njmax to 84
nefc overflow - please increase njmax to 84
nefc overflow - please increase njmax to 84
nefc overflow - please increase njmax to 84
nefc overflow - please increase njmax to 84
nefc overflow - please increase njmax to 84
nefc overflow - please increase njmax to 84
nefc overflow - please increase njmax to 84
nefc overflow - please increase njmax to 84
nefc overflow - please increase njmax to 84
nefc overflow - please increase njmax to 84
nefc overflow - please increase njmax to 84
nefc overflow - please increase njmax to 84
nefc overflow - please increase njmax to 84
nefc overflow - please increase njmax to 84
nefc overflow - please increase njmax to 84
nefc overflow - please increase njmax to 84
nefc overflow - please increase njmax to 84
nefc overflow - please increase njmax to 84
nefc overflow - please increase njmax to 84
nefc overflow - please increase njmax to 84
nefc overflow - please increase njmax to 84
nefc overflow - please increase njmax to 84
nefc overflow - please increase njmax to 84
nefc overflow - please increase njmax to 84
nefc overflow - please increase njmax to 84
nefc overflow - please increase njmax to 84
nefc overflow - please increase njmax to 84
nefc overflow - please increase njmax to 84
nefc overflow - please increase njmax to 84
nefc overflow - please increase njmax to 84
nefc overflow - please increase njmax to 84
nefc overflow - please increase njmax to 84
nefc overflow - please increase njmax to 84
nefc overflow - please increase njmax to 84
nefc overflow - please increase njmax to 84
nefc overflow - please increase njmax to 84
nefc overflow - please increase njmax to 84
nefc overflow - please increase njmax to 84
nefc overflow - please increase njmax to 84
nefc overflow - please increase njmax to 84
nefc overflow - please increase njmax to 84
nefc overflow - please increase njmax to 84
nefc overflow - please increase njmax to 84
nefc overflow - please increase njmax to 84
nefc overflow - please increase njmax to 84
nefc overflow - please increase njmax to 84
nefc overflow - please increase njmax to 84
nefc overflow - please increase njmax to 84
nefc overflow - please increase njmax to 84
nefc overflow - please increase njmax to 84
nefc overflow - please increase njmax to 84
nefc overflow - please increase njmax to 84
nefc overflow - please increase njmax to 84
nefc overflow - please increase njmax to 84
nefc overflow - please increase njmax to 84
nefc overflow - please increase njmax to 84
nefc overflow - please increase njmax to 84
nefc overflow - please increase njmax to 84
nefc overflow - please increase njmax to 84
nefc overflow - please increase njmax to 84
nefc overflow - please increase njmax to 84
nefc overflow - please increase njmax to 84
nefc overflow - please increase njmax to 84
nefc overflow - please increase njmax to 84
nefc overflow - please increase njmax to 84
nefc overflow - please increase njmax to 84
nefc overflow - please increase njmax to 84
nefc overflow - please increase njmax to 84
nefc overflow - please increase njmax to 84
nefc overflow - please increase njmax to 84
nefc overflow - please increase njmax to 84
nefc overflow - please increase njmax to 84
nefc overflow - please increase njmax to 84
nefc overflow - please increase njmax to 84
nefc overflow - please increase njmax to 84
nefc overflow - please increase njmax to 84
nefc overflow - please increase njmax to 84
nefc overflow - please increase njmax to 84
nefc overflow - please increase njmax to 84
nefc overflow - please increase njmax to 84
nefc overflow - please increase njmax to 84
nefc overflow - please increase njmax to 84
nefc overflow - please increase njmax to 84
nefc overflow - please increase njmax to 84
nefc overflow - please increase njmax to 84
nefc overflow - please increase njmax to 84
nefc overflow - please increase njmax to 84
nefc overflow - please increase njmax to 84
nefc overflow - please increase njmax to 84
nefc overflow - please increase njmax to 84
nefc overflow - please increase njmax to 84
nefc overflow - please increase njmax to 84
nefc overflow - please increase njmax to 84
nefc overflow - please increase njmax to 84
nefc overflow - please increase njmax to 84
nefc overflow - please increase njmax to 84
nefc overflow - please increase njmax to 84
nefc overflow - please increase njmax to 84
nefc overflow - please increase njmax to 84
nefc overflow - please increase njmax to 84
nefc overflow - please increase njmax to 84
nefc overflow - please increase njmax to 84
nefc overflow - please increase njmax to 84
nefc overflow - please increase njmax to 84
nefc overflow - please increase njmax to 84
nefc overflow - please increase njmax to 84
nefc overflow - please increase njmax to 84
nefc overflow - please increase njmax to 84
nefc overflow - please increase njmax to 84
nefc overflow - please increase njmax to 84
nefc overflow - please increase njmax to 84
nefc overflow - please increase njmax to 84
nefc overflow - please increase njmax to 84
nefc overflow - please increase njmax to 84
nefc overflow - please increase njmax to 84
nefc overflow - please increase njmax to 84
nefc overflow - please increase njmax to 84
nefc overflow - please increase njmax to 84
nefc overflow - please increase njmax to 84
nefc overflow - please increase njmax to 68
nefc overflow - please increase njmax to 68
nefc overflow - please increase njmax to 68
nefc overflow - please increase njmax to 68
nefc overflow - please increase njmax to 72
nefc overflow - please increase njmax to 72
nefc overflow - please increase njmax to 76
nefc overflow - please increase njmax to 76
nefc overflow - please increase njmax to 76
nefc overflow - please increase njmax to 76
nefc overflow - please increase njmax to 80
nefc overflow - please increase njmax to 80
nefc overflow - please increase njmax to 80
nefc overflow - please increase njmax to 80
nefc overflow - please increase njmax to 80
nefc overflow - please increase njmax to 80
nefc overflow - please increase njmax to 80
nefc overflow - please increase njmax to 80
nefc overflow - please increase njmax to 80
nefc overflow - please increase njmax to 80
nefc overflow - please increase njmax to 80
nefc overflow - please increase njmax to 80
nefc overflow - please increase njmax to 80
nefc overflow - please increase njmax to 76
nefc overflow - please increase njmax to 76
nefc overflow - please increase njmax to 76
nefc overflow - please increase njmax to 76
nefc overflow - please increase njmax to 76
nefc overflow - please increase njmax to 76
nefc overflow - please increase njmax to 76
nefc overflow - please increase njmax to 76
nefc overflow - please increase njmax to 76
nefc overflow - please increase njmax to 76
nefc overflow - please increase njmax to 76
nefc overflow - please increase njmax to 76
nefc overflow - please increase njmax to 76
nefc overflow - please increase njmax to 76
nefc overflow - please increase njmax to 76
nefc overflow - please increase njmax to 76
nefc overflow - please increase njmax to 76
nefc overflow - please increase njmax to 76
nefc overflow - please increase njmax to 76
nefc overflow - please increase njmax to 76
nefc overflow - please increase njmax to 76
nefc overflow - please increase njmax to 76
nefc overflow - please increase njmax to 76
nefc overflow - please increase njmax to 76
nefc overflow - please increase njmax to 76
nefc overflow - please increase njmax to 76
nefc overflow - please increase njmax to 76
nefc overflow - please increase njmax to 76
nefc overflow - please increase njmax to 76
nefc overflow - please increase njmax to 76
nefc overflow - please increase njmax to 76
nefc overflow - please increase njmax to 76
nefc overflow - please increase njmax to 76
nefc overflow - please increase njmax to 76
nefc overflow - please increase njmax to 76
nefc overflow - please increase njmax to 76
nefc overflow - please increase njmax to 76
nefc overflow - please increase njmax to 76
nefc overflow - please increase njmax to 76
nefc overflow - please increase njmax to 76
nefc overflow - please increase njmax to 76
nefc overflow - please increase njmax to 76
nefc overflow - please increase njmax to 76
nefc overflow - please increase njmax to 76
nefc overflow - please increase njmax to 76
nefc overflow - please increase njmax to 76
nefc overflow - please increase njmax to 76
nefc overflow - please increase njmax to 76
nefc overflow - please increase njmax to 76
nefc overflow - please increase njmax to 76
nefc overflow - please increase njmax to 76
nefc overflow - please increase njmax to 76
nefc overflow - please increase njmax to 76
nefc overflow - please increase njmax to 76
nefc overflow - please increase njmax to 76
nefc overflow - please increase njmax to 76
nefc overflow - please increase njmax to 76
nefc overflow - please increase njmax to 76
nefc overflow - please increase njmax to 76
nefc overflow - please increase njmax to 76
nefc overflow - please increase njmax to 76
nefc overflow - please increase njmax to 76
nefc overflow - please increase njmax to 76
nefc overflow - please increase njmax to 76
nefc overflow - please increase njmax to 76
nefc overflow - please increase njmax to 76
nefc overflow - please increase njmax to 76
nefc overflow - please increase njmax to 76
nefc overflow - please increase njmax to 76
nefc overflow - please increase njmax to 76
nefc overflow - please increase njmax to 76
nefc overflow - please increase njmax to 76
nefc overflow - please increase njmax to 76
nefc overflow - please increase njmax to 76
nefc overflow - please increase njmax to 76
nefc overflow - please increase njmax to 76
nefc overflow - please increase njmax to 76
nefc overflow - please increase njmax to 76
nefc overflow - please increase njmax to 76
nefc overflow - please increase njmax to 76
nefc overflow - please increase njmax to 76
nefc overflow - please increase njmax to 76
nefc overflow - please increase njmax to 76
nefc overflow - please increase njmax to 76
nefc overflow - please increase njmax to 76
nefc overflow - please increase njmax to 76
nefc overflow - please increase njmax to 76
nefc overflow - please increase njmax to 76
nefc overflow - please increase njmax to 76
nefc overflow - please increase njmax to 76
nefc overflow - please increase njmax to 76
nefc overflow - please increase njmax to 76
nefc overflow - please increase njmax to 76
nefc overflow - please increase njmax to 76
nefc overflow - please increase njmax to 76
nefc overflow - please increase njmax to 76
nefc overflow - please increase njmax to 76
nefc overflow - please increase njmax to 76
nefc overflow - please increase njmax to 76
nefc overflow - please increase njmax to 76
nefc overflow - please increase njmax to 76
nefc overflow - please increase njmax to 76
nefc overflow - please increase njmax to 76
nefc overflow - please increase njmax to 76
nefc overflow - please increase njmax to 76
nefc overflow - please increase njmax to 76
nefc overflow - please increase njmax to 76
nefc overflow - please increase njmax to 76
nefc overflow - please increase njmax to 76
nefc overflow - please increase njmax to 76
nefc overflow - please increase njmax to 76
nefc overflow - please increase njmax to 76
nefc overflow - please increase njmax to 76
nefc overflow - please increase njmax to 76
nefc overflow - please increase njmax to 76
nefc overflow - please increase njmax to 76
nefc overflow - please increase njmax to 76
nefc overflow - please increase njmax to 76
nefc overflow - please increase njmax to 76
nefc overflow - please increase njmax to 76
nefc overflow - please increase njmax to 76
nefc overflow - please increase njmax to 76
nefc overflow - please increase njmax to 76
nefc overflow - please increase njmax to 76
nefc overflow - please increase njmax to 76
nefc overflow - please increase njmax to 76
nefc overflow - please increase njmax to 76
nefc overflow - please increase njmax to 76
nefc overflow - please increase njmax to 76
nefc overflow - please increase njmax to 76
nefc overflow - please increase njmax to 76
nefc overflow - please increase njmax to 76
nefc overflow - please increase njmax to 76
nefc overflow - please increase njmax to 76
nefc overflow - please increase njmax to 76
nefc overflow - please increase njmax to 76
nefc overflow - please increase njmax to 76
nefc overflow - please increase njmax to 76
nefc overflow - please increase njmax to 76
nefc overflow - please increase njmax to 76
nefc overflow - please increase njmax to 76
nefc overflow - please increase njmax to 76
nefc overflow - please increase njmax to 76
nefc overflow - please increase njmax to 76
nefc overflow - please increase njmax to 76
nefc overflow - please increase njmax to 76
nefc overflow - please increase njmax to 76
nefc overflow - please increase njmax to 76
nefc overflow - please increase njmax to 76
nefc overflow - please increase njmax to 76
nefc overflow - please increase njmax to 76
nefc overflow - please increase njmax to 76
nefc overflow - please increase njmax to 76
nefc overflow - please increase njmax to 76
nefc overflow - please increase njmax to 76
nefc overflow - please increase njmax to 76
nefc overflow - please increase njmax to 76
nefc overflow - please increase njmax to 76
nefc overflow - please increase njmax to 76
nefc overflow - please increase njmax to 76
nefc overflow - please increase njmax to 72
nefc overflow - please increase njmax to 72
nefc overflow - please increase njmax to 72
nefc overflow - please increase njmax to 72
nefc overflow - please increase njmax to 72
nefc overflow - please increase njmax to 72
nefc overflow - please increase njmax to 72
nefc overflow - please increase njmax to 72
nefc overflow - please increase njmax to 72
nefc overflow - please increase njmax to 72
nefc overflow - please increase njmax to 72
nefc overflow - please increase njmax to 72
nefc overflow - please increase njmax to 72
nefc overflow - please increase njmax to 72
nefc overflow - please increase njmax to 72
nefc overflow - please increase njmax to 72
nefc overflow - please increase njmax to 72
nefc overflow - please increase njmax to 72
nefc overflow - please increase njmax to 72
nefc overflow - please increase njmax to 72
nefc overflow - please increase njmax to 72
nefc overflow - please increase njmax to 72
nefc overflow - please increase njmax to 72
nefc overflow - please increase njmax to 72
nefc overflow - please increase njmax to 72
nefc overflow - please increase njmax to 72
nefc overflow - please increase njmax to 72
nefc overflow - please increase njmax to 72
nefc overflow - please increase njmax to 72
nefc overflow - please increase njmax to 72
nefc overflow - please increase njmax to 72
nefc overflow - please increase njmax to 72
nefc overflow - please increase njmax to 72
nefc overflow - please increase njmax to 72
nefc overflow - please increase njmax to 72
nefc overflow - please increase njmax to 72
nefc overflow - please increase njmax to 72
nefc overflow - please increase njmax to 72
nefc overflow - please increase njmax to 72
nefc overflow - please increase njmax to 72
nefc overflow - please increase njmax to 72
nefc overflow - please increase njmax to 72
nefc overflow - please increase njmax to 72
nefc overflow - please increase njmax to 72
nefc overflow - please increase njmax to 72
nefc overflow - please increase njmax to 72
nefc overflow - please increase njmax to 72
nefc overflow - please increase njmax to 72
nefc overflow - please increase njmax to 72
nefc overflow - please increase njmax to 72
nefc overflow - please increase njmax to 72
nefc overflow - please increase njmax to 72
nefc overflow - please increase njmax to 72
nefc overflow - please increase njmax to 72
nefc overflow - please increase njmax to 72
nefc overflow - please increase njmax to 84
nefc overflow - please increase njmax to 84
nefc overflow - please increase njmax to 84
nefc overflow - please increase njmax to 84
nefc overflow - please increase njmax to 84
nefc overflow - please increase njmax to 84
nefc overflow - please increase njmax to 84
nefc overflow - please increase njmax to 84
nefc overflow - please increase njmax to 84
nefc overflow - please increase njmax to 84
nefc overflow - please increase njmax to 84
nefc overflow - please increase njmax to 84
nefc overflow - please increase njmax to 84
nefc overflow - please increase njmax to 84
nefc overflow - please increase njmax to 84
nefc overflow - please increase njmax to 84
nefc overflow - please increase njmax to 84
nefc overflow - please increase njmax to 84
nefc overflow - please increase njmax to 84
nefc overflow - please increase njmax to 84
nefc overflow - please increase njmax to 84
nefc overflow - please increase njmax to 84
nefc overflow - please increase njmax to 84
nefc overflow - please increase njmax to 84
nefc overflow - please increase njmax to 84
nefc overflow - please increase njmax to 84
nefc overflow - please increase njmax to 84
nefc overflow - please increase njmax to 84
nefc overflow - please increase njmax to 84
nefc overflow - please increase njmax to 84
nefc overflow - please increase njmax to 84
nefc overflow - please increase njmax to 84
nefc overflow - please increase njmax to 84
nefc overflow - please increase njmax to 84
nefc overflow - please increase njmax to 84
nefc overflow - please increase njmax to 84
nefc overflow - please increase njmax to 84
nefc overflow - please increase njmax to 84
nefc overflow - please increase njmax to 84
nefc overflow - please increase njmax to 84
nefc overflow - please increase njmax to 84
nefc overflow - please increase njmax to 84
nefc overflow - please increase njmax to 84
nefc overflow - please increase njmax to 84
nefc overflow - please increase njmax to 84
nefc overflow - please increase njmax to 84
nefc overflow - please increase njmax to 84
nefc overflow - please increase njmax to 84
nefc overflow - please increase njmax to 84
nefc overflow - please increase njmax to 84
nefc overflow - please increase njmax to 84
nefc overflow - please increase njmax to 84
nefc overflow - please increase njmax to 84
nefc overflow - please increase njmax to 84
nefc overflow - please increase njmax to 84
nefc overflow - please increase njmax to 84
nefc overflow - please increase njmax to 84
nefc overflow - please increase njmax to 84
nefc overflow - please increase njmax to 84
nefc overflow - please increase njmax to 84
nefc overflow - please increase njmax to 84
nefc overflow - please increase njmax to 84
nefc overflow - please increase njmax to 84
nefc overflow - please increase njmax to 84
nefc overflow - please increase njmax to 84
nefc overflow - please increase njmax to 84
nefc overflow - please increase njmax to 84
nefc overflow - please increase njmax to 84
nefc overflow - please increase njmax to 84
nefc overflow - please increase njmax to 84
nefc overflow - please increase njmax to 84
nefc overflow - please increase njmax to 84
nefc overflow - please increase njmax to 84
nefc overflow - please increase njmax to 84
nefc overflow - please increase njmax to 84
nefc overflow - please increase njmax to 84
nefc overflow - please increase njmax to 84
nefc overflow - please increase njmax to 84
nefc overflow - please increase njmax to 84
nefc overflow - please increase njmax to 84
nefc overflow - please increase njmax to 84
nefc overflow - please increase njmax to 84
nefc overflow - please increase njmax to 84
nefc overflow - please increase njmax to 84
nefc overflow - please increase njmax to 84
nefc overflow - please increase njmax to 84
nefc overflow - please increase njmax to 84
nefc overflow - please increase njmax to 84
nefc overflow - please increase njmax to 84
nefc overflow - please increase njmax to 84
nefc overflow - please increase njmax to 84
nefc overflow - please increase njmax to 84
nefc overflow - please increase njmax to 84
nefc overflow - please increase njmax to 84
nefc overflow - please increase njmax to 84
nefc overflow - please increase njmax to 84
nefc overflow - please increase njmax to 84
nefc overflow - please increase njmax to 84
nefc overflow - please increase njmax to 84
nefc overflow - please increase njmax to 84
nefc overflow - please increase njmax to 84
nefc overflow - please increase njmax to 84
nefc overflow - please increase njmax to 84
nefc overflow - please increase njmax to 84
nefc overflow - please increase njmax to 84
nefc overflow - please increase njmax to 84
nefc overflow - please increase njmax to 84
nefc overflow - please increase njmax to 84
nefc overflow - please increase njmax to 84
nefc overflow - please increase njmax to 84
nefc overflow - please increase njmax to 84
nefc overflow - please increase njmax to 84
nefc overflow - please increase njmax to 84
nefc overflow - please increase njmax to 84
nefc overflow - please increase njmax to 84
nefc overflow - please increase njmax to 84
nefc overflow - please increase njmax to 84
nefc overflow - please increase njmax to 84
nefc overflow - please increase njmax to 84
nefc overflow - please increase njmax to 84
nefc overflow - please increase njmax to 84
nefc overflow - please increase njmax to 84
nefc overflow - please increase njmax to 84
nefc overflow - please increase njmax to 84
nefc overflow - please increase njmax to 84
nefc overflow - please increase njmax to 84
nefc overflow - please increase njmax to 84
nefc overflow - please increase njmax to 84
nefc overflow - please increase njmax to 84
nefc overflow - please increase njmax to 84
nefc overflow - please increase njmax to 84
nefc overflow - please increase njmax to 84
nefc overflow - please increase njmax to 84
nefc overflow - please increase njmax to 84
nefc overflow - please increase njmax to 84
nefc overflow - please increase njmax to 84
nefc overflow - please increase njmax to 84
nefc overflow - please increase njmax to 84
nefc overflow - please increase njmax to 84
nefc overflow - please increase njmax to 84
nefc overflow - please increase njmax to 84
nefc overflow - please increase njmax to 84
nefc overflow - please increase njmax to 84
nefc overflow - please increase njmax to 84
nefc overflow - please increase njmax to 84
nefc overflow - please increase njmax to 84
nefc overflow - please increase njmax to 84
nefc overflow - please increase njmax to 84
nefc overflow - please increase njmax to 84
nefc overflow - please increase njmax to 84
nefc overflow - please increase njmax to 84
nefc overflow - please increase njmax to 84
nefc overflow - please increase njmax to 84
nefc overflow - please increase njmax to 84
nefc overflow - please increase njmax to 84
nefc overflow - please increase njmax to 84
nefc overflow - please increase njmax to 84
nefc overflow - please increase njmax to 84
nefc overflow - please increase njmax to 84
nefc overflow - please increase njmax to 84
nefc overflow - please increase njmax to 84
nefc overflow - please increase njmax to 84
nefc overflow - please increase njmax to 84
nefc overflow - please increase njmax to 84
nefc overflow - please increase njmax to 84
nefc overflow - please increase njmax to 84
nefc overflow - please increase njmax to 84
nefc overflow - please increase njmax to 84
nefc overflow - please increase njmax to 84
nefc overflow - please increase njmax to 84
nefc overflow - please increase njmax to 84
nefc overflow - please increase njmax to 84
nefc overflow - please increase njmax to 84
nefc overflow - please increase njmax to 84
nefc overflow - please increase njmax to 84
nefc overflow - please increase njmax to 84
nefc overflow - please increase njmax to 84
nefc overflow - please increase njmax to 84
nefc overflow - please increase njmax to 84
nefc overflow - please increase njmax to 84
nefc overflow - please increase njmax to 84
nefc overflow - please increase njmax to 84
nefc overflow - please increase njmax to 84
nefc overflow - please increase njmax to 84
nefc overflow - please increase njmax to 84
nefc overflow - please increase njmax to 84
nefc overflow - please increase njmax to 84
nefc overflow - please increase njmax to 84
nefc overflow - please increase njmax to 84
nefc overflow - please increase njmax to 84
nefc overflow - please increase njmax to 84
nefc overflow - please increase njmax to 84
nefc overflow - please increase njmax to 84
nefc overflow - please increase njmax to 84
nefc overflow - please increase njmax to 84
nefc overflow - please increase njmax to 84
nefc overflow - please increase njmax to 84
nefc overflow - please increase njmax to 84
nefc overflow - please increase njmax to 84
nefc overflow - please increase njmax to 84
nefc overflow - please increase njmax to 84
nefc overflow - please increase njmax to 84
nefc overflow - please increase njmax to 84
nefc overflow - please increase njmax to 84
nefc overflow - please increase njmax to 84
nefc overflow - please increase njmax to 84
nefc overflow - please increase njmax to 84
nefc overflow - please increase njmax to 84
nefc overflow - please increase njmax to 84
nefc overflow - please increase njmax to 84
nefc overflow - please increase njmax to 84
nefc overflow - please increase njmax to 84
nefc overflow - please increase njmax to 84
nefc overflow - please increase njmax to 84
nefc overflow - please increase njmax to 84
nefc overflow - please increase njmax to 84
nefc overflow - please increase njmax to 84
nefc overflow - please increase njmax to 84
nefc overflow - please increase njmax to 84
nefc overflow - please increase njmax to 84
nefc overflow - please increase njmax to 84
nefc overflow - please increase njmax to 84
nefc overflow - please increase njmax to 84
nefc overflow - please increase njmax to 84
nefc overflow - please increase njmax to 84
nefc overflow - please increase njmax to 84
nefc overflow - please increase njmax to 84
nefc overflow - please increase njmax to 84
nefc overflow - please increase njmax to 84
nefc overflow - please increase njmax to 84
nefc overflow - please increase njmax to 84
nefc overflow - please increase njmax to 84
nefc overflow - please increase njmax to 84
nefc overflow - please increase njmax to 84
nefc overflow - please increase njmax to 84
nefc overflow - please increase njmax to 84
nefc overflow - please increase njmax to 84
nefc overflow - please increase njmax to 84
nefc overflow - please increase njmax to 84
nefc overflow - please increase njmax to 84
nefc overflow - please increase njmax to 84
nefc overflow - please increase njmax to 68
nefc overflow - please increase njmax to 68
nefc overflow - please increase njmax to 72
nefc overflow - please increase njmax to 76
nefc overflow - please increase njmax to 76
nefc overflow - please increase njmax to 76
nefc overflow - please increase njmax to 80
nefc overflow - please increase njmax to 84
nefc overflow - please increase njmax to 84
nefc overflow - please increase njmax to 84
nefc overflow - please increase njmax to 84
nefc overflow - please increase njmax to 84
nefc overflow - please increase njmax to 84
nefc overflow - please increase njmax to 84
nefc overflow - please increase njmax to 84
nefc overflow - please increase njmax to 84
nefc overflow - please increase njmax to 84
nefc overflow - please increase njmax to 84
nefc overflow - please increase njmax to 84
nefc overflow - please increase njmax to 84
nefc overflow - please increase njmax to 84
nefc overflow - please increase njmax to 84
nefc overflow - please increase njmax to 80
nefc overflow - please increase njmax to 80
nefc overflow - please increase njmax to 80
nefc overflow - please increase njmax to 80
nefc overflow - please increase njmax to 80
nefc overflow - please increase njmax to 80
nefc overflow - please increase njmax to 80
nefc overflow - please increase njmax to 80
nefc overflow - please increase njmax to 80
nefc overflow - please increase njmax to 80
nefc overflow - please increase njmax to 76
nefc overflow - please increase njmax to 76
nefc overflow - please increase njmax to 76
nefc overflow - please increase njmax to 76
nefc overflow - please increase njmax to 76
nefc overflow - please increase njmax to 76
nefc overflow - please increase njmax to 76
nefc overflow - please increase njmax to 76
nefc overflow - please increase njmax to 76
nefc overflow - please increase njmax to 76
nefc overflow - please increase njmax to 76
nefc overflow - please increase njmax to 76
nefc overflow - please increase njmax to 76
nefc overflow - please increase njmax to 76
nefc overflow - please increase njmax to 76
nefc overflow - please increase njmax to 76
nefc overflow - please increase njmax to 76
nefc overflow - please increase njmax to 76
nefc overflow - please increase njmax to 76
nefc overflow - please increase njmax to 76
nefc overflow - please increase njmax to 76
nefc overflow - please increase njmax to 76
nefc overflow - please increase njmax to 76
nefc overflow - please increase njmax to 76
nefc overflow - please increase njmax to 76
nefc overflow - please increase njmax to 76
nefc overflow - please increase njmax to 76
nefc overflow - please increase njmax to 76
nefc overflow - please increase njmax to 76
nefc overflow - please increase njmax to 76
nefc overflow - please increase njmax to 76
nefc overflow - please increase njmax to 76
nefc overflow - please increase njmax to 76
nefc overflow - please increase njmax to 76
nefc overflow - please increase njmax to 76
nefc overflow - please increase njmax to 76
nefc overflow - please increase njmax to 76
nefc overflow - please increase njmax to 76
nefc overflow - please increase njmax to 76
nefc overflow - please increase njmax to 76
nefc overflow - please increase njmax to 76
nefc overflow - please increase njmax to 76
nefc overflow - please increase njmax to 76
nefc overflow - please increase njmax to 76
nefc overflow - please increase njmax to 76
nefc overflow - please increase njmax to 76
nefc overflow - please increase njmax to 76
nefc overflow - please increase njmax to 76
nefc overflow - please increase njmax to 76
nefc overflow - please increase njmax to 76
nefc overflow - please increase njmax to 76
nefc overflow - please increase njmax to 76
nefc overflow - please increase njmax to 76
nefc overflow - please increase njmax to 76
nefc overflow - please increase njmax to 76
nefc overflow - please increase njmax to 76
nefc overflow - please increase njmax to 76
nefc overflow - please increase njmax to 76
nefc overflow - please increase njmax to 76
nefc overflow - please increase njmax to 76
nefc overflow - please increase njmax to 76
nefc overflow - please increase njmax to 76
nefc overflow - please increase njmax to 76
nefc overflow - please increase njmax to 76
nefc overflow - please increase njmax to 76
nefc overflow - please increase njmax to 76
nefc overflow - please increase njmax to 76
nefc overflow - please increase njmax to 76
nefc overflow - please increase njmax to 76
nefc overflow - please increase njmax to 76
nefc overflow - please increase njmax to 76
nefc overflow - please increase njmax to 76
nefc overflow - please increase njmax to 76
nefc overflow - please increase njmax to 76
nefc overflow - please increase njmax to 76
nefc overflow - please increase njmax to 76
nefc overflow - please increase njmax to 76
nefc overflow - please increase njmax to 76
nefc overflow - please increase njmax to 76
nefc overflow - please increase njmax to 76
nefc overflow - please increase njmax to 76
nefc overflow - please increase njmax to 76
nefc overflow - please increase njmax to 76
nefc overflow - please increase njmax to 76
nefc overflow - please increase njmax to 76
nefc overflow - please increase njmax to 76
nefc overflow - please increase njmax to 76
nefc overflow - please increase njmax to 76
nefc overflow - please increase njmax to 76
nefc overflow - please increase njmax to 76
nefc overflow - please increase njmax to 76
nefc overflow - please increase njmax to 76
nefc overflow - please increase njmax to 76
nefc overflow - please increase njmax to 76
nefc overflow - please increase njmax to 76
nefc overflow - please increase njmax to 76
nefc overflow - please increase njmax to 76
nefc overflow - please increase njmax to 76
nefc overflow - please increase njmax to 76
nefc overflow - please increase njmax to 76
nefc overflow - please increase njmax to 76
nefc overflow - please increase njmax to 76
nefc overflow - please increase njmax to 76
nefc overflow - please increase njmax to 76
nefc overflow - please increase njmax to 76
nefc overflow - please increase njmax to 76
nefc overflow - please increase njmax to 76
nefc overflow - please increase njmax to 76
nefc overflow - please increase njmax to 76
nefc overflow - please increase njmax to 76
nefc overflow - please increase njmax to 76
nefc overflow - please increase njmax to 76
nefc overflow - please increase njmax to 76
nefc overflow - please increase njmax to 76
nefc overflow - please increase njmax to 76
nefc overflow - please increase njmax to 76
nefc overflow - please increase njmax to 76
nefc overflow - please increase njmax to 76
nefc overflow - please increase njmax to 76
nefc overflow - please increase njmax to 76
nefc overflow - please increase njmax to 76
nefc overflow - please increase njmax to 76
nefc overflow - please increase njmax to 76
nefc overflow - please increase njmax to 76
nefc overflow - please increase njmax to 76
nefc overflow - please increase njmax to 76
nefc overflow - please increase njmax to 76
nefc overflow - please increase njmax to 76
nefc overflow - please increase njmax to 76
nefc overflow - please increase njmax to 76
nefc overflow - please increase njmax to 76
nefc overflow - please increase njmax to 76
nefc overflow - please increase njmax to 76
nefc overflow - please increase njmax to 76
nefc overflow - please increase njmax to 76
nefc overflow - please increase njmax to 76
nefc overflow - please increase njmax to 76
nefc overflow - please increase njmax to 76
nefc overflow - please increase njmax to 76
nefc overflow - please increase njmax to 76
nefc overflow - please increase njmax to 76
nefc overflow - please increase njmax to 76
nefc overflow - please increase njmax to 76
nefc overflow - please increase njmax to 76
nefc overflow - please increase njmax to 76
nefc overflow - please increase njmax to 76
nefc overflow - please increase njmax to 76
nefc overflow - please increase njmax to 76
nefc overflow - please increase njmax to 76
nefc overflow - please increase njmax to 76
nefc overflow - please increase njmax to 76
nefc overflow - please increase njmax to 76
nefc overflow - please increase njmax to 76
nefc overflow - please increase njmax to 76
nefc overflow - please increase njmax to 76
nefc overflow - please increase njmax to 76
nefc overflow - please increase njmax to 76
nefc overflow - please increase njmax to 76
nefc overflow - please increase njmax to 76
nefc overflow - please increase njmax to 76
nefc overflow - please increase njmax to 76
nefc overflow - please increase njmax to 76
nefc overflow - please increase njmax to 76
nefc overflow - please increase njmax to 76
nefc overflow - please increase njmax to 76
nefc overflow - please increase njmax to 76
nefc overflow - please increase njmax to 76
nefc overflow - please increase njmax to 76
nefc overflow - please increase njmax to 76
nefc overflow - please increase njmax to 76
nefc overflow - please increase njmax to 76
nefc overflow - please increase njmax to 76
nefc overflow - please increase njmax to 76
nefc overflow - please increase njmax to 76
nefc overflow - please increase njmax to 76
nefc overflow - please increase njmax to 76
nefc overflow - please increase njmax to 76
nefc overflow - please increase njmax to 76
nefc overflow - please increase njmax to 76
nefc overflow - please increase njmax to 76
nefc overflow - please increase njmax to 76
nefc overflow - please increase njmax to 76
nefc overflow - please increase njmax to 76
nefc overflow - please increase njmax to 76
nefc overflow - please increase njmax to 76
nefc overflow - please increase njmax to 76
nefc overflow - please increase njmax to 76
nefc overflow - please increase njmax to 76
nefc overflow - please increase njmax to 76
nefc overflow - please increase njmax to 76
nefc overflow - please increase njmax to 76
nefc overflow - please increase njmax to 76
nefc overflow - please increase njmax to 76
nefc overflow - please increase njmax to 76
nefc overflow - please increase njmax to 76
nefc overflow - please increase njmax to 76
nefc overflow - please increase njmax to 76
nefc overflow - please increase njmax to 76
nefc overflow - please increase njmax to 76
nefc overflow - please increase njmax to 76
nefc overflow - please increase njmax to 76
nefc overflow - please increase njmax to 76
nefc overflow - please increase njmax to 76
nefc overflow - please increase njmax to 76
nefc overflow - please increase njmax to 68
nefc overflow - please increase njmax to 84
nefc overflow - please increase njmax to 84
nefc overflow - please increase njmax to 84
nefc overflow - please increase njmax to 84
nefc overflow - please increase njmax to 84
nefc overflow - please increase njmax to 84
nefc overflow - please increase njmax to 84
nefc overflow - please increase njmax to 84
nefc overflow - please increase njmax to 84
nefc overflow - please increase njmax to 84
nefc overflow - please increase njmax to 84
nefc overflow - please increase njmax to 84
nefc overflow - please increase njmax to 84
nefc overflow - please increase njmax to 84
nefc overflow - please increase njmax to 84
nefc overflow - please increase njmax to 84
nefc overflow - please increase njmax to 84
nefc overflow - please increase njmax to 84
nefc overflow - please increase njmax to 84
nefc overflow - please increase njmax to 84
nefc overflow - please increase njmax to 84
nefc overflow - please increase njmax to 84
nefc overflow - please increase njmax to 84
nefc overflow - please increase njmax to 84
nefc overflow - please increase njmax to 84
nefc overflow - please increase njmax to 84
nefc overflow - please increase njmax to 84
nefc overflow - please increase njmax to 84
nefc overflow - please increase njmax to 84
nefc overflow - please increase njmax to 84
nefc overflow - please increase njmax to 84
nefc overflow - please increase njmax to 84
nefc overflow - please increase njmax to 84
nefc overflow - please increase njmax to 84
nefc overflow - please increase njmax to 84
nefc overflow - please increase njmax to 84
nefc overflow - please increase njmax to 84
nefc overflow - please increase njmax to 84
nefc overflow - please increase njmax to 84
nefc overflow - please increase njmax to 84
nefc overflow - please increase njmax to 84
nefc overflow - please increase njmax to 84
nefc overflow - please increase njmax to 84
nefc overflow - please increase njmax to 84
nefc overflow - please increase njmax to 84
nefc overflow - please increase njmax to 84
nefc overflow - please increase njmax to 84
nefc overflow - please increase njmax to 84
nefc overflow - please increase njmax to 84
nefc overflow - please increase njmax to 84
nefc overflow - please increase njmax to 84
nefc overflow - please increase njmax to 84
nefc overflow - please increase njmax to 84
nefc overflow - please increase njmax to 84
nefc overflow - please increase njmax to 84
nefc overflow - please increase njmax to 84
nefc overflow - please increase njmax to 84
nefc overflow - please increase njmax to 84
nefc overflow - please increase njmax to 80
nefc overflow - please increase njmax to 80
nefc overflow - please increase njmax to 80
nefc overflow - please increase njmax to 80
nefc overflow - please increase njmax to 80
nefc overflow - please increase njmax to 80
nefc overflow - please increase njmax to 80
nefc overflow - please increase njmax to 80
nefc overflow - please increase njmax to 80
nefc overflow - please increase njmax to 80
nefc overflow - please increase njmax to 80
nefc overflow - please increase njmax to 80
nefc overflow - please increase njmax to 80
nefc overflow - please increase njmax to 80
nefc overflow - please increase njmax to 80
nefc overflow - please increase njmax to 80
nefc overflow - please increase njmax to 80
nefc overflow - please increase njmax to 76
nefc overflow - please increase njmax to 76
nefc overflow - please increase njmax to 76
nefc overflow - please increase njmax to 76
nefc overflow - please increase njmax to 76
nefc overflow - please increase njmax to 76
nefc overflow - please increase njmax to 76
nefc overflow - please increase njmax to 76
nefc overflow - please increase njmax to 76
nefc overflow - please increase njmax to 76
nefc overflow - please increase njmax to 76
nefc overflow - please increase njmax to 76
nefc overflow - please increase njmax to 76
nefc overflow - please increase njmax to 76
nefc overflow - please increase njmax to 76
nefc overflow - please increase njmax to 76
nefc overflow - please increase njmax to 76
nefc overflow - please increase njmax to 76
nefc overflow - please increase njmax to 76
nefc overflow - please increase njmax to 76
nefc overflow - please increase njmax to 76
nefc overflow - please increase njmax to 76
nefc overflow - please increase njmax to 76
nefc overflow - please increase njmax to 76
nefc overflow - please increase njmax to 76
nefc overflow - please increase njmax to 76
nefc overflow - please increase njmax to 76
nefc overflow - please increase njmax to 76
nefc overflow - please increase njmax to 76
nefc overflow - please increase njmax to 76
nefc overflow - please increase njmax to 76
nefc overflow - please increase njmax to 76
nefc overflow - please increase njmax to 76
nefc overflow - please increase njmax to 76
nefc overflow - please increase njmax to 76
nefc overflow - please increase njmax to 76
nefc overflow - please increase njmax to 76
nefc overflow - please increase njmax to 76
nefc overflow - please increase njmax to 76
nefc overflow - please increase njmax to 76
nefc overflow - please increase njmax to 76
nefc overflow - please increase njmax to 76
nefc overflow - please increase njmax to 76
nefc overflow - please increase njmax to 76
nefc overflow - please increase njmax to 76
nefc overflow - please increase njmax to 76
nefc overflow - please increase njmax to 76
nefc overflow - please increase njmax to 76
nefc overflow - please increase njmax to 76
nefc overflow - please increase njmax to 76
nefc overflow - please increase njmax to 76
nefc overflow - please increase njmax to 76
nefc overflow - please increase njmax to 76
nefc overflow - please increase njmax to 76
nefc overflow - please increase njmax to 76
nefc overflow - please increase njmax to 76
nefc overflow - please increase njmax to 76
nefc overflow - please increase njmax to 76
nefc overflow - please increase njmax to 76
nefc overflow - please increase njmax to 76
nefc overflow - please increase njmax to 76
nefc overflow - please increase njmax to 76
nefc overflow - please increase njmax to 76
nefc overflow - please increase njmax to 76
nefc overflow - please increase njmax to 76
nefc overflow - please increase njmax to 76
nefc overflow - please increase njmax to 76
nefc overflow - please increase njmax to 76
nefc overflow - please increase njmax to 76
nefc overflow - please increase njmax to 76
nefc overflow - please increase njmax to 76
nefc overflow - please increase njmax to 76
nefc overflow - please increase njmax to 76
nefc overflow - please increase njmax to 76
nefc overflow - please increase njmax to 76
nefc overflow - please increase njmax to 76
nefc overflow - please increase njmax to 76
nefc overflow - please increase njmax to 76
nefc overflow - please increase njmax to 76
nefc overflow - please increase njmax to 76
nefc overflow - please increase njmax to 76
nefc overflow - please increase njmax to 76
nefc overflow - please increase njmax to 76
nefc overflow - please increase njmax to 76
nefc overflow - please increase njmax to 76
nefc overflow - please increase njmax to 76
nefc overflow - please increase njmax to 76
nefc overflow - please increase njmax to 76
nefc overflow - please increase njmax to 76
nefc overflow - please increase njmax to 76
nefc overflow - please increase njmax to 76
nefc overflow - please increase njmax to 76
nefc overflow - please increase njmax to 76
nefc overflow - please increase njmax to 76
nefc overflow - please increase njmax to 76
nefc overflow - please increase njmax to 76
nefc overflow - please increase njmax to 76
nefc overflow - please increase njmax to 76
nefc overflow - please increase njmax to 76
nefc overflow - please increase njmax to 76
nefc overflow - please increase njmax to 76
nefc overflow - please increase njmax to 76
nefc overflow - please increase njmax to 76
nefc overflow - please increase njmax to 76
nefc overflow - please increase njmax to 76
nefc overflow - please increase njmax to 76
nefc overflow - please increase njmax to 76
nefc overflow - please increase njmax to 76
nefc overflow - please increase njmax to 76
nefc overflow - please increase njmax to 76
nefc overflow - please increase njmax to 76
nefc overflow - please increase njmax to 76
nefc overflow - please increase njmax to 76
nefc overflow - please increase njmax to 76
nefc overflow - please increase njmax to 76
nefc overflow - please increase njmax to 76
nefc overflow - please increase njmax to 76
nefc overflow - please increase njmax to 76
nefc overflow - please increase njmax to 76
nefc overflow - please increase njmax to 76
nefc overflow - please increase njmax to 76
nefc overflow - please increase njmax to 76
nefc overflow - please increase njmax to 76
nefc overflow - please increase njmax to 76
nefc overflow - please increase njmax to 76
nefc overflow - please increase njmax to 76
nefc overflow - please increase njmax to 76
nefc overflow - please increase njmax to 76
nefc overflow - please increase njmax to 76
nefc overflow - please increase njmax to 76
nefc overflow - please increase njmax to 76
nefc overflow - please increase njmax to 76
nefc overflow - please increase njmax to 76
nefc overflow - please increase njmax to 76
nefc overflow - please increase njmax to 76
nefc overflow - please increase njmax to 76
nefc overflow - please increase njmax to 76
nefc overflow - please increase njmax to 76
nefc overflow - please increase njmax to 76
nefc overflow - please increase njmax to 76
nefc overflow - please increase njmax to 76
nefc overflow - please increase njmax to 76
nefc overflow - please increase njmax to 76
nefc overflow - please increase njmax to 76
nefc overflow - please increase njmax to 76
nefc overflow - please increase njmax to 76
nefc overflow - please increase njmax to 76
nefc overflow - please increase njmax to 76
nefc overflow - please increase njmax to 76
nefc overflow - please increase njmax to 76
nefc overflow - please increase njmax to 76
nefc overflow - please increase njmax to 76
nefc overflow - please increase njmax to 76
nefc overflow - please increase njmax to 76
nefc overflow - please increase njmax to 76
nefc overflow - please increase njmax to 76
nefc overflow - please increase njmax to 76
nefc overflow - please increase njmax to 76
nefc overflow - please increase njmax to 76
nefc overflow - please increase njmax to 76
nefc overflow - please increase njmax to 76
nefc overflow - please increase njmax to 68
nefc overflow - please increase njmax to 68
nefc overflow - please increase njmax to 68
nefc overflow - please increase njmax to 68
nefc overflow - please increase njmax to 68
nefc overflow - please increase njmax to 72
nefc overflow - please increase njmax to 76
nefc overflow - please increase njmax to 76
nefc overflow - please increase njmax to 76
nefc overflow - please increase njmax to 76
nefc overflow - please increase njmax to 76
nefc overflow - please increase njmax to 76
nefc overflow - please increase njmax to 76
nefc overflow - please increase njmax to 76
nefc overflow - please increase njmax to 76
nefc overflow - please increase njmax to 76
nefc overflow - please increase njmax to 76
nefc overflow - please increase njmax to 76
nefc overflow - please increase njmax to 76
nefc overflow - please increase njmax to 76
nefc overflow - please increase njmax to 76
nefc overflow - please increase njmax to 76
nefc overflow - please increase njmax to 76
nefc overflow - please increase njmax to 76
nefc overflow - please increase njmax to 76
nefc overflow - please increase njmax to 76
nefc overflow - please increase njmax to 76
nefc overflow - please increase njmax to 76
nefc overflow - please increase njmax to 76
nefc overflow - please increase njmax to 76
nefc overflow - please increase njmax to 76
nefc overflow - please increase njmax to 76
nefc overflow - please increase njmax to 76
nefc overflow - please increase njmax to 76
nefc overflow - please increase njmax to 76
nefc overflow - please increase njmax to 76
nefc overflow - please increase njmax to 76
nefc overflow - please increase njmax to 76
nefc overflow - please increase njmax to 76
nefc overflow - please increase njmax to 76
nefc overflow - please increase njmax to 76
nefc overflow - please increase njmax to 76
nefc overflow - please increase njmax to 76
nefc overflow - please increase njmax to 76
nefc overflow - please increase njmax to 76
nefc overflow - please increase njmax to 76
nefc overflow - please increase njmax to 76
nefc overflow - please increase njmax to 76
nefc overflow - please increase njmax to 76
nefc overflow - please increase njmax to 76
nefc overflow - please increase njmax to 76
nefc overflow - please increase njmax to 76
nefc overflow - please increase njmax to 76
nefc overflow - please increase njmax to 76
nefc overflow - please increase njmax to 76
nefc overflow - please increase njmax to 76
nefc overflow - please increase njmax to 76
nefc overflow - please increase njmax to 76
nefc overflow - please increase njmax to 76
nefc overflow - please increase njmax to 76
nefc overflow - please increase njmax to 76
nefc overflow - please increase njmax to 76
nefc overflow - please increase njmax to 76
nefc overflow - please increase njmax to 76
nefc overflow - please increase njmax to 76
nefc overflow - please increase njmax to 76
nefc overflow - please increase njmax to 76
nefc overflow - please increase njmax to 76
nefc overflow - please increase njmax to 76
nefc overflow - please increase njmax to 76
nefc overflow - please increase njmax to 76
nefc overflow - please increase njmax to 76
nefc overflow - please increase njmax to 76
nefc overflow - please increase njmax to 76
nefc overflow - please increase njmax to 76
nefc overflow - please increase njmax to 76
nefc overflow - please increase njmax to 76
nefc overflow - please increase njmax to 76
nefc overflow - please increase njmax to 76
nefc overflow - please increase njmax to 76
nefc overflow - please increase njmax to 76
nefc overflow - please increase njmax to 76
nefc overflow - please increase njmax to 76
nefc overflow - please increase njmax to 76
nefc overflow - please increase njmax to 76
nefc overflow - please increase njmax to 76
nefc overflow - please increase njmax to 76
nefc overflow - please increase njmax to 76
nefc overflow - please increase njmax to 76
nefc overflow - please increase njmax to 76
nefc overflow - please increase njmax to 76
nefc overflow - please increase njmax to 76
nefc overflow - please increase njmax to 76
nefc overflow - please increase njmax to 76
nefc overflow - please increase njmax to 76
nefc overflow - please increase njmax to 76
nefc overflow - please increase njmax to 76
nefc overflow - please increase njmax to 76
nefc overflow - please increase njmax to 76
nefc overflow - please increase njmax to 76
nefc overflow - please increase njmax to 76
nefc overflow - please increase njmax to 76
nefc overflow - please increase njmax to 76
nefc overflow - please increase njmax to 76
nefc overflow - please increase njmax to 76
nefc overflow - please increase njmax to 76
nefc overflow - please increase njmax to 76
nefc overflow - please increase njmax to 76
nefc overflow - please increase njmax to 76
nefc overflow - please increase njmax to 76
nefc overflow - please increase njmax to 76
nefc overflow - please increase njmax to 76
nefc overflow - please increase njmax to 76
nefc overflow - please increase njmax to 76
nefc overflow - please increase njmax to 76
nefc overflow - please increase njmax to 76
nefc overflow - please increase njmax to 76
nefc overflow - please increase njmax to 76
nefc overflow - please increase njmax to 76
nefc overflow - please increase njmax to 76
nefc overflow - please increase njmax to 76
nefc overflow - please increase njmax to 76
nefc overflow - please increase njmax to 76
nefc overflow - please increase njmax to 76
nefc overflow - please increase njmax to 76
nefc overflow - please increase njmax to 76
nefc overflow - please increase njmax to 76
nefc overflow - please increase njmax to 76
nefc overflow - please increase njmax to 76
nefc overflow - please increase njmax to 76
nefc overflow - please increase njmax to 76
nefc overflow - please increase njmax to 76
nefc overflow - please increase njmax to 76
nefc overflow - please increase njmax to 76
nefc overflow - please increase njmax to 76
nefc overflow - please increase njmax to 76
nefc overflow - please increase njmax to 76
nefc overflow - please increase njmax to 76
nefc overflow - please increase njmax to 76
nefc overflow - please increase njmax to 76
nefc overflow - please increase njmax to 76
nefc overflow - please increase njmax to 76
nefc overflow - please increase njmax to 76
nefc overflow - please increase njmax to 76
nefc overflow - please increase njmax to 76
nefc overflow - please increase njmax to 76
nefc overflow - please increase njmax to 76
nefc overflow - please increase njmax to 76
nefc overflow - please increase njmax to 76
nefc overflow - please increase njmax to 76
nefc overflow - please increase njmax to 76
nefc overflow - please increase njmax to 76
nefc overflow - please increase njmax to 76
nefc overflow - please increase njmax to 76
nefc overflow - please increase njmax to 76
nefc overflow - please increase njmax to 76
nefc overflow - please increase njmax to 76
nefc overflow - please increase njmax to 76
nefc overflow - please increase njmax to 76
nefc overflow - please increase njmax to 76
nefc overflow - please increase njmax to 76
nefc overflow - please increase njmax to 76
nefc overflow - please increase njmax to 76
nefc overflow - please increase njmax to 76
nefc overflow - please increase njmax to 76
nefc overflow - please increase njmax to 76
nefc overflow - please increase njmax to 76
nefc overflow - please increase njmax to 76
nefc overflow - please increase njmax to 76
nefc overflow - please increase njmax to 76
nefc overflow - please increase njmax to 76
nefc overflow - please increase njmax to 76
nefc overflow - please increase njmax to 76
nefc overflow - please increase njmax to 76
nefc overflow - please increase njmax to 76
nefc overflow - please increase njmax to 76
nefc overflow - please increase njmax to 76
nefc overflow - please increase njmax to 76
nefc overflow - please increase njmax to 76
nefc overflow - please increase njmax to 76
nefc overflow - please increase njmax to 76
nefc overflow - please increase njmax to 76
nefc overflow - please increase njmax to 76
nefc overflow - please increase njmax to 76
nefc overflow - please increase njmax to 76
nefc overflow - please increase njmax to 76
nefc overflow - please increase njmax to 76
nefc overflow - please increase njmax to 76
nefc overflow - please increase njmax to 76
nefc overflow - please increase njmax to 76
nefc overflow - please increase njmax to 76
nefc overflow - please increase njmax to 76
nefc overflow - please increase njmax to 76
nefc overflow - please increase njmax to 76
nefc overflow - please increase njmax to 76
nefc overflow - please increase njmax to 76
nefc overflow - please increase njmax to 76
nefc overflow - please increase njmax to 76
nefc overflow - please increase njmax to 76
nefc overflow - please increase njmax to 76
nefc overflow - please increase njmax to 76
nefc overflow - please increase njmax to 76
nefc overflow - please increase njmax to 76
nefc overflow - please increase njmax to 76
nefc overflow - please increase njmax to 76
nefc overflow - please increase njmax to 76
nefc overflow - please increase njmax to 76
nefc overflow - please increase njmax to 76
nefc overflow - please increase njmax to 76
nefc overflow - please increase njmax to 76
nefc overflow - please increase njmax to 76
nefc overflow - please increase njmax to 76
nefc overflow - please increase njmax to 76
nefc overflow - please increase njmax to 76
nefc overflow - please increase njmax to 76
nefc overflow - please increase njmax to 76
nefc overflow - please increase njmax to 76
nefc overflow - please increase njmax to 76
nefc overflow - please increase njmax to 76
nefc overflow - please increase njmax to 76
nefc overflow - please increase njmax to 76
nefc overflow - please increase njmax to 76
nefc overflow - please increase njmax to 76
nefc overflow - please increase njmax to 76
nefc overflow - please increase njmax to 76
nefc overflow - please increase njmax to 76
nefc overflow - please increase njmax to 76
nefc overflow - please increase njmax to 76
nefc overflow - please increase njmax to 76
nefc overflow - please increase njmax to 76
nefc overflow - please increase njmax to 76
nefc overflow - please increase njmax to 76
nefc overflow - please increase njmax to 76
nefc overflow - please increase njmax to 76
nefc overflow - please increase njmax to 76
nefc overflow - please increase njmax to 76
nefc overflow - please increase njmax to 68
nefc overflow - please increase njmax to 68
nefc overflow - please increase njmax to 68
nefc overflow - please increase njmax to 68
nefc overflow - please increase njmax to 68
nefc overflow - please increase njmax to 68
nefc overflow - please increase njmax to 68
nefc overflow - please increase njmax to 68
nefc overflow - please increase njmax to 68
nefc overflow - please increase njmax to 68
nefc overflow - please increase njmax to 68
nefc overflow - please increase njmax to 68
nefc overflow - please increase njmax to 68
nefc overflow - please increase njmax to 68
nefc overflow - please increase njmax to 68
nefc overflow - please increase njmax to 68
nefc overflow - please increase njmax to 68
nefc overflow - please increase njmax to 68
nefc overflow - please increase njmax to 68
nefc overflow - please increase njmax to 72
nefc overflow - please increase njmax to 72
nefc overflow - please increase njmax to 72
nefc overflow - please increase njmax to 72
nefc overflow - please increase njmax to 72
nefc overflow - please increase njmax to 72
nefc overflow - please increase njmax to 76
nefc overflow - please increase njmax to 76
nefc overflow - please increase njmax to 76
nefc overflow - please increase njmax to 76
nefc overflow - please increase njmax to 76
nefc overflow - please increase njmax to 76
nefc overflow - please increase njmax to 76
nefc overflow - please increase njmax to 76
nefc overflow - please increase njmax to 76
nefc overflow - please increase njmax to 80
nefc overflow - please increase njmax to 76
nefc overflow - please increase njmax to 76
nefc overflow - please increase njmax to 76
nefc overflow - please increase njmax to 72
nefc overflow - please increase njmax to 72
nefc overflow - please increase njmax to 72
nefc overflow - please increase njmax to 72
nefc overflow - please increase njmax to 72
nefc overflow - please increase njmax to 72
nefc overflow - please increase njmax to 72
nefc overflow - please increase njmax to 72
nefc overflow - please increase njmax to 72
nefc overflow - please increase njmax to 72
nefc overflow - please increase njmax to 72
nefc overflow - please increase njmax to 72
nefc overflow - please increase njmax to 72
nefc overflow - please increase njmax to 72
nefc overflow - please increase njmax to 72
nefc overflow - please increase njmax to 72
nefc overflow - please increase njmax to 72
nefc overflow - please increase njmax to 72
nefc overflow - please increase njmax to 72
nefc overflow - please increase njmax to 72
nefc overflow - please increase njmax to 72
nefc overflow - please increase njmax to 72
nefc overflow - please increase njmax to 72
nefc overflow - please increase njmax to 72
nefc overflow - please increase njmax to 72
nefc overflow - please increase njmax to 72
nefc overflow - please increase njmax to 72
nefc overflow - please increase njmax to 72
nefc overflow - please increase njmax to 72
nefc overflow - please increase njmax to 72
nefc overflow - please increase njmax to 72
nefc overflow - please increase njmax to 72
nefc overflow - please increase njmax to 72
nefc overflow - please increase njmax to 72
nefc overflow - please increase njmax to 72
nefc overflow - please increase njmax to 72
nefc overflow - please increase njmax to 72
nefc overflow - please increase njmax to 72
nefc overflow - please increase njmax to 72
nefc overflow - please increase njmax to 72
nefc overflow - please increase njmax to 72
nefc overflow - please increase njmax to 72
nefc overflow - please increase njmax to 72
nefc overflow - please increase njmax to 72
nefc overflow - please increase njmax to 72
nefc overflow - please increase njmax to 72
nefc overflow - please increase njmax to 72
nefc overflow - please increase njmax to 72
nefc overflow - please increase njmax to 72
nefc overflow - please increase njmax to 72
nefc overflow - please increase njmax to 72
nefc overflow - please increase njmax to 72
nefc overflow - please increase njmax to 72
nefc overflow - please increase njmax to 72
nefc overflow - please increase njmax to 72
nefc overflow - please increase njmax to 72
nefc overflow - please increase njmax to 72
nefc overflow - please increase njmax to 72
nefc overflow - please increase njmax to 72
nefc overflow - please increase njmax to 72
nefc overflow - please increase njmax to 72
nefc overflow - please increase njmax to 72
nefc overflow - please increase njmax to 72
nefc overflow - please increase njmax to 72
nefc overflow - please increase njmax to 72
nefc overflow - please increase njmax to 72
nefc overflow - please increase njmax to 72
nefc overflow - please increase njmax to 72
nefc overflow - please increase njmax to 72
nefc overflow - please increase njmax to 72
nefc overflow - please increase njmax to 72
nefc overflow - please increase njmax to 72
nefc overflow - please increase njmax to 72
nefc overflow - please increase njmax to 72
nefc overflow - please increase njmax to 72
nefc overflow - please increase njmax to 72
nefc overflow - please increase njmax to 72
nefc overflow - please increase njmax to 72
nefc overflow - please increase njmax to 72
nefc overflow - please increase njmax to 72
nefc overflow - please increase njmax to 72
nefc overflow - please increase njmax to 72
nefc overflow - please increase njmax to 72
nefc overflow - please increase njmax to 72
nefc overflow - please increase njmax to 72
nefc overflow - please increase njmax to 72
nefc overflow - please increase njmax to 72
nefc overflow - please increase njmax to 72
nefc overflow - please increase njmax to 72
nefc overflow - please increase njmax to 72
nefc overflow - please increase njmax to 72
nefc overflow - please increase njmax to 72
nefc overflow - please increase njmax to 72
nefc overflow - please increase njmax to 72
nefc overflow - please increase njmax to 72
nefc overflow - please increase njmax to 72
nefc overflow - please increase njmax to 72
nefc overflow - please increase njmax to 72
nefc overflow - please increase njmax to 72
nefc overflow - please increase njmax to 72
nefc overflow - please increase njmax to 72
nefc overflow - please increase njmax to 72
nefc overflow - please increase njmax to 72
nefc overflow - please increase njmax to 72
nefc overflow - please increase njmax to 72
nefc overflow - please increase njmax to 72
nefc overflow - please increase njmax to 72
nefc overflow - please increase njmax to 72
nefc overflow - please increase njmax to 72
nefc overflow - please increase njmax to 72
nefc overflow - please increase njmax to 72
nefc overflow - please increase njmax to 72
nefc overflow - please increase njmax to 72
nefc overflow - please increase njmax to 72
nefc overflow - please increase njmax to 72
nefc overflow - please increase njmax to 72
nefc overflow - please increase njmax to 72
nefc overflow - please increase njmax to 72
nefc overflow - please increase njmax to 72
nefc overflow - please increase njmax to 72
nefc overflow - please increase njmax to 72
nefc overflow - please increase njmax to 72
nefc overflow - please increase njmax to 72
nefc overflow - please increase njmax to 72
nefc overflow - please increase njmax to 72
nefc overflow - please increase njmax to 72
nefc overflow - please increase njmax to 72
nefc overflow - please increase njmax to 72
nefc overflow - please increase njmax to 72
nefc overflow - please increase njmax to 72
nefc overflow - please increase njmax to 72
nefc overflow - please increase njmax to 72
nefc overflow - please increase njmax to 72
nefc overflow - please increase njmax to 72
nefc overflow - please increase njmax to 72
nefc overflow - please increase njmax to 72
nefc overflow - please increase njmax to 72
nefc overflow - please increase njmax to 72
nefc overflow - please increase njmax to 72
nefc overflow - please increase njmax to 72
nefc overflow - please increase njmax to 72
nefc overflow - please increase njmax to 72
nefc overflow - please increase njmax to 72
nefc overflow - please increase njmax to 72
nefc overflow - please increase njmax to 72
nefc overflow - please increase njmax to 72
nefc overflow - please increase njmax to 72
nefc overflow - please increase njmax to 72
nefc overflow - please increase njmax to 72
nefc overflow - please increase njmax to 72
nefc overflow - please increase njmax to 72
nefc overflow - please increase njmax to 72
nefc overflow - please increase njmax to 72
nefc overflow - please increase njmax to 72
nefc overflow - please increase njmax to 72
nefc overflow - please increase njmax to 72
nefc overflow - please increase njmax to 72
nefc overflow - please increase njmax to 72
nefc overflow - please increase njmax to 72
nefc overflow - please increase njmax to 72
nefc overflow - please increase njmax to 72
nefc overflow - please increase njmax to 72
nefc overflow - please increase njmax to 72
nefc overflow - please increase njmax to 72
nefc overflow - please increase njmax to 72
nefc overflow - please increase njmax to 72
nefc overflow - please increase njmax to 72
nefc overflow - please increase njmax to 72
nefc overflow - please increase njmax to 72
nefc overflow - please increase njmax to 72
nefc overflow - please increase njmax to 72
nefc overflow - please increase njmax to 72
nefc overflow - please increase njmax to 72
nefc overflow - please increase njmax to 72
nefc overflow - please increase njmax to 72
nefc overflow - please increase njmax to 72
nefc overflow - please increase njmax to 72
nefc overflow - please increase njmax to 72
nefc overflow - please increase njmax to 72
nefc overflow - please increase njmax to 72
nefc overflow - please increase njmax to 72
nefc overflow - please increase njmax to 72
nefc overflow - please increase njmax to 72
nefc overflow - please increase njmax to 72
nefc overflow - please increase njmax to 72
nefc overflow - please increase njmax to 72
nefc overflow - please increase njmax to 72
nefc overflow - please increase njmax to 72
nefc overflow - please increase njmax to 72
nefc overflow - please increase njmax to 72
nefc overflow - please increase njmax to 72
nefc overflow - please increase njmax to 72
nefc overflow - please increase njmax to 72
nefc overflow - please increase njmax to 72
nefc overflow - please increase njmax to 72
nefc overflow - please increase njmax to 72
nefc overflow - please increase njmax to 72
nefc overflow - please increase njmax to 72
nefc overflow - please increase njmax to 72
nefc overflow - please increase njmax to 72
    c|jax      base_pos=3.694e-04+-1.4e-04  base_rot=1.736e-03+-5.3e-04  (n=10)
    c|warp     base_pos=2.923e-03+-2.1e-04  base_rot=1.301e-02+-1.0e-03  (n=10)
    jax|warp   base_pos=2.931e-03+-2.8e-04  base_rot=1.302e-02+-1.1e-03  (n=10)
[13/14] armature_scale=0.5 ...
nefc overflow - please increase njmax to 68
nefc overflow - please increase njmax to 76
nefc overflow - please increase njmax to 72
nefc overflow - please increase njmax to 68
nefc overflow - please increase njmax to 76
nefc overflow - please increase njmax to 84
nefc overflow - please increase njmax to 84
nefc overflow - please increase njmax to 84
nefc overflow - please increase njmax to 84
nefc overflow - please increase njmax to 84
nefc overflow - please increase njmax to 84
nefc overflow - please increase njmax to 84
nefc overflow - please increase njmax to 84
nefc overflow - please increase njmax to 84
nefc overflow - please increase njmax to 84
nefc overflow - please increase njmax to 84
nefc overflow - please increase njmax to 84
nefc overflow - please increase njmax to 84
nefc overflow - please increase njmax to 84
nefc overflow - please increase njmax to 84
nefc overflow - please increase njmax to 84
nefc overflow - please increase njmax to 84
nefc overflow - please increase njmax to 84
nefc overflow - please increase njmax to 84
nefc overflow - please increase njmax to 84
nefc overflow - please increase njmax to 84
nefc overflow - please increase njmax to 84
nefc overflow - please increase njmax to 84
nefc overflow - please increase njmax to 84
nefc overflow - please increase njmax to 84
nefc overflow - please increase njmax to 84
nefc overflow - please increase njmax to 84
nefc overflow - please increase njmax to 84
nefc overflow - please increase njmax to 80
nefc overflow - please increase njmax to 80
nefc overflow - please increase njmax to 80
nefc overflow - please increase njmax to 80
nefc overflow - please increase njmax to 80
nefc overflow - please increase njmax to 72
nefc overflow - please increase njmax to 72
nefc overflow - please increase njmax to 76
nefc overflow - please increase njmax to 76
nefc overflow - please increase njmax to 76
nefc overflow - please increase njmax to 76
nefc overflow - please increase njmax to 76
nefc overflow - please increase njmax to 76
nefc overflow - please increase njmax to 80
nefc overflow - please increase njmax to 80
nefc overflow - please increase njmax to 80
nefc overflow - please increase njmax to 76
nefc overflow - please increase njmax to 76
nefc overflow - please increase njmax to 76
nefc overflow - please increase njmax to 76
nefc overflow - please increase njmax to 76
nefc overflow - please increase njmax to 76
nefc overflow - please increase njmax to 76
nefc overflow - please increase njmax to 76
nefc overflow - please increase njmax to 76
nefc overflow - please increase njmax to 76
nefc overflow - please increase njmax to 76
nefc overflow - please increase njmax to 76
nefc overflow - please increase njmax to 76
nefc overflow - please increase njmax to 76
nefc overflow - please increase njmax to 76
nefc overflow - please increase njmax to 76
nefc overflow - please increase njmax to 76
nefc overflow - please increase njmax to 76
nefc overflow - please increase njmax to 76
nefc overflow - please increase njmax to 76
nefc overflow - please increase njmax to 76
nefc overflow - please increase njmax to 76
nefc overflow - please increase njmax to 76
nefc overflow - please increase njmax to 76
nefc overflow - please increase njmax to 76
nefc overflow - please increase njmax to 76
nefc overflow - please increase njmax to 76
nefc overflow - please increase njmax to 76
nefc overflow - please increase njmax to 76
nefc overflow - please increase njmax to 76
nefc overflow - please increase njmax to 76
nefc overflow - please increase njmax to 76
nefc overflow - please increase njmax to 76
nefc overflow - please increase njmax to 76
nefc overflow - please increase njmax to 76
nefc overflow - please increase njmax to 76
nefc overflow - please increase njmax to 76
nefc overflow - please increase njmax to 76
nefc overflow - please increase njmax to 76
nefc overflow - please increase njmax to 76
nefc overflow - please increase njmax to 76
nefc overflow - please increase njmax to 76
nefc overflow - please increase njmax to 76
nefc overflow - please increase njmax to 76
nefc overflow - please increase njmax to 76
nefc overflow - please increase njmax to 76
nefc overflow - please increase njmax to 76
nefc overflow - please increase njmax to 76
nefc overflow - please increase njmax to 76
nefc overflow - please increase njmax to 76
nefc overflow - please increase njmax to 76
nefc overflow - please increase njmax to 76
nefc overflow - please increase njmax to 76
nefc overflow - please increase njmax to 76
nefc overflow - please increase njmax to 76
nefc overflow - please increase njmax to 76
nefc overflow - please increase njmax to 76
nefc overflow - please increase njmax to 76
nefc overflow - please increase njmax to 76
nefc overflow - please increase njmax to 76
nefc overflow - please increase njmax to 76
nefc overflow - please increase njmax to 76
nefc overflow - please increase njmax to 76
nefc overflow - please increase njmax to 76
nefc overflow - please increase njmax to 76
nefc overflow - please increase njmax to 76
nefc overflow - please increase njmax to 76
nefc overflow - please increase njmax to 76
nefc overflow - please increase njmax to 76
nefc overflow - please increase njmax to 76
nefc overflow - please increase njmax to 76
nefc overflow - please increase njmax to 76
nefc overflow - please increase njmax to 76
nefc overflow - please increase njmax to 76
nefc overflow - please increase njmax to 76
nefc overflow - please increase njmax to 76
nefc overflow - please increase njmax to 76
nefc overflow - please increase njmax to 76
nefc overflow - please increase njmax to 76
nefc overflow - please increase njmax to 76
nefc overflow - please increase njmax to 76
nefc overflow - please increase njmax to 76
nefc overflow - please increase njmax to 76
nefc overflow - please increase njmax to 76
nefc overflow - please increase njmax to 76
nefc overflow - please increase njmax to 76
nefc overflow - please increase njmax to 76
nefc overflow - please increase njmax to 76
nefc overflow - please increase njmax to 76
nefc overflow - please increase njmax to 76
nefc overflow - please increase njmax to 76
nefc overflow - please increase njmax to 76
nefc overflow - please increase njmax to 76
nefc overflow - please increase njmax to 76
nefc overflow - please increase njmax to 76
nefc overflow - please increase njmax to 76
nefc overflow - please increase njmax to 76
nefc overflow - please increase njmax to 76
nefc overflow - please increase njmax to 76
nefc overflow - please increase njmax to 76
nefc overflow - please increase njmax to 76
nefc overflow - please increase njmax to 76
nefc overflow - please increase njmax to 76
nefc overflow - please increase njmax to 76
nefc overflow - please increase njmax to 76
nefc overflow - please increase njmax to 76
nefc overflow - please increase njmax to 76
nefc overflow - please increase njmax to 76
nefc overflow - please increase njmax to 76
nefc overflow - please increase njmax to 76
nefc overflow - please increase njmax to 76
nefc overflow - please increase njmax to 76
nefc overflow - please increase njmax to 76
nefc overflow - please increase njmax to 76
nefc overflow - please increase njmax to 76
nefc overflow - please increase njmax to 76
nefc overflow - please increase njmax to 76
nefc overflow - please increase njmax to 76
nefc overflow - please increase njmax to 76
nefc overflow - please increase njmax to 76
nefc overflow - please increase njmax to 76
nefc overflow - please increase njmax to 76
nefc overflow - please increase njmax to 76
nefc overflow - please increase njmax to 76
nefc overflow - please increase njmax to 76
nefc overflow - please increase njmax to 76
nefc overflow - please increase njmax to 76
nefc overflow - please increase njmax to 76
nefc overflow - please increase njmax to 76
nefc overflow - please increase njmax to 76
nefc overflow - please increase njmax to 76
nefc overflow - please increase njmax to 76
nefc overflow - please increase njmax to 76
nefc overflow - please increase njmax to 76
nefc overflow - please increase njmax to 76
nefc overflow - please increase njmax to 76
nefc overflow - please increase njmax to 76
nefc overflow - please increase njmax to 76
nefc overflow - please increase njmax to 76
nefc overflow - please increase njmax to 76
nefc overflow - please increase njmax to 76
nefc overflow - please increase njmax to 76
nefc overflow - please increase njmax to 76
nefc overflow - please increase njmax to 76
nefc overflow - please increase njmax to 76
nefc overflow - please increase njmax to 76
nefc overflow - please increase njmax to 76
nefc overflow - please increase njmax to 76
nefc overflow - please increase njmax to 76
nefc overflow - please increase njmax to 76
nefc overflow - please increase njmax to 76
nefc overflow - please increase njmax to 76
nefc overflow - please increase njmax to 76
nefc overflow - please increase njmax to 76
nefc overflow - please increase njmax to 76
nefc overflow - please increase njmax to 76
nefc overflow - please increase njmax to 76
nefc overflow - please increase njmax to 76
nefc overflow - please increase njmax to 76
nefc overflow - please increase njmax to 76
nefc overflow - please increase njmax to 76
nefc overflow - please increase njmax to 76
nefc overflow - please increase njmax to 76
nefc overflow - please increase njmax to 76
nefc overflow - please increase njmax to 76
nefc overflow - please increase njmax to 76
nefc overflow - please increase njmax to 76
nefc overflow - please increase njmax to 76
nefc overflow - please increase njmax to 76
nefc overflow - please increase njmax to 76
nefc overflow - please increase njmax to 76
nefc overflow - please increase njmax to 76
nefc overflow - please increase njmax to 76
nefc overflow - please increase njmax to 76
nefc overflow - please increase njmax to 76
nefc overflow - please increase njmax to 76
nefc overflow - please increase njmax to 76
nefc overflow - please increase njmax to 76
nefc overflow - please increase njmax to 76
nefc overflow - please increase njmax to 76
nefc overflow - please increase njmax to 76
nefc overflow - please increase njmax to 76
nefc overflow - please increase njmax to 76
nefc overflow - please increase njmax to 76
nefc overflow - please increase njmax to 76
nefc overflow - please increase njmax to 76
nefc overflow - please increase njmax to 76
nefc overflow - please increase njmax to 76
nefc overflow - please increase njmax to 68
nefc overflow - please increase njmax to 84
nefc overflow - please increase njmax to 84
nefc overflow - please increase njmax to 84
nefc overflow - please increase njmax to 84
nefc overflow - please increase njmax to 84
nefc overflow - please increase njmax to 84
nefc overflow - please increase njmax to 84
nefc overflow - please increase njmax to 84
nefc overflow - please increase njmax to 84
nefc overflow - please increase njmax to 84
nefc overflow - please increase njmax to 84
nefc overflow - please increase njmax to 84
nefc overflow - please increase njmax to 76
nefc overflow - please increase njmax to 76
nefc overflow - please increase njmax to 76
nefc overflow - please increase njmax to 72
nefc overflow - please increase njmax to 68
nefc overflow - please increase njmax to 68
nefc overflow - please increase njmax to 68
nefc overflow - please increase njmax to 76
nefc overflow - please increase njmax to 76
nefc overflow - please increase njmax to 76
nefc overflow - please increase njmax to 76
nefc overflow - please increase njmax to 76
nefc overflow - please increase njmax to 76
nefc overflow - please increase njmax to 76
nefc overflow - please increase njmax to 76
nefc overflow - please increase njmax to 76
nefc overflow - please increase njmax to 76
nefc overflow - please increase njmax to 76
nefc overflow - please increase njmax to 76
nefc overflow - please increase njmax to 76
nefc overflow - please increase njmax to 76
nefc overflow - please increase njmax to 76
nefc overflow - please increase njmax to 76
nefc overflow - please increase njmax to 76
nefc overflow - please increase njmax to 76
nefc overflow - please increase njmax to 76
nefc overflow - please increase njmax to 76
nefc overflow - please increase njmax to 76
nefc overflow - please increase njmax to 76
nefc overflow - please increase njmax to 76
nefc overflow - please increase njmax to 76
nefc overflow - please increase njmax to 76
nefc overflow - please increase njmax to 76
nefc overflow - please increase njmax to 76
nefc overflow - please increase njmax to 76
nefc overflow - please increase njmax to 76
nefc overflow - please increase njmax to 76
nefc overflow - please increase njmax to 76
nefc overflow - please increase njmax to 76
nefc overflow - please increase njmax to 76
nefc overflow - please increase njmax to 76
nefc overflow - please increase njmax to 76
nefc overflow - please increase njmax to 76
nefc overflow - please increase njmax to 76
nefc overflow - please increase njmax to 76
nefc overflow - please increase njmax to 76
nefc overflow - please increase njmax to 76
nefc overflow - please increase njmax to 76
nefc overflow - please increase njmax to 76
nefc overflow - please increase njmax to 76
nefc overflow - please increase njmax to 76
nefc overflow - please increase njmax to 76
nefc overflow - please increase njmax to 76
nefc overflow - please increase njmax to 76
nefc overflow - please increase njmax to 76
nefc overflow - please increase njmax to 76
nefc overflow - please increase njmax to 76
nefc overflow - please increase njmax to 76
nefc overflow - please increase njmax to 76
nefc overflow - please increase njmax to 76
nefc overflow - please increase njmax to 76
nefc overflow - please increase njmax to 76
nefc overflow - please increase njmax to 76
nefc overflow - please increase njmax to 76
nefc overflow - please increase njmax to 76
nefc overflow - please increase njmax to 76
nefc overflow - please increase njmax to 76
nefc overflow - please increase njmax to 76
nefc overflow - please increase njmax to 76
nefc overflow - please increase njmax to 76
nefc overflow - please increase njmax to 76
nefc overflow - please increase njmax to 76
nefc overflow - please increase njmax to 76
nefc overflow - please increase njmax to 76
nefc overflow - please increase njmax to 76
nefc overflow - please increase njmax to 76
nefc overflow - please increase njmax to 76
nefc overflow - please increase njmax to 76
nefc overflow - please increase njmax to 76
nefc overflow - please increase njmax to 76
nefc overflow - please increase njmax to 76
nefc overflow - please increase njmax to 76
nefc overflow - please increase njmax to 76
nefc overflow - please increase njmax to 76
nefc overflow - please increase njmax to 76
nefc overflow - please increase njmax to 76
nefc overflow - please increase njmax to 76
nefc overflow - please increase njmax to 76
nefc overflow - please increase njmax to 76
nefc overflow - please increase njmax to 76
nefc overflow - please increase njmax to 76
nefc overflow - please increase njmax to 76
nefc overflow - please increase njmax to 76
nefc overflow - please increase njmax to 76
nefc overflow - please increase njmax to 76
nefc overflow - please increase njmax to 76
nefc overflow - please increase njmax to 76
nefc overflow - please increase njmax to 76
nefc overflow - please increase njmax to 76
nefc overflow - please increase njmax to 76
nefc overflow - please increase njmax to 76
nefc overflow - please increase njmax to 76
nefc overflow - please increase njmax to 76
nefc overflow - please increase njmax to 76
nefc overflow - please increase njmax to 76
nefc overflow - please increase njmax to 76
nefc overflow - please increase njmax to 76
nefc overflow - please increase njmax to 76
nefc overflow - please increase njmax to 76
nefc overflow - please increase njmax to 76
nefc overflow - please increase njmax to 76
nefc overflow - please increase njmax to 76
nefc overflow - please increase njmax to 76
nefc overflow - please increase njmax to 76
nefc overflow - please increase njmax to 76
nefc overflow - please increase njmax to 76
nefc overflow - please increase njmax to 76
nefc overflow - please increase njmax to 76
nefc overflow - please increase njmax to 76
nefc overflow - please increase njmax to 76
nefc overflow - please increase njmax to 76
nefc overflow - please increase njmax to 76
nefc overflow - please increase njmax to 76
nefc overflow - please increase njmax to 76
nefc overflow - please increase njmax to 76
nefc overflow - please increase njmax to 76
nefc overflow - please increase njmax to 76
nefc overflow - please increase njmax to 76
nefc overflow - please increase njmax to 76
nefc overflow - please increase njmax to 76
nefc overflow - please increase njmax to 76
nefc overflow - please increase njmax to 76
nefc overflow - please increase njmax to 76
nefc overflow - please increase njmax to 76
nefc overflow - please increase njmax to 76
nefc overflow - please increase njmax to 76
nefc overflow - please increase njmax to 76
nefc overflow - please increase njmax to 76
nefc overflow - please increase njmax to 76
nefc overflow - please increase njmax to 76
nefc overflow - please increase njmax to 76
nefc overflow - please increase njmax to 76
nefc overflow - please increase njmax to 76
nefc overflow - please increase njmax to 76
nefc overflow - please increase njmax to 76
nefc overflow - please increase njmax to 76
nefc overflow - please increase njmax to 76
nefc overflow - please increase njmax to 76
nefc overflow - please increase njmax to 76
nefc overflow - please increase njmax to 76
nefc overflow - please increase njmax to 76
nefc overflow - please increase njmax to 76
nefc overflow - please increase njmax to 76
nefc overflow - please increase njmax to 76
nefc overflow - please increase njmax to 76
nefc overflow - please increase njmax to 76
nefc overflow - please increase njmax to 76
nefc overflow - please increase njmax to 76
nefc overflow - please increase njmax to 76
nefc overflow - please increase njmax to 76
nefc overflow - please increase njmax to 76
nefc overflow - please increase njmax to 76
nefc overflow - please increase njmax to 76
nefc overflow - please increase njmax to 76
nefc overflow - please increase njmax to 76
nefc overflow - please increase njmax to 76
nefc overflow - please increase njmax to 76
nefc overflow - please increase njmax to 76
nefc overflow - please increase njmax to 76
nefc overflow - please increase njmax to 76
nefc overflow - please increase njmax to 76
nefc overflow - please increase njmax to 76
nefc overflow - please increase njmax to 76
nefc overflow - please increase njmax to 76
nefc overflow - please increase njmax to 76
nefc overflow - please increase njmax to 76
nefc overflow - please increase njmax to 76
nefc overflow - please increase njmax to 76
nefc overflow - please increase njmax to 76
nefc overflow - please increase njmax to 76
nefc overflow - please increase njmax to 76
nefc overflow - please increase njmax to 76
nefc overflow - please increase njmax to 76
nefc overflow - please increase njmax to 76
nefc overflow - please increase njmax to 76
nefc overflow - please increase njmax to 76
nefc overflow - please increase njmax to 76
nefc overflow - please increase njmax to 76
nefc overflow - please increase njmax to 76
nefc overflow - please increase njmax to 76
nefc overflow - please increase njmax to 76
nefc overflow - please increase njmax to 76
nefc overflow - please increase njmax to 76
nefc overflow - please increase njmax to 76
nefc overflow - please increase njmax to 76
nefc overflow - please increase njmax to 76
nefc overflow - please increase njmax to 76
nefc overflow - please increase njmax to 76
nefc overflow - please increase njmax to 76
nefc overflow - please increase njmax to 76
nefc overflow - please increase njmax to 76
nefc overflow - please increase njmax to 76
nefc overflow - please increase njmax to 76
nefc overflow - please increase njmax to 76
nefc overflow - please increase njmax to 76
nefc overflow - please increase njmax to 76
nefc overflow - please increase njmax to 76
nefc overflow - please increase njmax to 76
nefc overflow - please increase njmax to 76
nefc overflow - please increase njmax to 76
nefc overflow - please increase njmax to 76
nefc overflow - please increase njmax to 76
nefc overflow - please increase njmax to 76
nefc overflow - please increase njmax to 76
nefc overflow - please increase njmax to 76
nefc overflow - please increase njmax to 76
nefc overflow - please increase njmax to 76
nefc overflow - please increase njmax to 76
nefc overflow - please increase njmax to 76
nefc overflow - please increase njmax to 76
nefc overflow - please increase njmax to 76
nefc overflow - please increase njmax to 76
nefc overflow - please increase njmax to 76
nefc overflow - please increase njmax to 76
nefc overflow - please increase njmax to 76
nefc overflow - please increase njmax to 76
nefc overflow - please increase njmax to 76
nefc overflow - please increase njmax to 76
nefc overflow - please increase njmax to 76
nefc overflow - please increase njmax to 68
nefc overflow - please increase njmax to 68
nefc overflow - please increase njmax to 68
nefc overflow - please increase njmax to 68
nefc overflow - please increase njmax to 68
nefc overflow - please increase njmax to 68
nefc overflow - please increase njmax to 68
nefc overflow - please increase njmax to 68
nefc overflow - please increase njmax to 68
nefc overflow - please increase njmax to 68
nefc overflow - please increase njmax to 68
nefc overflow - please increase njmax to 68
nefc overflow - please increase njmax to 68
nefc overflow - please increase njmax to 68
nefc overflow - please increase njmax to 68
nefc overflow - please increase njmax to 68
nefc overflow - please increase njmax to 68
nefc overflow - please increase njmax to 68
nefc overflow - please increase njmax to 68
nefc overflow - please increase njmax to 68
nefc overflow - please increase njmax to 68
nefc overflow - please increase njmax to 68
nefc overflow - please increase njmax to 68
nefc overflow - please increase njmax to 68
nefc overflow - please increase njmax to 68
nefc overflow - please increase njmax to 68
nefc overflow - please increase njmax to 68
nefc overflow - please increase njmax to 68
nefc overflow - please increase njmax to 68
nefc overflow - please increase njmax to 68
nefc overflow - please increase njmax to 68
nefc overflow - please increase njmax to 68
nefc overflow - please increase njmax to 68
nefc overflow - please increase njmax to 68
nefc overflow - please increase njmax to 68
nefc overflow - please increase njmax to 68
nefc overflow - please increase njmax to 68
nefc overflow - please increase njmax to 68
nefc overflow - please increase njmax to 68
nefc overflow - please increase njmax to 68
nefc overflow - please increase njmax to 68
nefc overflow - please increase njmax to 68
nefc overflow - please increase njmax to 68
    c|jax      base_pos=2.040e-04+-8.7e-05  base_rot=1.056e-03+-3.2e-04  (n=10)
    c|warp     base_pos=4.024e-04+-1.2e-04  base_rot=1.839e-03+-4.7e-04  (n=10)
    jax|warp   base_pos=4.088e-04+-1.1e-04  base_rot=1.868e-03+-6.1e-04  (n=10)
[14/14] armature_scale=2.0 ...
nefc overflow - please increase njmax to 68
nefc overflow - please increase njmax to 68
nefc overflow - please increase njmax to 68
nefc overflow - please increase njmax to 68
nefc overflow - please increase njmax to 68
nefc overflow - please increase njmax to 68
nefc overflow - please increase njmax to 68
nefc overflow - please increase njmax to 68
nefc overflow - please increase njmax to 68
nefc overflow - please increase njmax to 68
nefc overflow - please increase njmax to 68
nefc overflow - please increase njmax to 68
nefc overflow - please increase njmax to 68
nefc overflow - please increase njmax to 68
nefc overflow - please increase njmax to 68
nefc overflow - please increase njmax to 68
nefc overflow - please increase njmax to 68
nefc overflow - please increase njmax to 72
nefc overflow - please increase njmax to 84
nefc overflow - please increase njmax to 84
nefc overflow - please increase njmax to 84
nefc overflow - please increase njmax to 84
nefc overflow - please increase njmax to 84
nefc overflow - please increase njmax to 84
nefc overflow - please increase njmax to 84
nefc overflow - please increase njmax to 80
nefc overflow - please increase njmax to 76
nefc overflow - please increase njmax to 76
nefc overflow - please increase njmax to 76
nefc overflow - please increase njmax to 76
nefc overflow - please increase njmax to 76
nefc overflow - please increase njmax to 76
nefc overflow - please increase njmax to 72
nefc overflow - please increase njmax to 72
nefc overflow - please increase njmax to 72
nefc overflow - please increase njmax to 72
nefc overflow - please increase njmax to 72
nefc overflow - please increase njmax to 76
nefc overflow - please increase njmax to 76
nefc overflow - please increase njmax to 76
nefc overflow - please increase njmax to 76
nefc overflow - please increase njmax to 76
nefc overflow - please increase njmax to 76
nefc overflow - please increase njmax to 76
nefc overflow - please increase njmax to 76
nefc overflow - please increase njmax to 76
nefc overflow - please increase njmax to 76
nefc overflow - please increase njmax to 76
nefc overflow - please increase njmax to 76
nefc overflow - please increase njmax to 76
nefc overflow - please increase njmax to 76
nefc overflow - please increase njmax to 76
nefc overflow - please increase njmax to 76
nefc overflow - please increase njmax to 76
nefc overflow - please increase njmax to 76
nefc overflow - please increase njmax to 76
nefc overflow - please increase njmax to 76
nefc overflow - please increase njmax to 76
nefc overflow - please increase njmax to 76
nefc overflow - please increase njmax to 76
nefc overflow - please increase njmax to 76
nefc overflow - please increase njmax to 76
nefc overflow - please increase njmax to 76
nefc overflow - please increase njmax to 76
nefc overflow - please increase njmax to 76
nefc overflow - please increase njmax to 76
nefc overflow - please increase njmax to 76
nefc overflow - please increase njmax to 76
nefc overflow - please increase njmax to 76
nefc overflow - please increase njmax to 76
nefc overflow - please increase njmax to 76
nefc overflow - please increase njmax to 76
nefc overflow - please increase njmax to 76
nefc overflow - please increase njmax to 76
nefc overflow - please increase njmax to 76
nefc overflow - please increase njmax to 76
nefc overflow - please increase njmax to 76
nefc overflow - please increase njmax to 76
nefc overflow - please increase njmax to 76
nefc overflow - please increase njmax to 76
nefc overflow - please increase njmax to 76
nefc overflow - please increase njmax to 76
nefc overflow - please increase njmax to 76
nefc overflow - please increase njmax to 76
nefc overflow - please increase njmax to 76
nefc overflow - please increase njmax to 76
nefc overflow - please increase njmax to 76
nefc overflow - please increase njmax to 76
nefc overflow - please increase njmax to 76
nefc overflow - please increase njmax to 76
nefc overflow - please increase njmax to 76
nefc overflow - please increase njmax to 76
nefc overflow - please increase njmax to 76
nefc overflow - please increase njmax to 76
nefc overflow - please increase njmax to 76
nefc overflow - please increase njmax to 76
nefc overflow - please increase njmax to 76
nefc overflow - please increase njmax to 76
nefc overflow - please increase njmax to 76
nefc overflow - please increase njmax to 76
nefc overflow - please increase njmax to 76
nefc overflow - please increase njmax to 76
nefc overflow - please increase njmax to 76
nefc overflow - please increase njmax to 76
nefc overflow - please increase njmax to 76
nefc overflow - please increase njmax to 76
nefc overflow - please increase njmax to 76
nefc overflow - please increase njmax to 76
nefc overflow - please increase njmax to 76
nefc overflow - please increase njmax to 76
nefc overflow - please increase njmax to 76
nefc overflow - please increase njmax to 76
nefc overflow - please increase njmax to 76
nefc overflow - please increase njmax to 76
nefc overflow - please increase njmax to 76
nefc overflow - please increase njmax to 76
nefc overflow - please increase njmax to 76
nefc overflow - please increase njmax to 76
nefc overflow - please increase njmax to 76
nefc overflow - please increase njmax to 76
nefc overflow - please increase njmax to 76
nefc overflow - please increase njmax to 76
nefc overflow - please increase njmax to 76
nefc overflow - please increase njmax to 76
nefc overflow - please increase njmax to 76
nefc overflow - please increase njmax to 76
nefc overflow - please increase njmax to 76
nefc overflow - please increase njmax to 76
nefc overflow - please increase njmax to 76
nefc overflow - please increase njmax to 76
nefc overflow - please increase njmax to 76
nefc overflow - please increase njmax to 76
nefc overflow - please increase njmax to 76
nefc overflow - please increase njmax to 76
nefc overflow - please increase njmax to 76
nefc overflow - please increase njmax to 76
nefc overflow - please increase njmax to 76
nefc overflow - please increase njmax to 76
nefc overflow - please increase njmax to 76
nefc overflow - please increase njmax to 76
nefc overflow - please increase njmax to 76
nefc overflow - please increase njmax to 76
nefc overflow - please increase njmax to 76
nefc overflow - please increase njmax to 76
nefc overflow - please increase njmax to 76
nefc overflow - please increase njmax to 76
nefc overflow - please increase njmax to 76
nefc overflow - please increase njmax to 76
nefc overflow - please increase njmax to 76
nefc overflow - please increase njmax to 76
nefc overflow - please increase njmax to 76
nefc overflow - please increase njmax to 76
nefc overflow - please increase njmax to 76
nefc overflow - please increase njmax to 76
nefc overflow - please increase njmax to 76
nefc overflow - please increase njmax to 76
nefc overflow - please increase njmax to 76
nefc overflow - please increase njmax to 76
nefc overflow - please increase njmax to 76
nefc overflow - please increase njmax to 76
nefc overflow - please increase njmax to 76
nefc overflow - please increase njmax to 76
nefc overflow - please increase njmax to 76
nefc overflow - please increase njmax to 76
nefc overflow - please increase njmax to 76
nefc overflow - please increase njmax to 76
nefc overflow - please increase njmax to 76
nefc overflow - please increase njmax to 76
nefc overflow - please increase njmax to 76
nefc overflow - please increase njmax to 76
nefc overflow - please increase njmax to 76
nefc overflow - please increase njmax to 76
nefc overflow - please increase njmax to 76
nefc overflow - please increase njmax to 76
nefc overflow - please increase njmax to 76
nefc overflow - please increase njmax to 76
nefc overflow - please increase njmax to 76
nefc overflow - please increase njmax to 76
nefc overflow - please increase njmax to 76
nefc overflow - please increase njmax to 76
nefc overflow - please increase njmax to 76
nefc overflow - please increase njmax to 76
nefc overflow - please increase njmax to 76
nefc overflow - please increase njmax to 76
nefc overflow - please increase njmax to 76
nefc overflow - please increase njmax to 76
nefc overflow - please increase njmax to 76
nefc overflow - please increase njmax to 76
nefc overflow - please increase njmax to 76
nefc overflow - please increase njmax to 76
nefc overflow - please increase njmax to 76
nefc overflow - please increase njmax to 76
nefc overflow - please increase njmax to 76
nefc overflow - please increase njmax to 76
nefc overflow - please increase njmax to 76
nefc overflow - please increase njmax to 76
nefc overflow - please increase njmax to 76
nefc overflow - please increase njmax to 76
nefc overflow - please increase njmax to 76
nefc overflow - please increase njmax to 76
nefc overflow - please increase njmax to 76
nefc overflow - please increase njmax to 76
nefc overflow - please increase njmax to 76
nefc overflow - please increase njmax to 76
nefc overflow - please increase njmax to 76
nefc overflow - please increase njmax to 76
nefc overflow - please increase njmax to 76
nefc overflow - please increase njmax to 76
nefc overflow - please increase njmax to 76
nefc overflow - please increase njmax to 76
nefc overflow - please increase njmax to 76
nefc overflow - please increase njmax to 76
nefc overflow - please increase njmax to 76
nefc overflow - please increase njmax to 76
nefc overflow - please increase njmax to 84
nefc overflow - please increase njmax to 84
nefc overflow - please increase njmax to 84
nefc overflow - please increase njmax to 84
nefc overflow - please increase njmax to 84
nefc overflow - please increase njmax to 84
nefc overflow - please increase njmax to 84
nefc overflow - please increase njmax to 84
nefc overflow - please increase njmax to 84
nefc overflow - please increase njmax to 84
nefc overflow - please increase njmax to 84
nefc overflow - please increase njmax to 76
nefc overflow - please increase njmax to 76
nefc overflow - please increase njmax to 76
nefc overflow - please increase njmax to 76
nefc overflow - please increase njmax to 76
nefc overflow - please increase njmax to 76
nefc overflow - please increase njmax to 72
nefc overflow - please increase njmax to 72
nefc overflow - please increase njmax to 68
nefc overflow - please increase njmax to 68
nefc overflow - please increase njmax to 68
nefc overflow - please increase njmax to 68
nefc overflow - please increase njmax to 68
nefc overflow - please increase njmax to 68
nefc overflow - please increase njmax to 68
nefc overflow - please increase njmax to 68
nefc overflow - please increase njmax to 68
nefc overflow - please increase njmax to 68
nefc overflow - please increase njmax to 68
nefc overflow - please increase njmax to 68
nefc overflow - please increase njmax to 68
nefc overflow - please increase njmax to 68
nefc overflow - please increase njmax to 68
nefc overflow - please increase njmax to 68
nefc overflow - please increase njmax to 68
nefc overflow - please increase njmax to 68
nefc overflow - please increase njmax to 68
nefc overflow - please increase njmax to 68
nefc overflow - please increase njmax to 68
nefc overflow - please increase njmax to 72
nefc overflow - please increase njmax to 84
nefc overflow - please increase njmax to 84
nefc overflow - please increase njmax to 84
nefc overflow - please increase njmax to 84
nefc overflow - please increase njmax to 84
nefc overflow - please increase njmax to 84
nefc overflow - please increase njmax to 84
nefc overflow - please increase njmax to 84
nefc overflow - please increase njmax to 84
nefc overflow - please increase njmax to 84
nefc overflow - please increase njmax to 84
nefc overflow - please increase njmax to 84
nefc overflow - please increase njmax to 84
nefc overflow - please increase njmax to 84
nefc overflow - please increase njmax to 84
nefc overflow - please increase njmax to 84
nefc overflow - please increase njmax to 80
nefc overflow - please increase njmax to 80
nefc overflow - please increase njmax to 80
nefc overflow - please increase njmax to 76
nefc overflow - please increase njmax to 76
nefc overflow - please increase njmax to 76
nefc overflow - please increase njmax to 76
nefc overflow - please increase njmax to 76
nefc overflow - please increase njmax to 76
nefc overflow - please increase njmax to 76
nefc overflow - please increase njmax to 76
nefc overflow - please increase njmax to 76
nefc overflow - please increase njmax to 76
nefc overflow - please increase njmax to 76
nefc overflow - please increase njmax to 76
nefc overflow - please increase njmax to 76
nefc overflow - please increase njmax to 76
nefc overflow - please increase njmax to 76
nefc overflow - please increase njmax to 76
nefc overflow - please increase njmax to 76
nefc overflow - please increase njmax to 76
nefc overflow - please increase njmax to 76
nefc overflow - please increase njmax to 76
nefc overflow - please increase njmax to 76
nefc overflow - please increase njmax to 76
nefc overflow - please increase njmax to 76
nefc overflow - please increase njmax to 76
nefc overflow - please increase njmax to 76
nefc overflow - please increase njmax to 76
nefc overflow - please increase njmax to 76
nefc overflow - please increase njmax to 76
nefc overflow - please increase njmax to 76
nefc overflow - please increase njmax to 76
nefc overflow - please increase njmax to 76
nefc overflow - please increase njmax to 76
nefc overflow - please increase njmax to 76
nefc overflow - please increase njmax to 76
nefc overflow - please increase njmax to 76
nefc overflow - please increase njmax to 76
nefc overflow - please increase njmax to 76
nefc overflow - please increase njmax to 76
nefc overflow - please increase njmax to 76
nefc overflow - please increase njmax to 76
nefc overflow - please increase njmax to 76
nefc overflow - please increase njmax to 76
nefc overflow - please increase njmax to 76
nefc overflow - please increase njmax to 76
nefc overflow - please increase njmax to 76
nefc overflow - please increase njmax to 76
nefc overflow - please increase njmax to 76
nefc overflow - please increase njmax to 76
nefc overflow - please increase njmax to 76
nefc overflow - please increase njmax to 76
nefc overflow - please increase njmax to 76
nefc overflow - please increase njmax to 76
nefc overflow - please increase njmax to 76
nefc overflow - please increase njmax to 76
nefc overflow - please increase njmax to 76
nefc overflow - please increase njmax to 76
nefc overflow - please increase njmax to 76
nefc overflow - please increase njmax to 76
nefc overflow - please increase njmax to 76
nefc overflow - please increase njmax to 76
nefc overflow - please increase njmax to 76
nefc overflow - please increase njmax to 76
nefc overflow - please increase njmax to 76
nefc overflow - please increase njmax to 76
nefc overflow - please increase njmax to 76
nefc overflow - please increase njmax to 76
nefc overflow - please increase njmax to 76
nefc overflow - please increase njmax to 76
nefc overflow - please increase njmax to 76
nefc overflow - please increase njmax to 76
nefc overflow - please increase njmax to 76
nefc overflow - please increase njmax to 76
nefc overflow - please increase njmax to 76
nefc overflow - please increase njmax to 76
nefc overflow - please increase njmax to 76
nefc overflow - please increase njmax to 76
nefc overflow - please increase njmax to 76
nefc overflow - please increase njmax to 76
nefc overflow - please increase njmax to 76
nefc overflow - please increase njmax to 76
nefc overflow - please increase njmax to 76
nefc overflow - please increase njmax to 76
nefc overflow - please increase njmax to 76
nefc overflow - please increase njmax to 76
nefc overflow - please increase njmax to 76
nefc overflow - please increase njmax to 76
nefc overflow - please increase njmax to 76
nefc overflow - please increase njmax to 76
nefc overflow - please increase njmax to 76
nefc overflow - please increase njmax to 76
nefc overflow - please increase njmax to 76
nefc overflow - please increase njmax to 76
nefc overflow - please increase njmax to 76
nefc overflow - please increase njmax to 76
nefc overflow - please increase njmax to 76
nefc overflow - please increase njmax to 76
nefc overflow - please increase njmax to 76
nefc overflow - please increase njmax to 76
nefc overflow - please increase njmax to 76
nefc overflow - please increase njmax to 76
nefc overflow - please increase njmax to 76
nefc overflow - please increase njmax to 76
nefc overflow - please increase njmax to 76
nefc overflow - please increase njmax to 76
nefc overflow - please increase njmax to 76
nefc overflow - please increase njmax to 76
nefc overflow - please increase njmax to 76
nefc overflow - please increase njmax to 76
nefc overflow - please increase njmax to 76
nefc overflow - please increase njmax to 76
nefc overflow - please increase njmax to 76
nefc overflow - please increase njmax to 76
nefc overflow - please increase njmax to 76
nefc overflow - please increase njmax to 76
nefc overflow - please increase njmax to 76
nefc overflow - please increase njmax to 76
nefc overflow - please increase njmax to 76
nefc overflow - please increase njmax to 76
nefc overflow - please increase njmax to 76
nefc overflow - please increase njmax to 76
nefc overflow - please increase njmax to 76
nefc overflow - please increase njmax to 76
nefc overflow - please increase njmax to 76
nefc overflow - please increase njmax to 76
nefc overflow - please increase njmax to 76
nefc overflow - please increase njmax to 76
nefc overflow - please increase njmax to 76
nefc overflow - please increase njmax to 76
nefc overflow - please increase njmax to 76
nefc overflow - please increase njmax to 76
nefc overflow - please increase njmax to 76
nefc overflow - please increase njmax to 76
nefc overflow - please increase njmax to 76
nefc overflow - please increase njmax to 76
nefc overflow - please increase njmax to 76
nefc overflow - please increase njmax to 76
nefc overflow - please increase njmax to 76
nefc overflow - please increase njmax to 76
nefc overflow - please increase njmax to 76
nefc overflow - please increase njmax to 76
nefc overflow - please increase njmax to 76
nefc overflow - please increase njmax to 76
nefc overflow - please increase njmax to 76
nefc overflow - please increase njmax to 76
nefc overflow - please increase njmax to 76
nefc overflow - please increase njmax to 76
nefc overflow - please increase njmax to 76
nefc overflow - please increase njmax to 76
nefc overflow - please increase njmax to 76
nefc overflow - please increase njmax to 76
nefc overflow - please increase njmax to 76
nefc overflow - please increase njmax to 76
nefc overflow - please increase njmax to 76
nefc overflow - please increase njmax to 76
nefc overflow - please increase njmax to 76
nefc overflow - please increase njmax to 76
nefc overflow - please increase njmax to 76
nefc overflow - please increase njmax to 76
nefc overflow - please increase njmax to 76
nefc overflow - please increase njmax to 76
nefc overflow - please increase njmax to 76
nefc overflow - please increase njmax to 76
nefc overflow - please increase njmax to 76
nefc overflow - please increase njmax to 76
nefc overflow - please increase njmax to 76
nefc overflow - please increase njmax to 76
nefc overflow - please increase njmax to 76
nefc overflow - please increase njmax to 76
nefc overflow - please increase njmax to 76
nefc overflow - please increase njmax to 76
nefc overflow - please increase njmax to 76
nefc overflow - please increase njmax to 76
nefc overflow - please increase njmax to 76
nefc overflow - please increase njmax to 76
nefc overflow - please increase njmax to 76
nefc overflow - please increase njmax to 76
nefc overflow - please increase njmax to 76
nefc overflow - please increase njmax to 76
nefc overflow - please increase njmax to 76
nefc overflow - please increase njmax to 76
nefc overflow - please increase njmax to 68
nefc overflow - please increase njmax to 68
nefc overflow - please increase njmax to 68
nefc overflow - please increase njmax to 68
nefc overflow - please increase njmax to 68
nefc overflow - please increase njmax to 68
nefc overflow - please increase njmax to 68
nefc overflow - please increase njmax to 68
nefc overflow - please increase njmax to 68
nefc overflow - please increase njmax to 68
nefc overflow - please increase njmax to 68
nefc overflow - please increase njmax to 68
nefc overflow - please increase njmax to 68
nefc overflow - please increase njmax to 68
nefc overflow - please increase njmax to 68
nefc overflow - please increase njmax to 68
nefc overflow - please increase njmax to 68
nefc overflow - please increase njmax to 68
nefc overflow - please increase njmax to 68
nefc overflow - please increase njmax to 68
nefc overflow - please increase njmax to 68
nefc overflow - please increase njmax to 68
nefc overflow - please increase njmax to 68
nefc overflow - please increase njmax to 68
nefc overflow - please increase njmax to 68
nefc overflow - please increase njmax to 68
nefc overflow - please increase njmax to 68
nefc overflow - please increase njmax to 68
nefc overflow - please increase njmax to 68
nefc overflow - please increase njmax to 68
nefc overflow - please increase njmax to 68
nefc overflow - please increase njmax to 68
nefc overflow - please increase njmax to 68
nefc overflow - please increase njmax to 68
nefc overflow - please increase njmax to 68
nefc overflow - please increase njmax to 68
nefc overflow - please increase njmax to 68
nefc overflow - please increase njmax to 68
nefc overflow - please increase njmax to 68
nefc overflow - please increase njmax to 68
nefc overflow - please increase njmax to 68
nefc overflow - please increase njmax to 68
nefc overflow - please increase njmax to 68
nefc overflow - please increase njmax to 68
nefc overflow - please increase njmax to 68
nefc overflow - please increase njmax to 68
nefc overflow - please increase njmax to 68
nefc overflow - please increase njmax to 68
nefc overflow - please increase njmax to 68
nefc overflow - please increase njmax to 68
nefc overflow - please increase njmax to 68
nefc overflow - please increase njmax to 68
nefc overflow - please increase njmax to 68
nefc overflow - please increase njmax to 68
nefc overflow - please increase njmax to 68
nefc overflow - please increase njmax to 68
nefc overflow - please increase njmax to 68
nefc overflow - please increase njmax to 68
nefc overflow - please increase njmax to 68
nefc overflow - please increase njmax to 68
nefc overflow - please increase njmax to 68
nefc overflow - please increase njmax to 68
nefc overflow - please increase njmax to 68
nefc overflow - please increase njmax to 72
nefc overflow - please increase njmax to 72
nefc overflow - please increase njmax to 72
nefc overflow - please increase njmax to 68
nefc overflow - please increase njmax to 72
nefc overflow - please increase njmax to 72
nefc overflow - please increase njmax to 72
nefc overflow - please increase njmax to 72
nefc overflow - please increase njmax to 72
nefc overflow - please increase njmax to 72
nefc overflow - please increase njmax to 72
nefc overflow - please increase njmax to 72
nefc overflow - please increase njmax to 72
nefc overflow - please increase njmax to 72
nefc overflow - please increase njmax to 72
nefc overflow - please increase njmax to 72
nefc overflow - please increase njmax to 72
nefc overflow - please increase njmax to 72
nefc overflow - please increase njmax to 72
nefc overflow - please increase njmax to 72
nefc overflow - please increase njmax to 72
nefc overflow - please increase njmax to 72
nefc overflow - please increase njmax to 72
nefc overflow - please increase njmax to 72
nefc overflow - please increase njmax to 72
nefc overflow - please increase njmax to 72
nefc overflow - please increase njmax to 72
nefc overflow - please increase njmax to 72
nefc overflow - please increase njmax to 72
nefc overflow - please increase njmax to 72
nefc overflow - please increase njmax to 72
nefc overflow - please increase njmax to 72
nefc overflow - please increase njmax to 72
nefc overflow - please increase njmax to 72
nefc overflow - please increase njmax to 72
nefc overflow - please increase njmax to 68
nefc overflow - please increase njmax to 68
nefc overflow - please increase njmax to 68
nefc overflow - please increase njmax to 68
nefc overflow - please increase njmax to 68
nefc overflow - please increase njmax to 68
nefc overflow - please increase njmax to 76
nefc overflow - please increase njmax to 76
nefc overflow - please increase njmax to 76
nefc overflow - please increase njmax to 76
nefc overflow - please increase njmax to 76
nefc overflow - please increase njmax to 80
nefc overflow - please increase njmax to 80
nefc overflow - please increase njmax to 76
nefc overflow - please increase njmax to 72
nefc overflow - please increase njmax to 72
nefc overflow - please increase njmax to 76
nefc overflow - please increase njmax to 76
nefc overflow - please increase njmax to 76
nefc overflow - please increase njmax to 76
nefc overflow - please increase njmax to 76
nefc overflow - please increase njmax to 76
nefc overflow - please increase njmax to 76
nefc overflow - please increase njmax to 76
nefc overflow - please increase njmax to 76
nefc overflow - please increase njmax to 76
nefc overflow - please increase njmax to 76
nefc overflow - please increase njmax to 76
nefc overflow - please increase njmax to 76
nefc overflow - please increase njmax to 76
nefc overflow - please increase njmax to 76
nefc overflow - please increase njmax to 76
nefc overflow - please increase njmax to 76
nefc overflow - please increase njmax to 76
nefc overflow - please increase njmax to 76
nefc overflow - please increase njmax to 76
nefc overflow - please increase njmax to 76
nefc overflow - please increase njmax to 76
nefc overflow - please increase njmax to 76
nefc overflow - please increase njmax to 76
nefc overflow - please increase njmax to 76
nefc overflow - please increase njmax to 72
nefc overflow - please increase njmax to 72
nefc overflow - please increase njmax to 72
nefc overflow - please increase njmax to 72
nefc overflow - please increase njmax to 72
nefc overflow - please increase njmax to 72
nefc overflow - please increase njmax to 72
nefc overflow - please increase njmax to 72
nefc overflow - please increase njmax to 72
nefc overflow - please increase njmax to 72
nefc overflow - please increase njmax to 72
nefc overflow - please increase njmax to 72
nefc overflow - please increase njmax to 68
nefc overflow - please increase njmax to 68
nefc overflow - please increase njmax to 68
nefc overflow - please increase njmax to 68
    c|jax      base_pos=9.281e-05+-3.1e-05  base_rot=7.065e-04+-3.7e-04  (n=10)
    c|warp     base_pos=4.150e-04+-1.5e-04  base_rot=2.076e-03+-7.3e-04  (n=10)
    jax|warp   base_pos=4.492e-04+-1.6e-04  base_rot=2.561e-03+-1.1e-03  (n=10)
[saved] /home/keyu/Downloads/Biped-Locomotion-via-RL/results/divergence_Op3Joystick.json
[saved] /home/keyu/Downloads/Biped-Locomotion-via-RL/results/traj_Op3Joystick.npz
wandb: updating run metadata
wandb: uploading output.log; uploading wandb-summary.json; uploading config.yaml
wandb: uploading wandb-summary.json; uploading config.yaml
wandb: uploading summary, console lines 109-113
wandb: 
wandb: Run summary:
wandb:       armature_scale=0.5/c|jax/base_pos_err_m 0.0002
wandb:   armature_scale=0.5/c|jax/base_pos_err_m_sem 9e-05
wandb:     armature_scale=0.5/c|jax/base_rot_err_rad 0.00106
wandb: armature_scale=0.5/c|jax/base_rot_err_rad_sem 0.00032
wandb:       armature_scale=0.5/c|jax/joint_rmse_rad 0.00034
wandb:   armature_scale=0.5/c|jax/joint_rmse_rad_sem 7e-05
wandb:            armature_scale=0.5/c|jax/qvel_rmse 0.00022
wandb:        armature_scale=0.5/c|jax/qvel_rmse_sem 5e-05
wandb:      armature_scale=0.5/c|warp/base_pos_err_m 0.0004
wandb:  armature_scale=0.5/c|warp/base_pos_err_m_sem 0.00012
wandb:                                          +326 ...
wandb: 
wandb: 🚀 View run divergence_Op3Joystick at: https://wandb.ai/jaiswalkhushi2911-coep-technological-university-/biped-sim2sim/runs/xpg0oyku
wandb: ⭐️ View project at: https://wandb.ai/jaiswalkhushi2911-coep-technological-university-/biped-sim2sim
wandb: Synced 5 W&B file(s), 0 media file(s), 0 artifact file(s) and 0 other file(s)
wandb: Find logs at: ./wandb/run-20260806_233305-xpg0oyku/logs
[cooldown] 120s

=== CROSS-EMBODIMENT DONE 2026-08-07T00:02:49+05:30 ===
